"dx","opname","optype","approach","position","count","ml_base_category","ml_confidence_pct","Level1_magnitude","Level2_domain","Level3_approach","Level4_subtype","Level5_modifiers","Level6_secondary_variables"
"Early gastric cancer","Distal gastrectomy","Stomach","Videoscopic","Supine","132","Stomach","72.0","Major","Abdominal / GI","Laparoscopic","Gastric Resection","Malignancy | Primary | Supine","Est.Duration:2-5hr"
"Lung cancer right","Lung lobectomy","Major resection","Videoscopic","Left lateral decubitus","119","Major resection","70.8","Major","Thoracic","Laparoscopic","Thoracic Resection","Malignancy | Primary | Lateral Decubitus","Est.Duration:2-4hr"
"Gallbladder stone without obstruction","Cholecystectomy","Biliary/Pancreas","Videoscopic","Supine","102","Biliary/Pancreas","62.7","Major","Abdominal / GI","Laparoscopic","Cystoscopy / TURBT","Benign/Non-malignant | Primary | Supine","Est.Duration:<2hr"
"End stage renal disease","Kidney transplantation","Transplantation","Open","Supine","83","Transplantation","63.2","Major","Urology","Open","Transplant / Major Reconstruction","Benign/Non-malignant | Primary | Transplant/Reconstruction | Supine","Est.Duration:3-6hr"
"Lung cancer left","Lung lobectomy","Major resection","Videoscopic","Right lateral decubitus","68","Major resection","71.5","Major","Thoracic","Laparoscopic","Thoracic Resection","Malignancy | Primary | Lateral Decubitus","Est.Duration:2-4hr"
"Colon cancer, sigmoid","Anterior resection","Colorectal","Videoscopic","Lithotomy","62","Colorectal","72.0","Major","Abdominal / GI","Laparoscopic","Colectomy / Bowel Resection","Malignancy | Primary | Lithotomy","Est.Duration:1-3hr"
"Varicose vein of lower limb","Ligation and stripping","Vascular","Open","Supine","61","Vascular","70.9","Minor","Vascular","Open","Vascular Reconstruction","Benign/Non-malignant | Primary | Supine","Est.Duration:1-3hr"
"Infiltrating ductal carcinoma of breast right","Breast-conserving surgery","Breast","Open","Supine","58","Breast","56.9","Major","ENT / Head & Neck","Open","Breast Surgery","Malignancy | Primary | Supine","Est.Duration:1-3hr"
"Thyroid nodule","Thyroid lobectomy","Thyroid","Open","Supine","58","Thyroid","75.6","Major","ENT / Head & Neck","Open","Thyroid / Parathyroid","Benign/Non-malignant | Primary | Supine","Est.Duration:1-3hr"
"Early gastric cancer","Distal gastrectomy","Stomach","Videoscopic","Supine","55","Stomach","72.0","Major","Abdominal / GI","Laparoscopic","Gastric Resection","Malignancy | Primary | Supine","Est.Duration:2-5hr"
"Inguinal hernia not specified as recurrent","Hernia repair","Colorectal","Open","Supine","54","Colorectal","60.1","Minor","Abdominal / GI","Open","Colectomy / Bowel Resection","Benign/Non-malignant | Revision | Supine","Est.Duration:<2hr"
"Thyroid nodule","Total thyroidectomy","Thyroid","Open","Supine","52","Thyroid","77.1","Major","ENT / Head & Neck","Open","Thyroid / Parathyroid","Benign/Non-malignant | Primary | Supine","Est.Duration:2-4hr"
"Breast cancer right","Breast-conserving surgery","Breast","Open","Supine","48","Breast","76.9","Major","ENT / Head & Neck","Open","Breast Surgery","Malignancy | Primary | Supine","Est.Duration:1-3hr"
"Colon cancer, sigmoid","Anterior resection","Colorectal","Open","Lithotomy","42","Colorectal","60.2","Major","Abdominal / GI","Open","Colectomy / Bowel Resection","Malignancy | Primary | Lithotomy","Est.Duration:1-3hr"
"Early gastric cancer","Pylorus preserving gastrectomy","Stomach","Videoscopic","Supine","41","Stomach","78.6","Major","Abdominal / GI","Laparoscopic","Gastric Resection","Malignancy | Primary | Supine","Est.Duration:2-5hr"
"Colon cancer, ascending","Hemicolectomy","Colorectal","Open","Supine","41","Colorectal","66.8","Major","Abdominal / GI","Open","Colectomy / Bowel Resection","Malignancy | Primary | Supine","Est.Duration:2-4hr"
"Acute cholecystitis","Cholecystectomy","Biliary/Pancreas","Videoscopic","Supine","40","Biliary/Pancreas","70.3","Major","Abdominal / GI","Laparoscopic","Cystoscopy / TURBT","Benign/Non-malignant | Primary | Supine","Est.Duration:<2hr"
"Gallbladder polyp","Cholecystectomy","Biliary/Pancreas","Videoscopic","Supine","40","Biliary/Pancreas","71.6","Major","Abdominal / GI","Laparoscopic","Cystoscopy / TURBT","Benign/Non-malignant | Primary | Supine","Est.Duration:<2hr"
"Advanced gastric cancer","Distal gastrectomy","Stomach","Videoscopic","Supine","37","Stomach","70.3","Major","Abdominal / GI","Laparoscopic","Gastric Resection","Malignancy | Primary | Supine","Est.Duration:2-5hr"
"Hepatocellular carcinoma","Liver transplantation","Transplantation","Open","Supine","35","Transplantation","71.7","Major","Abdominal / GI","Open","Hepatobiliary / Pancreatic Resection","Malignancy | Primary | Transplant/Reconstruction | Supine","Est.Duration:>6hr"
"Infiltrating ductal carcinoma of breast left","Breast-conserving surgery","Breast","Open","Supine","35","Breast","56.9","Major","ENT / Head & Neck","Open","Breast Surgery","Malignancy | Primary | Supine","Est.Duration:1-3hr"
"Living liver donor","Donor hepatectomy","Transplantation","Videoscopic","Lithotomy","33","Transplantation","63.0","Major","Abdominal / GI","Laparoscopic","Hepatobiliary / Pancreatic Resection","Benign/Non-malignant | Primary | Lithotomy","Est.Duration:>6hr"
"Breast cancer left","Breast-conserving surgery","Breast","Open","Supine","32","Breast","77.5","Major","ENT / Head & Neck","Open","Breast Surgery","Malignancy | Primary | Supine","Est.Duration:1-3hr"
"Rectal cancer","Low anterior resection","Colorectal","Open","Lithotomy","31","Colorectal","66.8","Major","Abdominal / GI","Open","Colectomy / Bowel Resection","Malignancy | Primary | Lithotomy","Est.Duration:2-4hr"
"Symptomatic gallbladder stone without obstruction","Cholecystectomy","Biliary/Pancreas","Videoscopic","Supine","30","Biliary/Pancreas","62.8","Major","Abdominal / GI","Laparoscopic","Cystoscopy / TURBT","Benign/Non-malignant | Primary | Supine","Est.Duration:<2hr"
"Rectal cancer","Ileostomy repair","Colorectal","Open","Supine","29","Colorectal","75.7","Minor","Abdominal / GI","Open","Colectomy / Bowel Resection","Malignancy | Revision | Supine","Est.Duration:<2hr"
"Incisional hernia","Incisional hernia repair","Colorectal","Open","Supine","29","Colorectal","73.0","Minor","Abdominal / GI","Open","Colectomy / Bowel Resection","Benign/Non-malignant | Revision | Supine","Est.Duration:<2hr"
"Breast cancer unspecified side","Breast-conserving surgery","Breast","Open","Supine","28","Breast","56.9","Major","ENT / Head & Neck","Open","Breast Surgery","Malignancy | Primary | Supine","Est.Duration:1-3hr"
"Gallbladder polyp","Cholecystectomy","Biliary/Pancreas","Videoscopic","Supine","27","Biliary/Pancreas","71.6","Major","Abdominal / GI","Laparoscopic","Cystoscopy / TURBT","Benign/Non-malignant | Primary | Supine","Est.Duration:<2hr"
"Living liver donor","Donor hepatectomy","Transplantation","Videoscopic","Supine","27","Transplantation","63.0","Major","Abdominal / GI","Laparoscopic","Hepatobiliary / Pancreatic Resection","Benign/Non-malignant | Primary | Supine","Est.Duration:>6hr"
"Thyroid nodule","Thyroid lobectomy","Thyroid","Open","Supine","27","Thyroid","75.6","Major","ENT / Head & Neck","Open","Thyroid / Parathyroid","Benign/Non-malignant | Primary | Supine","Est.Duration:1-3hr"
"Gallbladder stone","Cholecystectomy","Biliary/Pancreas","Videoscopic","Supine","26","Biliary/Pancreas","71.6","Major","Abdominal / GI","Laparoscopic","Cystoscopy / TURBT","Benign/Non-malignant | Primary | Supine","Est.Duration:<2hr"
"Advanced gastric cancer","Total gastrectomy","Stomach","Open","Supine","26","Stomach","80.5","Major","Abdominal / GI","Open","Gastric Resection","Malignancy | Primary | Supine","Est.Duration:2-5hr"
"Varicose vein of lower limb","Ligation and stripping","Vascular","Open","Supine","26","Vascular","70.9","Minor","Vascular","Open","Vascular Reconstruction","Benign/Non-malignant | Primary | Supine","Est.Duration:1-3hr"
"Prostate cancer","Radical prostatectomy","Major resection","Robotic","Lithotomy","25","Major resection","77.5","Major","Urology","Robotic","Other Procedure","Malignancy | Primary | Lithotomy","Est.Duration:2-5hr"
"Pancreatic cancer","Pylorus preserving pancreaticoduodenectomy","Biliary/Pancreas","Open","Supine","25","Biliary/Pancreas","84.4","Major","Abdominal / GI","Open","Hepatobiliary / Pancreatic Resection","Malignancy | Primary | Supine","Est.Duration:>6hr"
"Ileostomy status","Ileostomy repair","Colorectal","Open","Supine","25","Colorectal","57.7","Minor","Abdominal / GI","Open","Colectomy / Bowel Resection","Benign/Non-malignant | Revision | Supine","Est.Duration:<2hr"
"Colon cancer, ascending","Hemicolectomy","Colorectal","Videoscopic","Lithotomy","25","Colorectal","66.8","Major","Abdominal / GI","Laparoscopic","Colectomy / Bowel Resection","Malignancy | Primary | Lithotomy","Est.Duration:2-4hr"
"Gallbladder stone with cholecystitis without obstruction","Cholecystectomy","Biliary/Pancreas","Videoscopic","Supine","22","Others","56.8","Major","Urology","Laparoscopic","Cystoscopy / TURBT","Benign/Non-malignant | Primary | Supine","Est.Duration:<2hr"
"Prostate cancer","Radical prostatectomy","Major resection","Robotic","Lithotomy","21","Major resection","77.5","Major","Urology","Robotic","Other Procedure","Malignancy | Primary | Lithotomy","Est.Duration:2-5hr"
"Kidney donor, live related","Donor nephrectomy","Transplantation","Videoscopic","Right lateral decubitus","21","Transplantation","71.2","Major","Urology","Laparoscopic","Transplant / Major Reconstruction","Benign/Non-malignant | Primary | Lateral Decubitus","Est.Duration:2-4hr"
"Abnormal chest CT, lung nodule","Lung wedge resection","Minor resection","Videoscopic","Left lateral decubitus","21","Minor resection","68.8","Major","Thoracic","Laparoscopic","Thoracic Resection","Benign/Non-malignant | Primary | Lateral Decubitus","Est.Duration:2-4hr"
"Rectal cancer","Low anterior resection","Colorectal","Open","Lithotomy","21","Colorectal","66.8","Major","Abdominal / GI","Open","Colectomy / Bowel Resection","Malignancy | Primary | Lithotomy","Est.Duration:2-4hr"
"Hepatocellular carcinoma","Hemihepatectomy","Hepatic","Open","Supine","21","Hepatic","67.5","Major","Abdominal / GI","Open","Hepatobiliary / Pancreatic Resection","Malignancy | Primary | Supine","Est.Duration:3-6hr"
"Kidney donor","Donor nephrectomy","Transplantation","Videoscopic","Right lateral decubitus","21","Transplantation","72.6","Major","Urology","Laparoscopic","Transplant / Major Reconstruction","Benign/Non-malignant | Primary | Lateral Decubitus","Est.Duration:2-4hr"
"Gallbladder stone with obstruction","Cholecystectomy","Biliary/Pancreas","Videoscopic","Supine","20","Biliary/Pancreas","63.6","Major","Abdominal / GI","Laparoscopic","Cystoscopy / TURBT","Benign/Non-malignant | Primary | Supine","Est.Duration:<2hr"
"Rectal cancer","Low anterior resection","Colorectal","Videoscopic","Lithotomy","20","Colorectal","79.8","Major","Abdominal / GI","Laparoscopic","Colectomy / Bowel Resection","Malignancy | Primary | Lithotomy","Est.Duration:2-4hr"
"Thyroid nodule","Total thyroidectomy","Thyroid","Open","Supine","20","Thyroid","77.1","Major","ENT / Head & Neck","Open","Thyroid / Parathyroid","Benign/Non-malignant | Primary | Supine","Est.Duration:2-4hr"
"Early gastric cancer","Total gastrectomy","Stomach","Videoscopic","Supine","20","Stomach","71.3","Major","Abdominal / GI","Laparoscopic","Gastric Resection","Malignancy | Primary | Supine","Est.Duration:2-5hr"
"Advanced gastric cancer","Distal gastrectomy","Stomach","Videoscopic","Supine","19","Stomach","70.3","Major","Abdominal / GI","Laparoscopic","Gastric Resection","Malignancy | Primary | Supine","Est.Duration:2-5hr"
"Papillary thyroid carcinoma","Total thyroidectomy","Thyroid","Robotic","Supine","18","Thyroid","69.0","Major","ENT / Head & Neck","Robotic","Thyroid / Parathyroid","Malignancy | Primary | Supine","Est.Duration:2-4hr"
"Abnormal chest CT, lung nodule","Lung wedge resection","Minor resection","Videoscopic","Right lateral decubitus","18","Minor resection","68.8","Major","Thoracic","Laparoscopic","Thoracic Resection","Benign/Non-malignant | Primary | Lateral Decubitus","Est.Duration:2-4hr"
"Advanced gastric cancer","Diagnostic laparoscopy","Others","Videoscopic","Supine","17","Others","72.9","Minor","Soft Tissue / Access / Misc","Laparoscopic","Other Procedure","Malignancy | Primary | Supine","Est.Duration:2-5hr"
"Ovarian cyst","Ovarian cystectomy","Major resection","Videoscopic","Lithotomy","17","Major resection","78.2","Major","Abdominal / GI","Laparoscopic","Cystoscopy / TURBT","Benign/Non-malignant | Primary | Lithotomy","Est.Duration:1-3hr"
"Solitary pulmonary nodule","Lung wedge resection","Minor resection","Videoscopic","Right lateral decubitus","17","Minor resection","70.6","Major","Thoracic","Laparoscopic","Thoracic Resection","Benign/Non-malignant | Primary | Lateral Decubitus","Est.Duration:2-4hr"
"Ductal carcinoma in situ of breast unspecified side","Breast-conserving surgery","Breast","Open","Supine","17","Breast","56.9","Major","ENT / Head & Neck","Open","Breast Surgery","Malignancy | Primary | Supine","Est.Duration:1-3hr"
"Colon cancer, rectosigmoid","Anterior resection","Colorectal","Open","Lithotomy","17","Colorectal","60.2","Major","Abdominal / GI","Open","Colectomy / Bowel Resection","Malignancy | Primary | Lithotomy","Est.Duration:1-3hr"
"Rectal cancer","Ileostomy repair","Colorectal","Open","Supine","16","Colorectal","75.7","Minor","Abdominal / GI","Open","Colectomy / Bowel Resection","Malignancy | Revision | Supine","Est.Duration:<2hr"
"Anal fistula","Fistulectomy","Colorectal","Open","Prone","16","Colorectal","73.0","Major","Abdominal / GI","Open","Colectomy / Bowel Resection","Benign/Non-malignant | Primary | Prone","Est.Duration:<2hr"
"Solitary pulmonary nodule","Lung wedge resection","Minor resection","Videoscopic","Left lateral decubitus","16","Minor resection","70.6","Major","Thoracic","Laparoscopic","Thoracic Resection","Benign/Non-malignant | Primary | Lateral Decubitus","Est.Duration:2-4hr"
"Early gastric cancer","Distal gastrectomy","Stomach","Videoscopic","Reverse Trendelenburg","16","Stomach","72.0","Major","Abdominal / GI","Laparoscopic","Gastric Resection","Malignancy | Primary | Trendelenburg","Est.Duration:2-5hr"
"Abnormal chest CT, lung","Lung wedge resection","Minor resection","Videoscopic","Left lateral decubitus","16","Minor resection","72.2","Major","Thoracic","Laparoscopic","Thoracic Resection","Benign/Non-malignant | Primary | Lateral Decubitus","Est.Duration:2-4hr"
"Kidney donor","Donor nephrectomy","Transplantation","Videoscopic","Right lateral decubitus","15","Transplantation","72.6","Major","Urology","Laparoscopic","Transplant / Major Reconstruction","Benign/Non-malignant | Primary | Lateral Decubitus","Est.Duration:2-4hr"
"Acute appendicitis","Appendectomy","Colorectal","Open","Supine","15","Colorectal","68.1","Major","Abdominal / GI","Open","Colectomy / Bowel Resection","Benign/Non-malignant | Primary | Supine","Est.Duration:<2hr"
"Advanced gastric cancer","Subtotal gastrectomy","Stomach","Open","Supine","15","Stomach","65.7","Major","Abdominal / GI","Open","Gastric Resection","Malignancy | Primary | Supine","Est.Duration:2-5hr"
"Ductal carcinoma in situ of breast left","Breast-conserving surgery","Breast","Open","Supine","15","Breast","56.9","Major","ENT / Head & Neck","Open","Breast Surgery","Malignancy | Primary | Supine","Est.Duration:1-3hr"
"Abnormal chest CT, lung","Lung wedge resection","Minor resection","Videoscopic","Right lateral decubitus","15","Minor resection","72.2","Major","Thoracic","Laparoscopic","Thoracic Resection","Benign/Non-malignant | Primary | Lateral Decubitus","Est.Duration:2-4hr"
"Advanced gastric cancer","Subtotal gastrectomy","Stomach","Open","Supine","14","Stomach","65.7","Major","Abdominal / GI","Open","Gastric Resection","Malignancy | Primary | Supine","Est.Duration:2-5hr"
"Early gastric cancer","Pylorus preserving gastrectomy","Stomach","Videoscopic","Supine","14","Stomach","78.6","Major","Abdominal / GI","Laparoscopic","Gastric Resection","Malignancy | Primary | Supine","Est.Duration:2-5hr"
"Acute appendicitis","Appendectomy","Colorectal","Videoscopic","Supine","14","Colorectal","68.1","Major","Abdominal / GI","Laparoscopic","Colectomy / Bowel Resection","Benign/Non-malignant | Primary | Supine","Est.Duration:<2hr"
"Colon cancer, sigmoid","Anterior resection","Colorectal","Open","Supine","14","Colorectal","60.2","Major","Abdominal / GI","Open","Colectomy / Bowel Resection","Malignancy | Primary | Supine","Est.Duration:1-3hr"
"Ductal carcinoma in situ of breast right","Breast-conserving surgery","Breast","Open","Supine","14","Breast","56.9","Major","ENT / Head & Neck","Open","Breast Surgery","Malignancy | Primary | Supine","Est.Duration:1-3hr"
"Colon cancer, rectosigmoid","Low anterior resection","Colorectal","Videoscopic","Lithotomy","13","Colorectal","71.8","Major","Abdominal / GI","Laparoscopic","Colectomy / Bowel Resection","Malignancy | Primary | Lithotomy","Est.Duration:2-4hr"
"Colon cancer, rectosigmoid","Low anterior resection","Colorectal","Open","Lithotomy","13","Colorectal","71.8","Major","Abdominal / GI","Open","Colectomy / Bowel Resection","Malignancy | Primary | Lithotomy","Est.Duration:2-4hr"
"Chronic kidney disease","Kidney transplantation","Transplantation","Open","Supine","13","Transplantation","72.4","Major","Urology","Open","Transplant / Major Reconstruction","Benign/Non-malignant | Primary | Transplant/Reconstruction | Supine","Est.Duration:3-6hr"
"Incisional hernia","Incisional hernia repair","Colorectal","Open","Supine","13","Colorectal","73.0","Minor","Abdominal / GI","Open","Colectomy / Bowel Resection","Benign/Non-malignant | Revision | Supine","Est.Duration:<2hr"
"Gallbladder stone without obstruction","Cholecystectomy","Biliary/Pancreas","Robotic","Supine","13","Biliary/Pancreas","62.7","Major","Abdominal / GI","Robotic","Cystoscopy / TURBT","Benign/Non-malignant | Primary | Supine","Est.Duration:<2hr"
"Solitary pulmonary nodule","Lung wedge resection","Minor resection","Videoscopic","Left lateral decubitus","13","Minor resection","70.6","Major","Thoracic","Laparoscopic","Thoracic Resection","Benign/Non-malignant | Primary | Lateral Decubitus","Est.Duration:2-4hr"
"Colon cancer, rectosigmoid","Anterior resection","Colorectal","Videoscopic","Lithotomy","13","Colorectal","69.3","Major","Abdominal / GI","Laparoscopic","Colectomy / Bowel Resection","Malignancy | Primary | Lithotomy","Est.Duration:1-3hr"
"Colon cancer, sigmoid","Low anterior resection","Colorectal","Open","Lithotomy","12","Colorectal","74.6","Major","Abdominal / GI","Open","Colectomy / Bowel Resection","Malignancy | Primary | Lithotomy","Est.Duration:2-4hr"
"Rectal cancer","Low anterior resection","Colorectal","Open","Supine","12","Colorectal","66.8","Major","Abdominal / GI","Open","Colectomy / Bowel Resection","Malignancy | Primary | Supine","Est.Duration:2-4hr"
"Hepatocellular carcinoma","Liver segmentectomy","Hepatic","Open","Lithotomy","12","Hepatic","70.5","Major","Abdominal / GI","Open","Hepatobiliary / Pancreatic Resection","Malignancy | Primary | Lithotomy","Est.Duration:2-5hr"
"Bladder disease","Transurethral resection of bladder tumor","Minor resection","Videoscopic","Lithotomy","12","Minor resection","85.1","Minor","Urology","Laparoscopic","Cystoscopy / TURBT","Benign/Non-malignant | Primary | Lithotomy","Est.Duration:<2hr"
"Varicose vein of lower limb","Ligation and stripping","Vascular","Open","Prone","12","Vascular","70.9","Minor","Vascular","Open","Vascular Reconstruction","Benign/Non-malignant | Primary | Prone","Est.Duration:1-3hr"
"Pneumothorax","Bullectomy","Minor resection","Videoscopic","Right lateral decubitus","12","Minor resection","70.6","Minor","Thoracic","Laparoscopic","Other Procedure","Benign/Non-malignant | Primary | Lateral Decubitus","Est.Duration:<2hr"
"Pancreatic cancer","Partial pancreatectomy","Biliary/Pancreas","Open","Supine","12","Biliary/Pancreas","76.6","Major","Abdominal / GI","Open","Hepatobiliary / Pancreatic Resection","Malignancy | Primary | Supine","Est.Duration:2-5hr"
"Ovarian cyst","Salpingo-oophorectomy","Minor resection","Videoscopic","Lithotomy","12","Minor resection","80.1","Major","Abdominal / GI","Laparoscopic","Other Procedure","Benign/Non-malignant | Primary | Lithotomy","Est.Duration:1-3hr"
"Hepatocellular carcinoma","Liver segmentectomy","Hepatic","Open","Supine","11","Hepatic","70.5","Major","Abdominal / GI","Open","Hepatobiliary / Pancreatic Resection","Malignancy | Primary | Supine","Est.Duration:2-5hr"
"Colon cancer, sigmoid","Anterior resection","Colorectal","Videoscopic","Supine","11","Colorectal","72.0","Major","Abdominal / GI","Laparoscopic","Colectomy / Bowel Resection","Malignancy | Primary | Supine","Est.Duration:1-3hr"
"Colon cancer","Hemicolectomy","Colorectal","Open","Supine","11","Colorectal","74.0","Major","Abdominal / GI","Open","Colectomy / Bowel Resection","Malignancy | Primary | Supine","Est.Duration:2-4hr"
"Inguinal hernia","Hernia repair","Colorectal","Open","Supine","11","Colorectal","55.5","Minor","Abdominal / GI","Open","Colectomy / Bowel Resection","Benign/Non-malignant | Revision | Supine","Est.Duration:<2hr"
"Gallbladder cancer","Extended cholecystectomy","Biliary/Pancreas","Open","Supine","11","Biliary/Pancreas","77.0","Major","Abdominal / GI","Open","Cystoscopy / TURBT","Malignancy | Primary | Supine","Est.Duration:2-5hr"
"End stage renal disease","Arteriovenous fistula","Vascular","Open","Supine","11","Vascular","72.3","Major","Vascular","Open","Vascular Reconstruction","Benign/Non-malignant | Primary | Supine","Est.Duration:1-3hr"
"Gastric submucosal tumor, benign","Gastric wedge resection","Stomach","Videoscopic","Supine","10","Stomach","69.7","Major","Abdominal / GI","Laparoscopic","Gastric Resection","Malignancy | Primary | Supine","Est.Duration:1-3hr"
"Pneumothorax","Bullectomy","Minor resection","Videoscopic","Left lateral decubitus","10","Minor resection","70.6","Minor","Thoracic","Laparoscopic","Other Procedure","Benign/Non-malignant | Primary | Lateral Decubitus","Est.Duration:<2hr"
"Advanced gastric cancer","Total gastrectomy","Stomach","Open","Supine","10","Stomach","80.5","Major","Abdominal / GI","Open","Gastric Resection","Malignancy | Primary | Supine","Est.Duration:2-5hr"
"Abnormal chest CT, lung","Lung lobectomy","Major resection","Videoscopic","Left lateral decubitus","10","Major resection","67.7","Major","Thoracic","Laparoscopic","Thoracic Resection","Benign/Non-malignant | Primary | Lateral Decubitus","Est.Duration:2-4hr"
"Unspecified gastric cancer","Distal gastrectomy","Stomach","Videoscopic","Supine","10","Stomach","68.8","Major","Abdominal / GI","Laparoscopic","Gastric Resection","Malignancy | Primary | Supine","Est.Duration:2-5hr"
"Hepatocellular carcinoma","Liver segmentectomy","Hepatic","Open","Supine","10","Hepatic","70.5","Major","Abdominal / GI","Open","Hepatobiliary / Pancreatic Resection","Malignancy | Primary | Supine","Est.Duration:2-5hr"
"Hepatocellular carcinoma","Liver transplantation","Transplantation","Open","Supine","10","Transplantation","71.7","Major","Abdominal / GI","Open","Hepatobiliary / Pancreatic Resection","Malignancy | Primary | Transplant/Reconstruction | Supine","Est.Duration:>6hr"
"Solitary pulmonary nodule","Lung wedge resection","Minor resection","Videoscopic","Right lateral decubitus","10","Minor resection","70.6","Major","Thoracic","Laparoscopic","Thoracic Resection","Benign/Non-malignant | Primary | Lateral Decubitus","Est.Duration:2-4hr"
"Colon cancer, hepatic flexure","Hemicolectomy","Colorectal","Open","Supine","10","Colorectal","64.1","Major","Abdominal / GI","Open","Colectomy / Bowel Resection","Malignancy | Primary | Supine","Est.Duration:2-4hr"
"Breast cancer left","Simple mastectomy","Breast","Open","Supine","10","Breast","72.6","Major","ENT / Head & Neck","Open","Breast Surgery","Malignancy | Primary | Supine","Est.Duration:1-3hr"
"Hepatocellular carcinoma","Liver segmentectomy","Hepatic","Videoscopic","Lithotomy","10","Hepatic","70.5","Major","Abdominal / GI","Laparoscopic","Hepatobiliary / Pancreatic Resection","Malignancy | Primary | Lithotomy","Est.Duration:2-5hr"
"Myoma uteri","Radical hysterectomy","Major resection","Videoscopic","Lithotomy","9","Major resection","80.5","Major","Abdominal / GI","Laparoscopic","Other Procedure","Benign/Non-malignant | Primary | Lithotomy","Est.Duration:1-3hr"
"Colon cancer","Anterior resection","Colorectal","Open","Lithotomy","9","Colorectal","60.4","Major","Abdominal / GI","Open","Colectomy / Bowel Resection","Malignancy | Primary | Lithotomy","Est.Duration:1-3hr"
"Hepatocellular carcinoma","Hemihepatectomy","Hepatic","Videoscopic","Supine","9","Hepatic","67.5","Major","Abdominal / GI","Laparoscopic","Hepatobiliary / Pancreatic Resection","Malignancy | Primary | Supine","Est.Duration:3-6hr"
"Cholangiocarcinoma, intrahepatic","Hemihepatectomy","Hepatic","Open","Supine","9","Hepatic","64.6","Major","Abdominal / GI","Open","Hepatobiliary / Pancreatic Resection","Malignancy | Primary | Supine","Est.Duration:3-6hr"
"Right inguinal hernia not specified as recurrent","Hernia repair","Colorectal","Open","Supine","9","Colorectal","58.9","Minor","Abdominal / GI","Open","Colectomy / Bowel Resection","Benign/Non-malignant | Revision | Supine","Est.Duration:<2hr"
"Advanced gastric cancer","Total gastrectomy","Stomach","Videoscopic","Supine","9","Stomach","69.6","Major","Abdominal / GI","Laparoscopic","Gastric Resection","Malignancy | Primary | Supine","Est.Duration:2-5hr"
"Adenomyomatosis of gallbladder","Cholecystectomy","Biliary/Pancreas","Videoscopic","Supine","9","Biliary/Pancreas","65.0","Major","Abdominal / GI","Laparoscopic","Cystoscopy / TURBT","Benign/Non-malignant | Primary | Supine","Est.Duration:<2hr"
"Cholecystitis","Cholecystectomy","Biliary/Pancreas","Videoscopic","Supine","9","Biliary/Pancreas","74.9","Major","Abdominal / GI","Laparoscopic","Cystoscopy / TURBT","Benign/Non-malignant | Primary | Supine","Est.Duration:<2hr"
"Infiltrating ductal carcinoma of breast right","Simple mastectomy","Breast","Open","Supine","9","Breast","56.9","Major","ENT / Head & Neck","Open","Breast Surgery","Malignancy | Primary | Supine","Est.Duration:1-3hr"
"Cholangiocarcinoma, intrahepatic","Extended hemihepatectomy","Hepatic","Open","Supine","9","Hepatic","70.3","Major","Abdominal / GI","Open","Hepatobiliary / Pancreatic Resection","Malignancy | Primary | Supine","Est.Duration:3-6hr"
"Rectal cancer","Low anterior resection","Colorectal","Videoscopic","Lithotomy","9","Colorectal","79.8","Major","Abdominal / GI","Laparoscopic","Colectomy / Bowel Resection","Malignancy | Primary | Lithotomy","Est.Duration:2-4hr"
"Gallbladder polyp","Cholecystectomy","Biliary/Pancreas","Robotic","Supine","9","Biliary/Pancreas","71.6","Major","Abdominal / GI","Robotic","Cystoscopy / TURBT","Benign/Non-malignant | Primary | Supine","Est.Duration:<2hr"
"Liver cirrhosis Unspecified","Liver transplantation","Transplantation","Open","Supine","8","Transplantation","68.0","Major","Abdominal / GI","Open","Hepatobiliary / Pancreatic Resection","Benign/Non-malignant | Primary | Transplant/Reconstruction | Supine","Est.Duration:>6hr"
"Hepatocellular carcinoma","Hemihepatectomy","Hepatic","Videoscopic","Lithotomy","8","Hepatic","67.5","Major","Abdominal / GI","Laparoscopic","Hepatobiliary / Pancreatic Resection","Malignancy | Primary | Lithotomy","Est.Duration:3-6hr"
"Colon cancer, transverse","Hemicolectomy","Colorectal","Videoscopic","Lithotomy","8","Colorectal","66.3","Major","Abdominal / GI","Laparoscopic","Colectomy / Bowel Resection","Malignancy | Primary | Lithotomy","Est.Duration:2-4hr"
"Advanced gastric cancer","Partial gastrectomy","Stomach","Open","Supine","8","Stomach","65.7","Major","Abdominal / GI","Open","Gastric Resection","Malignancy | Primary | Supine","Est.Duration:2-5hr"
"Colon cancer, hepatic flexure","Hemicolectomy","Colorectal","Videoscopic","Lithotomy","8","Colorectal","64.1","Major","Abdominal / GI","Laparoscopic","Colectomy / Bowel Resection","Malignancy | Primary | Lithotomy","Est.Duration:2-4hr"
"Gallbladder stone with cholecystitis with obstruction","Cholecystectomy","Biliary/Pancreas","Videoscopic","Supine","8","Others","55.8","Major","Urology","Laparoscopic","Cystoscopy / TURBT","Benign/Non-malignant | Primary | Supine","Est.Duration:<2hr"
"Hepatocellular carcinoma","Liver segmentectomy","Hepatic","Videoscopic","Lithotomy","8","Hepatic","70.5","Major","Abdominal / GI","Laparoscopic","Hepatobiliary / Pancreatic Resection","Malignancy | Primary | Lithotomy","Est.Duration:2-5hr"
"Living liver donor","Donor hepatectomy","Transplantation","Open","Supine","8","Transplantation","64.4","Major","Abdominal / GI","Open","Hepatobiliary / Pancreatic Resection","Benign/Non-malignant | Primary | Supine","Est.Duration:>6hr"
"Infiltrating ductal carcinoma of breast left","Simple mastectomy","Breast","Open","Supine","8","Breast","56.9","Major","ENT / Head & Neck","Open","Breast Surgery","Malignancy | Primary | Supine","Est.Duration:1-3hr"
"Lung cancer right","Lung lobectomy","Major resection","Open","Left lateral decubitus","8","Major resection","70.8","Major","Thoracic","Open","Thoracic Resection","Malignancy | Primary | Lateral Decubitus","Est.Duration:2-4hr"
"Breast cancer right","Total mastectomy","Breast","Open","Supine","8","Breast","71.1","Major","ENT / Head & Neck","Open","Breast Surgery","Malignancy | Primary | Supine","Est.Duration:<2hr"
"Early gastric cancer","Distal gastrectomy","Stomach","Robotic","Supine","8","Stomach","72.0","Major","Abdominal / GI","Robotic","Gastric Resection","Malignancy | Primary | Supine","Est.Duration:2-5hr"
"Hepatocellular carcinoma","Liver sectionectomy","Hepatic","Videoscopic","Lithotomy","8","Hepatic","70.5","Major","Abdominal / GI","Laparoscopic","Hepatobiliary / Pancreatic Resection","Malignancy | Primary | Lithotomy","Est.Duration:2-5hr"
"Esophageal cancer","Esophagectomy","Others","Robotic","Left lateral decubitus","7","Others","69.8","Major","Soft Tissue / Access / Misc","Robotic","Thoracic Resection","Malignancy | Primary | Lateral Decubitus","Est.Duration:>6hr"
"Breast cancer left","Total mastectomy","Breast","Open","Supine","7","Breast","71.8","Major","ENT / Head & Neck","Open","Breast Surgery","Malignancy | Primary | Supine","Est.Duration:<2hr"
"Empyema with bronchopleural fistula","Debridement of wound","Others","Videoscopic","Right lateral decubitus","7","Others","66.6","Minor","Soft Tissue / Access / Misc","Laparoscopic","Other Procedure","Benign/Non-malignant | Primary | Lateral Decubitus","Est.Duration:<2hr"
"Empyema with bronchopleural fistula","Debridement of wound","Others","Open","Supine","7","Others","66.6","Minor","Soft Tissue / Access / Misc","Open","Other Procedure","Benign/Non-malignant | Primary | Supine","Est.Duration:<2hr"
"Infiltrating ductal carcinoma of breast right","Total mastectomy","Breast","Open","Supine","7","Breast","56.9","Major","ENT / Head & Neck","Open","Breast Surgery","Malignancy | Primary | Supine","Est.Duration:<2hr"
"Early gastric cancer","Distal gastrectomy","Stomach","Videoscopic","Lithotomy","7","Stomach","72.0","Major","Abdominal / GI","Laparoscopic","Gastric Resection","Malignancy | Primary | Lithotomy","Est.Duration:2-5hr"
"Hepatocellular carcinoma","Liver sectionectomy","Hepatic","Open","Supine","7","Hepatic","70.5","Major","Abdominal / GI","Open","Hepatobiliary / Pancreatic Resection","Malignancy | Primary | Supine","Est.Duration:2-5hr"
"Breast cancer right","Simple mastectomy","Breast","Open","Supine","7","Breast","71.9","Major","ENT / Head & Neck","Open","Breast Surgery","Malignancy | Primary | Supine","Est.Duration:1-3hr"
"Lung cancer left","Lung sgmentectomy","Minor resection","Videoscopic","Right lateral decubitus","7","Minor resection","74.0","Major","Thoracic","Laparoscopic","Thoracic Resection","Malignancy | Primary | Lateral Decubitus","Est.Duration:2-4hr"
"Colon cancer, transverse","Extended hemicolectomy","Colorectal","Open","Supine","7","Colorectal","72.9","Major","Abdominal / GI","Open","Colectomy / Bowel Resection","Malignancy | Primary | Supine","Est.Duration:1-3hr"
"Colon cancer, sigmoid","Exploratory laparotomy","Others","Open","Lithotomy","7","Others","74.6","Major","Soft Tissue / Access / Misc","Open","Other Procedure","Malignancy | Primary | Lithotomy","Est.Duration:2-4hr"
"End stage renal disease","Kidney transplantation","Transplantation","Open","Supine","7","Transplantation","63.2","Major","Urology","Open","Transplant / Major Reconstruction","Benign/Non-malignant | Primary | Transplant/Reconstruction | Supine","Est.Duration:3-6hr"
"Adhesive ileus","Exploratory laparotomy","Others","Open","Supine","7","Others","78.9","Major","Soft Tissue / Access / Misc","Open","Other Procedure","Benign/Non-malignant | Primary | Supine","Est.Duration:2-4hr"
"Thymoma","Thymectomy","Others","Robotic","Supine","7","Others","76.9","Major","Soft Tissue / Access / Misc","Robotic","Thoracic Resection","Benign/Non-malignant | Primary | Supine","Est.Duration:2-5hr"
"Abnormal chest CT, lung nodule","Lung sgmentectomy","Minor resection","Videoscopic","Left lateral decubitus","7","Minor resection","66.8","Major","Thoracic","Laparoscopic","Thoracic Resection","Benign/Non-malignant | Primary | Lateral Decubitus","Est.Duration:2-4hr"
"Gallbladder cancer","Cholecystectomy","Biliary/Pancreas","Videoscopic","Supine","7","Biliary/Pancreas","70.9","Major","Abdominal / GI","Laparoscopic","Cystoscopy / TURBT","Malignancy | Primary | Supine","Est.Duration:<2hr"
"Aneurysm, abdominal aorta","Aortoiliac bypass","Vascular","Open","Supine","7","Vascular","59.6","Major","Vascular","Open","Vascular Reconstruction","Benign/Non-malignant | Primary | Supine","Est.Duration:3-6hr"
"Common bile duct cancer, distal","Pylorus preserving pancreaticoduodenectomy","Biliary/Pancreas","Open","Supine","7","Biliary/Pancreas","77.9","Major","Abdominal / GI","Open","Hepatobiliary / Pancreatic Resection","Malignancy | Primary | Supine","Est.Duration:>6hr"
"Symptomatic gallbladder stone with obstruction","Cholecystectomy","Biliary/Pancreas","Videoscopic","Supine","7","Biliary/Pancreas","60.6","Major","Abdominal / GI","Laparoscopic","Cystoscopy / TURBT","Benign/Non-malignant | Primary | Supine","Est.Duration:<2hr"
"Gallbladder stone without obstruction","Cholecystectomy","Biliary/Pancreas","Videoscopic","Reverse Trendelenburg","7","Biliary/Pancreas","62.7","Major","Abdominal / GI","Laparoscopic","Cystoscopy / TURBT","Benign/Non-malignant | Primary | Trendelenburg","Est.Duration:<2hr"
"Common bile duct cancer","Pylorus preserving pancreaticoduodenectomy","Biliary/Pancreas","Open","Supine","7","Biliary/Pancreas","81.1","Major","Abdominal / GI","Open","Hepatobiliary / Pancreatic Resection","Malignancy | Primary | Supine","Est.Duration:>6hr"
"Atherosclerosis obliterans, limb","Endarterectomy","Vascular","Open","Supine","7","Carotid","69.5","Major","Vascular","Open","Vascular Reconstruction","Benign/Non-malignant | Primary | Supine","Est.Duration:2-5hr"
"Mediastinal mass","Excision","Others","Videoscopic","Left lateral decubitus","7","Others","56.4","Minor","Soft Tissue / Access / Misc","Laparoscopic","Other Procedure","Benign/Non-malignant | Primary | Lateral Decubitus","Est.Duration:1-3hr"
"Alcoholic liver cirrhosis with ascites","Liver transplantation","Transplantation","Open","Supine","7","Transplantation","68.2","Major","Abdominal / GI","Open","Hepatobiliary / Pancreatic Resection","Benign/Non-malignant | Primary | Transplant/Reconstruction | Supine","Est.Duration:>6hr"
"Myoma uteri","Myomectomy","Minor resection","Videoscopic","Lithotomy","7","Minor resection","71.6","Major","Abdominal / GI","Laparoscopic","Other Procedure","Benign/Non-malignant | Primary | Lithotomy","Est.Duration:2-4hr"
"Abnormal chest CT, lung nodule","Metastasectomy","Minor resection","Videoscopic","Left lateral decubitus","6","Minor resection","64.5","Major","Thoracic","Laparoscopic","Other Procedure","Benign/Non-malignant | Primary | Lateral Decubitus","Est.Duration:1-3hr"
"Aneurysm, abdominal aorta","Aneurysmal repair","Vascular","Open","Supine","6","Vascular","69.0","Major","Vascular","Open","Vascular Reconstruction","Benign/Non-malignant | Revision | Supine","Est.Duration:>6hr"
"Ground-glass opacity","Lung wedge resection","Minor resection","Videoscopic","Right lateral decubitus","6","Minor resection","73.4","Major","Thoracic","Laparoscopic","Thoracic Resection","Benign/Non-malignant | Primary | Lateral Decubitus","Est.Duration:2-4hr"
"Idiopathic thrombocytopenic purpura","Splenectomy","Biliary/Pancreas","Videoscopic","Supine","6","Biliary/Pancreas","60.2","Major","Abdominal / GI","Laparoscopic","Hepatobiliary / Pancreatic Resection","Benign/Non-malignant | Primary | Supine","Est.Duration:1-3hr"
"Asymptomatic gallbladder stone without obstruction","Cholecystectomy","Biliary/Pancreas","Videoscopic","Supine","6","Others","56.5","Major","Urology","Laparoscopic","Cystoscopy / TURBT","Benign/Non-malignant | Primary | Supine","Est.Duration:<2hr"
"Lung cancer left","Lung lobectomy","Major resection","Open","Right lateral decubitus","6","Major resection","71.5","Major","Thoracic","Open","Thoracic Resection","Malignancy | Primary | Lateral Decubitus","Est.Duration:2-4hr"
"Gastrointestinal stromal tumor","Gastric wedge resection","Stomach","Videoscopic","Supine","6","Stomach","70.1","Major","Abdominal / GI","Laparoscopic","Gastric Resection","Malignancy | Primary | Supine","Est.Duration:1-3hr"
"Intraductal papillary mucinous neoplasm of pancreas, borderline","Pylorus preserving pancreaticoduodenectomy","Biliary/Pancreas","Open","Supine","6","Biliary/Pancreas","52.8","Major","Abdominal / GI","Open","Hepatobiliary / Pancreatic Resection","Malignancy | Primary | Supine","Est.Duration:>6hr"
"Bilateral inguinal hernia not specified as recurrent","Hernia repair","Colorectal","Open","Supine","6","CraniVessel","50.4","Minor","Neuro / Spine","Open","Colectomy / Bowel Resection","Benign/Non-malignant | Revision | Supine","Est.Duration:<2hr"
"Infiltrating ductal carcinoma of breast unspecified side","Breast-conserving surgery","Breast","Open","Supine","6","Breast","56.9","Major","ENT / Head & Neck","Open","Breast Surgery","Malignancy | Primary | Supine","Est.Duration:1-3hr"
"Lung cancer unspecified side","Lung lobectomy","Major resection","Videoscopic","Left lateral decubitus","6","Major resection","64.9","Major","Thoracic","Laparoscopic","Thoracic Resection","Malignancy | Primary | Lateral Decubitus","Est.Duration:2-4hr"
"Symptomatic gallbladder stone without obstruction","Cholecystectomy","Biliary/Pancreas","Videoscopic","Reverse Trendelenburg","6","Biliary/Pancreas","62.8","Major","Abdominal / GI","Laparoscopic","Cystoscopy / TURBT","Benign/Non-malignant | Primary | Trendelenburg","Est.Duration:<2hr"
"Hepatocellular carcinoma","Liver segmentectomy","Hepatic","Open","Lithotomy","6","Hepatic","70.5","Major","Abdominal / GI","Open","Hepatobiliary / Pancreatic Resection","Malignancy | Primary | Lithotomy","Est.Duration:2-5hr"
"Ground-glass opacity","Lung wedge resection","Minor resection","Videoscopic","Left lateral decubitus","6","Minor resection","73.4","Major","Thoracic","Laparoscopic","Thoracic Resection","Benign/Non-malignant | Primary | Lateral Decubitus","Est.Duration:2-4hr"
"Antenatal care for high risk pregnancy","Cesarean section","Others","Open","Supine","6","Others","63.1","Major","Abdominal / GI","Open","Other Procedure","Benign/Non-malignant | Primary | Supine","Est.Duration:<2hr"
"Anal fistula","Fistulectomy","Colorectal","Open","Prone","6","Colorectal","73.0","Major","Abdominal / GI","Open","Colectomy / Bowel Resection","Benign/Non-malignant | Primary | Prone","Est.Duration:<2hr"
"Colon cancer, sigmoid","Metastasectomy","Minor resection","Videoscopic","Left lateral decubitus","6","Minor resection","68.8","Major","Thoracic","Laparoscopic","Other Procedure","Malignancy | Primary | Lateral Decubitus","Est.Duration:1-3hr"
"Pancreatic cancer","Pancreaticoduodenectomy","Biliary/Pancreas","Open","Supine","6","Biliary/Pancreas","77.2","Major","Abdominal / GI","Open","Hepatobiliary / Pancreatic Resection","Malignancy | Primary | Supine","Est.Duration:>6hr"
"Early gastric cancer","Distal gastrectomy","Stomach","Videoscopic","Lithotomy","6","Stomach","72.0","Major","Abdominal / GI","Laparoscopic","Gastric Resection","Malignancy | Primary | Lithotomy","Est.Duration:2-5hr"
"Metastatic cancer to the lung left","Metastasectomy","Minor resection","Videoscopic","Right lateral decubitus","6","Minor resection","62.9","Major","Thoracic","Laparoscopic","Other Procedure","Malignancy | Primary | Lateral Decubitus","Est.Duration:1-3hr"
"Metastatic cancer to the lung right","Metastasectomy","Minor resection","Videoscopic","Left lateral decubitus","6","Minor resection","62.6","Major","Thoracic","Laparoscopic","Other Procedure","Malignancy | Primary | Lateral Decubitus","Est.Duration:1-3hr"
"Colon cancer","Anterior resection","Colorectal","Videoscopic","Lithotomy","6","Colorectal","60.2","Major","Abdominal / GI","Laparoscopic","Colectomy / Bowel Resection","Malignancy | Primary | Lithotomy","Est.Duration:1-3hr"
"Lung cancer right","Lung bilobectomy","Major resection","Videoscopic","Left lateral decubitus","6","Major resection","72.5","Major","Thoracic","Laparoscopic","Thoracic Resection","Malignancy | Primary | Lateral Decubitus","Est.Duration:2-5hr"
"End stage renal disease","Bleeding control","Others","Open","Supine","6","Others","68.8","Minor","Soft Tissue / Access / Misc","Open","Other Procedure","Benign/Non-malignant | Primary | Supine","Est.Duration:1-3hr"
"Kidney donor, live related","Donor nephrectomy","Transplantation","Videoscopic","Supine","6","Transplantation","71.2","Major","Urology","Laparoscopic","Transplant / Major Reconstruction","Benign/Non-malignant | Primary | Supine","Est.Duration:2-4hr"
"Colon cancer, rectosigmoid","Ileostomy repair","Colorectal","Open","Supine","6","Colorectal","67.8","Minor","Abdominal / GI","Open","Colectomy / Bowel Resection","Malignancy | Revision | Supine","Est.Duration:<2hr"
"Gallbladder stone","Cholecystectomy","Biliary/Pancreas","Videoscopic","Reverse Trendelenburg","5","Biliary/Pancreas","71.6","Major","Abdominal / GI","Laparoscopic","Cystoscopy / TURBT","Benign/Non-malignant | Primary | Trendelenburg","Est.Duration:<2hr"
"Disorder of kidney and ureter","Nephrectomy","Major resection","Robotic","Right lateral decubitus","5","Major resection","62.0","Major","Urology","Robotic","Other Procedure","Benign/Non-malignant | Primary | Lateral Decubitus","Est.Duration:2-4hr"
"Hepatocellular carcinoma","Hemihepatectomy","Hepatic","Videoscopic","Lithotomy","5","Hepatic","67.5","Major","Abdominal / GI","Laparoscopic","Hepatobiliary / Pancreatic Resection","Malignancy | Primary | Lithotomy","Est.Duration:3-6hr"
"Open wound of chest wall","Debridement of wound","Others","Open","Supine","5","Others","65.8","Minor","Soft Tissue / Access / Misc","Open","Other Procedure","Benign/Non-malignant | Primary | Supine","Est.Duration:<2hr"
"Colon cancer","Hemicolectomy","Colorectal","Videoscopic","Lithotomy","5","Colorectal","74.0","Major","Abdominal / GI","Laparoscopic","Colectomy / Bowel Resection","Malignancy | Primary | Lithotomy","Est.Duration:2-4hr"
"Abnormal chest CT, lung nodule","Lung sgmentectomy","Minor resection","Videoscopic","Right lateral decubitus","5","Minor resection","66.8","Major","Thoracic","Laparoscopic","Thoracic Resection","Benign/Non-malignant | Primary | Lateral Decubitus","Est.Duration:2-4hr"
"Myoma uteri","Hysterectomy","Major resection","Videoscopic","Lithotomy","5","Major resection","74.0","Major","Abdominal / GI","Laparoscopic","Other Procedure","Benign/Non-malignant | Primary | Lithotomy","Est.Duration:1-3hr"
"Chronic kidney disease, stage 5","Kidney transplantation","Transplantation","Open","Supine","5","Transplantation","72.6","Major","Urology","Open","Transplant / Major Reconstruction","Benign/Non-malignant | Primary | Transplant/Reconstruction | Supine","Est.Duration:3-6hr"
"Hyperparathyroidism","Parathyroidectomy","Thyroid","Open","Supine","5","Thyroid","66.4","Major","ENT / Head & Neck","Open","Thyroid / Parathyroid","Benign/Non-malignant | Primary | Supine","Est.Duration:1-3hr"
"Papillary transitional cell carcinoma, non-invasive","Transurethral resection of bladder tumor","Minor resection","Videoscopic","Lithotomy","5","Minor resection","53.3","Minor","Urology","Laparoscopic","Cystoscopy / TURBT","Malignancy | Primary | Lithotomy","Est.Duration:<2hr"
"Inguinal hernia not specified as recurrent","Hernia repair","Colorectal","Videoscopic","Supine","5","Colorectal","60.1","Minor","Abdominal / GI","Laparoscopic","Colectomy / Bowel Resection","Benign/Non-malignant | Revision | Supine","Est.Duration:<2hr"
"End stage renal disease","Arteriovenous fistula","Vascular","Open","Supine","5","Vascular","72.3","Major","Vascular","Open","Vascular Reconstruction","Benign/Non-malignant | Primary | Supine","Est.Duration:1-3hr"
"Stomach cancer unspecified","Distal gastrectomy","Stomach","Videoscopic","Supine","5","Stomach","68.8","Major","Abdominal / GI","Laparoscopic","Gastric Resection","Malignancy | Primary | Supine","Est.Duration:2-5hr"
"Endometrial cancer unknown stage","Radical hysterectomy","Major resection","Videoscopic","Lithotomy","5","Major resection","67.6","Major","Abdominal / GI","Laparoscopic","Other Procedure","Malignancy | Primary | Lithotomy","Est.Duration:1-3hr"
"Abnormal chest CT, lung nodule","Lung lobectomy","Major resection","Videoscopic","Left lateral decubitus","5","Major resection","64.5","Major","Thoracic","Laparoscopic","Thoracic Resection","Benign/Non-malignant | Primary | Lateral Decubitus","Est.Duration:2-4hr"
"Colon cancer, sigmoid","Low anterior resection","Colorectal","Videoscopic","Lithotomy","5","Colorectal","74.6","Major","Abdominal / GI","Laparoscopic","Colectomy / Bowel Resection","Malignancy | Primary | Lithotomy","Est.Duration:2-4hr"
"Rectal cancer","Transanal excision","Colorectal","Open","Prone","5","Colorectal","77.3","Minor","Abdominal / GI","Open","Colectomy / Bowel Resection","Malignancy | Primary | Prone","Est.Duration:<2hr"
"Metastatic cancer to the liver","Hemihepatectomy","Hepatic","Open","Supine","5","Hepatic","65.0","Major","Abdominal / GI","Open","Hepatobiliary / Pancreatic Resection","Malignancy | Primary | Supine","Est.Duration:3-6hr"
"Early gastric cancer","Proximal gastrectomy","Stomach","Videoscopic","Supine","5","Stomach","73.4","Major","Abdominal / GI","Laparoscopic","Gastric Resection","Malignancy | Primary | Supine","Est.Duration:3-6hr"
"Thymoma","Thymectomy","Others","Open","Supine","5","Others","76.9","Major","Soft Tissue / Access / Misc","Open","Thoracic Resection","Benign/Non-malignant | Primary | Supine","Est.Duration:2-5hr"
"Colon cancer, sigmoid","Anterior resection","Colorectal","Open","Trendelenburg","5","Colorectal","60.2","Major","Abdominal / GI","Open","Colectomy / Bowel Resection","Malignancy | Primary | Trendelenburg","Est.Duration:1-3hr"
"Gastric subepithelial mass","Gastric wedge resection","Stomach","Videoscopic","Supine","5","Stomach","71.9","Major","Abdominal / GI","Laparoscopic","Gastric Resection","Benign/Non-malignant | Primary | Supine","Est.Duration:1-3hr"
"Gallbladder cancer","Extended cholecystectomy","Biliary/Pancreas","Open","Supine","5","Biliary/Pancreas","77.0","Major","Abdominal / GI","Open","Cystoscopy / TURBT","Malignancy | Primary | Supine","Est.Duration:2-5hr"
"Advanced gastric cancer","Exploratory laparotomy","Others","Open","Supine","5","Others","72.9","Major","Soft Tissue / Access / Misc","Open","Other Procedure","Malignancy | Primary | Supine","Est.Duration:2-4hr"
"Colon cancer, ascending","Hemicolectomy","Colorectal","Videoscopic","Supine","5","Colorectal","66.8","Major","Abdominal / GI","Laparoscopic","Colectomy / Bowel Resection","Malignancy | Primary | Supine","Est.Duration:2-4hr"
"Early gastric cancer","Total gastrectomy","Stomach","Videoscopic","Supine","5","Stomach","71.3","Major","Abdominal / GI","Laparoscopic","Gastric Resection","Malignancy | Primary | Supine","Est.Duration:2-5hr"
"Ductal carcinoma in situ of breast right","Wide excision","Others","Open","Supine","5","Others","60.5","Minor","Soft Tissue / Access / Misc","Open","Other Procedure","Malignancy | Primary | Supine","Est.Duration:<2hr"
"Gallbladder disease","Cholecystectomy","Biliary/Pancreas","Videoscopic","Supine","5","Biliary/Pancreas","70.3","Major","Abdominal / GI","Laparoscopic","Cystoscopy / TURBT","Benign/Non-malignant | Primary | Supine","Est.Duration:<2hr"
"Rectal cancer","Ultralow anterior resection","Colorectal","Open","Lithotomy","5","Colorectal","66.2","Major","Abdominal / GI","Open","Colectomy / Bowel Resection","Malignancy | Primary | Lithotomy","Est.Duration:2-5hr"
"Pancreatic cancer","Distal pancreatectomy","Biliary/Pancreas","Open","Supine","5","Biliary/Pancreas","76.0","Major","Abdominal / GI","Open","Hepatobiliary / Pancreatic Resection","Malignancy | Primary | Supine","Est.Duration:2-4hr"
"Hemorrhoids","Hemorrhoidectomy","Colorectal","Open","Prone","5","Colorectal","77.7","Minor","Abdominal / GI","Open","Colectomy / Bowel Resection","Benign/Non-malignant | Primary | Prone","Est.Duration:<2hr"
"Pancreatic disease","Distal pancreatectomy","Biliary/Pancreas","Open","Supine","5","Biliary/Pancreas","75.3","Major","Abdominal / GI","Open","Hepatobiliary / Pancreatic Resection","Benign/Non-malignant | Primary | Supine","Est.Duration:2-4hr"
"Colon cancer, hepatic flexure","Extended hemicolectomy","Colorectal","Open","Supine","5","Colorectal","70.4","Major","Abdominal / GI","Open","Colectomy / Bowel Resection","Malignancy | Primary | Supine","Est.Duration:1-3hr"
"Neuroendocrine tumor of pancreas, G1","Pylorus preserving pancreaticoduodenectomy","Biliary/Pancreas","Open","Supine","5","Biliary/Pancreas","76.0","Major","Abdominal / GI","Open","Hepatobiliary / Pancreatic Resection","Malignancy | Primary | Supine","Est.Duration:>6hr"
"Rectal cancer","Abdominoperineal resection","Colorectal","Open","Supine","5","Colorectal","81.8","Major","Abdominal / GI","Open","Colectomy / Bowel Resection","Malignancy | Primary | Supine","Est.Duration:3-6hr"
"Lung cancer right","Lung wedge resection","Minor resection","Videoscopic","Left lateral decubitus","5","Minor resection","75.4","Major","Thoracic","Laparoscopic","Thoracic Resection","Malignancy | Primary | Lateral Decubitus","Est.Duration:2-4hr"
"Solitary pulmonary nodule","Lung lobectomy","Major resection","Videoscopic","Left lateral decubitus","5","Major resection","66.2","Major","Thoracic","Laparoscopic","Thoracic Resection","Benign/Non-malignant | Primary | Lateral Decubitus","Est.Duration:2-4hr"
"Klatskin tumor","Extended hemihepatectomy","Hepatic","Open","Supine","5","Hepatic","80.0","Major","Abdominal / GI","Open","Hepatobiliary / Pancreatic Resection","Malignancy | Primary | Supine","Est.Duration:3-6hr"
"Inguinal hernia recurrent","Hernia repair","Colorectal","Open","Supine","5","Colorectal","55.2","Minor","Abdominal / GI","Open","Colectomy / Bowel Resection","Benign/Non-malignant | Revision | Supine","Est.Duration:<2hr"
"Metastatic cancer to the lung right","Lung wedge resection","Minor resection","Videoscopic","Left lateral decubitus","5","Minor resection","66.6","Major","Thoracic","Laparoscopic","Thoracic Resection","Malignancy | Primary | Lateral Decubitus","Est.Duration:2-4hr"
"Breast cancer unspecified side","Simple mastectomy","Breast","Open","Supine","5","Breast","56.9","Major","ENT / Head & Neck","Open","Breast Surgery","Malignancy | Primary | Supine","Est.Duration:1-3hr"
"Fibroadenoma of breast left","Excision","Breast","Open","Supine","5","CraniTumorSkullBase","64.1","Minor","Neuro / Spine","Open","Craniotomy","Benign/Non-malignant | Primary | Supine","Est.Duration:1-3hr"
"Lung cancer unspecified side","Lung lobectomy","Major resection","Videoscopic","Right lateral decubitus","5","Major resection","64.9","Major","Thoracic","Laparoscopic","Thoracic Resection","Malignancy | Primary | Lateral Decubitus","Est.Duration:2-4hr"
"Papillary thyroid carcinoma","Thyroid lobectomy","Thyroid","Robotic","Supine","5","Thyroid","67.6","Major","ENT / Head & Neck","Robotic","Thyroid / Parathyroid","Malignancy | Primary | Supine","Est.Duration:1-3hr"
"Lung cancer right","Lung sgmentectomy","Minor resection","Videoscopic","Left lateral decubitus","5","Minor resection","73.3","Major","Thoracic","Laparoscopic","Thoracic Resection","Malignancy | Primary | Lateral Decubitus","Est.Duration:2-4hr"
"Abnormal chest CT, lung","Lung sgmentectomy","Minor resection","Videoscopic","Right lateral decubitus","5","Minor resection","70.1","Major","Thoracic","Laparoscopic","Thoracic Resection","Benign/Non-malignant | Primary | Lateral Decubitus","Est.Duration:2-4hr"
"Idiopathic pulmonary fibrosis","Lung transplantation","Transplantation","Open","Supine","5","Transplantation","68.8","Major","Thoracic","Open","Thoracic Resection","Benign/Non-malignant | Primary | Transplant/Reconstruction | Supine","Est.Duration:>6hr"
"Early gastric cancer","Distal gastrectomy","Stomach","Robotic","Supine","5","Stomach","72.0","Major","Abdominal / GI","Robotic","Gastric Resection","Malignancy | Primary | Supine","Est.Duration:2-5hr"
"Pancreatic disease","Pylorus preserving pancreaticoduodenectomy","Biliary/Pancreas","Open","Supine","5","Biliary/Pancreas","83.8","Major","Abdominal / GI","Open","Hepatobiliary / Pancreatic Resection","Benign/Non-malignant | Primary | Supine","Est.Duration:>6hr"
"Solid pseudopapillary tumor of pancreas, malignant","Distal pancreatectomy","Biliary/Pancreas","Videoscopic","Supine","5","Biliary/Pancreas","63.4","Major","Abdominal / GI","Laparoscopic","Hepatobiliary / Pancreatic Resection","Malignancy | Primary | Supine","Est.Duration:2-4hr"
"End stage kidney disease on dialysis","Kidney transplantation","Transplantation","Open","Supine","5","Transplantation","67.4","Major","Urology","Open","Transplant / Major Reconstruction","Benign/Non-malignant | Primary | Transplant/Reconstruction | Supine","Est.Duration:3-6hr"
"Chronic cholecystitis","Cholecystectomy","Biliary/Pancreas","Videoscopic","Supine","5","Biliary/Pancreas","69.1","Major","Abdominal / GI","Laparoscopic","Cystoscopy / TURBT","Benign/Non-malignant | Primary | Supine","Est.Duration:<2hr"
"Malignant neoplasm of breast left","Breast-conserving surgery","Breast","Open","Supine","4","Breast","70.0","Major","ENT / Head & Neck","Open","Breast Surgery","Malignancy | Primary | Supine","Est.Duration:1-3hr"
"Common bile duct cancer","Pylorus preserving pancreaticoduodenectomy","Biliary/Pancreas","Open","Supine","4","Biliary/Pancreas","81.1","Major","Abdominal / GI","Open","Hepatobiliary / Pancreatic Resection","Malignancy | Primary | Supine","Est.Duration:>6hr"
"Gastrointestinal stromal tumor of stomach","Gastric wedge resection","Stomach","Videoscopic","Supine","4","Stomach","66.4","Major","Abdominal / GI","Laparoscopic","Gastric Resection","Malignancy | Primary | Supine","Est.Duration:1-3hr"
"Rectal cancer","Abdominoperineal resection","Colorectal","Open","Lithotomy","4","Colorectal","81.8","Major","Abdominal / GI","Open","Colectomy / Bowel Resection","Malignancy | Primary | Lithotomy","Est.Duration:3-6hr"
"Neurogenic tumor","Excision","Others","Open","Right lateral decubitus","4","CraniTumorSkullBase","73.8","Minor","Neuro / Spine","Open","Craniotomy","Malignancy | Primary | Lateral Decubitus","Est.Duration:1-3hr"
"Acute cholecystitis","Cholecystectomy","Biliary/Pancreas","Videoscopic","Supine","4","Biliary/Pancreas","70.3","Major","Abdominal / GI","Laparoscopic","Cystoscopy / TURBT","Benign/Non-malignant | Primary | Supine","Est.Duration:<2hr"
"Prostate cancer","Radical prostatectomy","Major resection","Robotic","Trendelenburg","4","Major resection","77.5","Major","Urology","Robotic","Other Procedure","Malignancy | Primary | Trendelenburg","Est.Duration:2-5hr"
"Ductal carcinoma in situ of breast left","Simple mastectomy","Breast","Open","Supine","4","Breast","56.9","Major","ENT / Head & Neck","Open","Breast Surgery","Malignancy | Primary | Supine","Est.Duration:1-3hr"
"Duodenal perforation","Exploratory laparotomy","Others","Open","Supine","4","Others","74.6","Major","Soft Tissue / Access / Misc","Open","Other Procedure","Benign/Non-malignant | Primary | Supine","Est.Duration:2-4hr"
"Colon cancer, sigmoid","Hartmann procedure","Colorectal","Open","Lithotomy","4","Colorectal","72.0","Major","Abdominal / GI","Open","Colectomy / Bowel Resection","Malignancy | Primary | Lithotomy","Est.Duration:2-4hr"
"Abnormal chest CT, lung nodule","Lung lobectomy","Major resection","Videoscopic","Right lateral decubitus","4","Major resection","64.5","Major","Thoracic","Laparoscopic","Thoracic Resection","Benign/Non-malignant | Primary | Lateral Decubitus","Est.Duration:2-4hr"
"Hepatocellular carcinoma","Liver segmentectomy","Hepatic","Videoscopic","Supine","4","Hepatic","70.5","Major","Abdominal / GI","Laparoscopic","Hepatobiliary / Pancreatic Resection","Malignancy | Primary | Supine","Est.Duration:2-5hr"
"Pancreatic cancer","Distal pancreatectomy","Biliary/Pancreas","Open","Supine","4","Biliary/Pancreas","76.0","Major","Abdominal / GI","Open","Hepatobiliary / Pancreatic Resection","Malignancy | Primary | Supine","Est.Duration:2-4hr"
"Gallbladder stonewithout obstruction","Cholecystectomy","Biliary/Pancreas","Robotic","Supine","4","Biliary/Pancreas","63.0","Major","Abdominal / GI","Robotic","Cystoscopy / TURBT","Benign/Non-malignant | Primary | Supine","Est.Duration:<2hr"
"Colon cancer","Anterior resection","Colorectal","Videoscopic","Supine","4","Colorectal","60.2","Major","Abdominal / GI","Laparoscopic","Colectomy / Bowel Resection","Malignancy | Primary | Supine","Est.Duration:1-3hr"
"Gastrointestinal stromal tumor of stomach, benign","Gastric wedge resection","Stomach","Videoscopic","Supine","4","Stomach","64.6","Major","Abdominal / GI","Laparoscopic","Gastric Resection","Malignancy | Primary | Supine","Est.Duration:1-3hr"
"Pancreatic cancer","Pylorus preserving pancreaticoduodenectomy","Biliary/Pancreas","Open","Supine","4","Biliary/Pancreas","84.4","Major","Abdominal / GI","Open","Hepatobiliary / Pancreatic Resection","Malignancy | Primary | Supine","Est.Duration:>6hr"
"Thyroid nodule","Completion thyroidectomy","Thyroid","Open","Supine","4","Thyroid","80.0","Major","ENT / Head & Neck","Open","Thyroid / Parathyroid","Benign/Non-malignant | Revision | Supine","Est.Duration:1-3hr"
"Ampulla of vater cancer","Pylorus preserving pancreaticoduodenectomy","Biliary/Pancreas","Open","Supine","4","Biliary/Pancreas","81.1","Major","Abdominal / GI","Open","Hepatobiliary / Pancreatic Resection","Malignancy | Primary | Supine","Est.Duration:>6hr"
"Hepatocellular carcinoma","Exploratory laparotomy","Others","Open","Supine","4","Others","72.3","Major","Soft Tissue / Access / Misc","Open","Other Procedure","Malignancy | Primary | Supine","Est.Duration:2-4hr"
"Panperitonitis","Exploratory laparotomy","Others","Open","Supine","4","Others","78.9","Major","Soft Tissue / Access / Misc","Open","Other Procedure","Benign/Non-malignant | Primary | Supine","Est.Duration:2-4hr"
"End stage renal disease","Removal of continuous ambulatory peritoneal dialysis catheter","Vascular","Open","Supine","4","Vascular","63.8","Minor","Vascular","Open","Access / Drainage Procedures","Benign/Non-malignant | Primary | Supine","Est.Duration:<2hr"
"Mediastinal mass","Thymectomy","Others","Open","Supine","4","Others","67.3","Major","Soft Tissue / Access / Misc","Open","Thoracic Resection","Benign/Non-malignant | Primary | Supine","Est.Duration:2-5hr"
"Varicose vein with nonspecific symptom","Ligation and stripping","Vascular","Open","Supine","4","Vascular","66.8","Minor","Vascular","Open","Vascular Reconstruction","Benign/Non-malignant | Primary | Supine","Est.Duration:1-3hr"
"Rectal cancer","Transanal excision","Colorectal","Open","Prone","4","Colorectal","77.3","Minor","Abdominal / GI","Open","Colectomy / Bowel Resection","Malignancy | Primary | Prone","Est.Duration:<2hr"
"Rectal cancer","Colostomy","Colorectal","Open","Supine","4","Colorectal","57.1","Major","Abdominal / GI","Open","Colectomy / Bowel Resection","Malignancy | Primary | Supine","Est.Duration:<2hr"
"Hemorrhoids","Hemorrhoidectomy","Colorectal","Open","Prone","4","Colorectal","77.7","Minor","Abdominal / GI","Open","Colectomy / Bowel Resection","Benign/Non-malignant | Primary | Prone","Est.Duration:<2hr"
"Esophageal cancer","Esophagectomy","Others","Robotic","Left lateral decubitus","4","Others","69.8","Major","Soft Tissue / Access / Misc","Robotic","Thoracic Resection","Malignancy | Primary | Lateral Decubitus","Est.Duration:>6hr"
"Interstitial lung disease","Biopsy","Minor resection","Videoscopic","Right lateral decubitus","4","BiopsyBrain","64.1","Minor","Neuro / Spine","Laparoscopic","Access / Drainage Procedures","Benign/Non-malignant | Primary | Lateral Decubitus","Est.Duration:<2hr"
"Rectal cancer","Anterior resection","Colorectal","Videoscopic","Lithotomy","4","Colorectal","60.2","Major","Abdominal / GI","Laparoscopic","Colectomy / Bowel Resection","Malignancy | Primary | Lithotomy","Est.Duration:1-3hr"
"Abdominal hernia","Hernia repair","Colorectal","Open","Supine","4","Colorectal","70.5","Minor","Abdominal / GI","Open","Colectomy / Bowel Resection","Benign/Non-malignant | Revision | Supine","Est.Duration:<2hr"
"Umbilical hernia","Hernia repair","Colorectal","Open","Supine","4","Colorectal","70.5","Minor","Abdominal / GI","Open","Colectomy / Bowel Resection","Benign/Non-malignant | Revision | Supine","Est.Duration:<2hr"
"Rectal cancer","Anterior resection","Colorectal","Open","Lithotomy","4","Colorectal","60.4","Major","Abdominal / GI","Open","Colectomy / Bowel Resection","Malignancy | Primary | Lithotomy","Est.Duration:1-3hr"
"Cecal cancer","Hemicolectomy","Colorectal","Videoscopic","Lithotomy","4","Colorectal","74.0","Major","Abdominal / GI","Laparoscopic","Colectomy / Bowel Resection","Malignancy | Primary | Lithotomy","Est.Duration:2-4hr"
"Rectal cancer","Ultralow anterior resection","Colorectal","Open","Lithotomy","4","Colorectal","66.2","Major","Abdominal / GI","Open","Colectomy / Bowel Resection","Malignancy | Primary | Lithotomy","Est.Duration:2-5hr"
"Left inguinal hernia","Hernia repair","Colorectal","Open","Supine","4","Colorectal","55.2","Minor","Abdominal / GI","Open","Colectomy / Bowel Resection","Benign/Non-malignant | Revision | Supine","Est.Duration:<2hr"
"Klatskin tumor","Hemihepatectomy","Hepatic","Open","Supine","4","Hepatic","74.0","Major","Abdominal / GI","Open","Hepatobiliary / Pancreatic Resection","Malignancy | Primary | Supine","Est.Duration:3-6hr"
"Gallbladder stonewith obstruction","Cholecystectomy","Biliary/Pancreas","Videoscopic","Supine","4","Biliary/Pancreas","63.9","Major","Abdominal / GI","Laparoscopic","Cystoscopy / TURBT","Benign/Non-malignant | Primary | Supine","Est.Duration:<2hr"
"Kidney donor","Donor nephrectomy","Transplantation","Videoscopic","Supine","4","Transplantation","72.6","Major","Urology","Laparoscopic","Transplant / Major Reconstruction","Benign/Non-malignant | Primary | Supine","Est.Duration:2-4hr"
"Malignant neoplasm of ampulla of vater","Pylorus preserving pancreaticoduodenectomy","Biliary/Pancreas","Open","Supine","4","Biliary/Pancreas","75.0","Major","Abdominal / GI","Open","Hepatobiliary / Pancreatic Resection","Malignancy | Primary | Supine","Est.Duration:>6hr"
"Ileostomy status","Ileostomy repair","Colorectal","Open","Supine","4","Colorectal","57.7","Minor","Abdominal / GI","Open","Colectomy / Bowel Resection","Benign/Non-malignant | Revision | Supine","Est.Duration:<2hr"
"Rectal cancer","Exploratory laparotomy","Others","Open","Lithotomy","4","Others","79.8","Major","Soft Tissue / Access / Misc","Open","Other Procedure","Malignancy | Primary | Lithotomy","Est.Duration:2-4hr"
"Abnormal finding on lung imaging","Lung wedge resection","Minor resection","Videoscopic","Left lateral decubitus","4","Minor resection","67.6","Major","Thoracic","Laparoscopic","Thoracic Resection","Benign/Non-malignant | Primary | Lateral Decubitus","Est.Duration:2-4hr"
"Abnormal chest CT, lung","Lung lobectomy","Major resection","Videoscopic","Right lateral decubitus","4","Major resection","67.7","Major","Thoracic","Laparoscopic","Thoracic Resection","Benign/Non-malignant | Primary | Lateral Decubitus","Est.Duration:2-4hr"
"Cervical cancer unknown stage","Radical hysterectomy","Major resection","Videoscopic","Lithotomy","4","Major resection","68.8","Major","Abdominal / GI","Laparoscopic","Other Procedure","Malignancy | Primary | Lithotomy","Est.Duration:1-3hr"
"hepatocellular carcinoma","Liver segmentectomy","Hepatic","Open","Supine","4","Hepatic","70.5","Major","Abdominal / GI","Open","Hepatobiliary / Pancreatic Resection","Malignancy | Primary | Supine","Est.Duration:2-5hr"
"Colorectal cancer","Low anterior resection","Colorectal","Open","Lithotomy","4","Colorectal","62.2","Major","Abdominal / GI","Open","Colectomy / Bowel Resection","Malignancy | Primary | Lithotomy","Est.Duration:2-4hr"
"Rectal cancer","Metastasectomy","Minor resection","Videoscopic","Right lateral decubitus","4","Minor resection","74.0","Major","Thoracic","Laparoscopic","Other Procedure","Malignancy | Primary | Lateral Decubitus","Est.Duration:1-3hr"
"Prostate cancer","Radical prostatectomy","Major resection","Robotic","Supine","4","Major resection","77.5","Major","Urology","Robotic","Other Procedure","Malignancy | Primary | Supine","Est.Duration:2-5hr"
"Hepatocellular carcinoma","Extended hemihepatectomy","Hepatic","Open","Supine","4","Hepatic","73.5","Major","Abdominal / GI","Open","Hepatobiliary / Pancreatic Resection","Malignancy | Primary | Supine","Est.Duration:3-6hr"
"Interstitial lung disease","Biopsy","Minor resection","Videoscopic","Left lateral decubitus","4","BiopsyBrain","64.1","Minor","Neuro / Spine","Laparoscopic","Access / Drainage Procedures","Benign/Non-malignant | Primary | Lateral Decubitus","Est.Duration:<2hr"
"Colorectal cancer","Ileostomy repair","Colorectal","Open","Supine","4","Colorectal","72.5","Minor","Abdominal / GI","Open","Colectomy / Bowel Resection","Malignancy | Revision | Supine","Est.Duration:<2hr"
"Pelvic mass","Salpingo-oophorectomy","Minor resection","Videoscopic","Lithotomy","4","Minor resection","81.1","Major","Abdominal / GI","Laparoscopic","Other Procedure","Benign/Non-malignant | Primary | Lithotomy","Est.Duration:1-3hr"
"Appendix mucocele","Appendectomy","Colorectal","Videoscopic","Supine","4","Colorectal","68.8","Major","Abdominal / GI","Laparoscopic","Colectomy / Bowel Resection","Benign/Non-malignant | Primary | Supine","Est.Duration:<2hr"
"Adenocarcinoma of lung left","Lung lobectomy","Major resection","Videoscopic","Right lateral decubitus","3","Major resection","65.3","Major","Thoracic","Laparoscopic","Thoracic Resection","Malignancy | Primary | Lateral Decubitus","Est.Duration:2-4hr"
"Advanced gastric cancer","Total gastrectomy","Stomach","Videoscopic","Supine","3","Stomach","69.6","Major","Abdominal / GI","Laparoscopic","Gastric Resection","Malignancy | Primary | Supine","Est.Duration:2-5hr"
"Adrenal gland disease","Adrenalectomy","Others","Videoscopic","Right lateral decubitus","3","Others","67.3","Major","Abdominal / GI","Laparoscopic","Other Procedure","Benign/Non-malignant | Primary | Lateral Decubitus","Est.Duration:1-3hr"
"Epithelial ovarian cancer unknown stage unspecified side","Extended hysterectomy","Major resection","Open","Supine","3","Major resection","51.2","Major","Abdominal / GI","Open","Other Procedure","Malignancy | Primary | Supine","Est.Duration:2-4hr"
"Thyroid nodule","Thyroid lobectomy","Thyroid","Videoscopic","Supine","3","Thyroid","75.6","Major","ENT / Head & Neck","Laparoscopic","Thyroid / Parathyroid","Benign/Non-malignant | Primary | Supine","Est.Duration:1-3hr"
"Acute appendicitis","Appendectomy","Colorectal","Videoscopic","Supine","3","Colorectal","68.1","Major","Abdominal / GI","Laparoscopic","Colectomy / Bowel Resection","Benign/Non-malignant | Primary | Supine","Est.Duration:<2hr"
"Infiltrating ductal carcinoma of breast left","Total mastectomy","Breast","Open","Supine","3","Breast","56.9","Major","ENT / Head & Neck","Open","Breast Surgery","Malignancy | Primary | Supine","Est.Duration:<2hr"
"Rectal polyp","Transanal excision","Colorectal","Open","Prone","3","Colorectal","78.2","Minor","Abdominal / GI","Open","Colectomy / Bowel Resection","Benign/Non-malignant | Primary | Prone","Est.Duration:<2hr"
"Rectal cancer","Abdominoperineal resection","Colorectal","Open","Lithotomy","3","Colorectal","81.8","Major","Abdominal / GI","Open","Colectomy / Bowel Resection","Malignancy | Primary | Lithotomy","Est.Duration:3-6hr"
"Colon cancer, transverse","Hemicolectomy","Colorectal","Open","Supine","3","Colorectal","66.3","Major","Abdominal / GI","Open","Colectomy / Bowel Resection","Malignancy | Primary | Supine","Est.Duration:2-4hr"
"Thyroid nodule","Bleeding control","Others","Open","Supine","3","Others","74.8","Minor","Soft Tissue / Access / Misc","Open","Other Procedure","Benign/Non-malignant | Primary | Supine","Est.Duration:1-3hr"
"Acute appendicitis with perforation","Appendectomy","Colorectal","Open","Supine","3","Colorectal","61.0","Major","Abdominal / GI","Open","Colectomy / Bowel Resection","Benign/Non-malignant | Primary | Supine","Est.Duration:<2hr"
"Early gastric cancer","Remnant total gastrectomy","Stomach","Open","Supine","3","Stomach","76.3","Major","Abdominal / GI","Open","Gastric Resection","Malignancy | Revision | Supine","Est.Duration:2-5hr"
"Abnormal finding on lung imaging","Lung lobectomy","Major resection","Videoscopic","Left lateral decubitus","3","Major resection","63.5","Major","Thoracic","Laparoscopic","Thoracic Resection","Benign/Non-malignant | Primary | Lateral Decubitus","Est.Duration:2-4hr"
"Lung cancer left","Pneumonectomy","Major resection","Open","Right lateral decubitus","3","Major resection","70.5","Major","Thoracic","Open","Thoracic Resection","Malignancy | Primary | Lateral Decubitus","Est.Duration:3-6hr"
"Mediastinal mass","Thymectomy","Others","Videoscopic","Right lateral decubitus","3","Others","67.3","Major","Soft Tissue / Access / Misc","Laparoscopic","Thoracic Resection","Benign/Non-malignant | Primary | Lateral Decubitus","Est.Duration:2-5hr"
"Rectal cancer","Incisional hernia repair","Colorectal","Open","Supine","3","Colorectal","71.9","Minor","Abdominal / GI","Open","Colectomy / Bowel Resection","Malignancy | Revision | Supine","Est.Duration:<2hr"
"Mucinous carcinoma of breast right","Breast-conserving surgery","Breast","Open","Supine","3","Breast","56.9","Major","ENT / Head & Neck","Open","Breast Surgery","Malignancy | Primary | Supine","Est.Duration:1-3hr"
"Right inguinal hernia recurrent","Hernia repair","Colorectal","Open","Supine","3","Colorectal","63.0","Minor","Abdominal / GI","Open","Colectomy / Bowel Resection","Benign/Non-malignant | Revision | Supine","Est.Duration:<2hr"
"Colon cancer, sigmoid","Liver segmentectomy","Hepatic","Open","Supine","3","Hepatic","72.7","Major","Abdominal / GI","Open","Hepatobiliary / Pancreatic Resection","Malignancy | Primary | Supine","Est.Duration:2-5hr"
"Rectal cancer","Anterior resection","Colorectal","Open","Supine","3","Colorectal","60.4","Major","Abdominal / GI","Open","Colectomy / Bowel Resection","Malignancy | Primary | Supine","Est.Duration:1-3hr"
"Hyperhidrosis","Thoracic sympathectomy","Others","Videoscopic","Supine","3","Others","79.8","Major","Soft Tissue / Access / Misc","Laparoscopic","Other Procedure","Benign/Non-malignant | Primary | Supine","Est.Duration:<2hr"
"Hepatocellular carcinoma","Liver sectionectomy","Hepatic","Videoscopic","Supine","3","Hepatic","70.5","Major","Abdominal / GI","Laparoscopic","Hepatobiliary / Pancreatic Resection","Malignancy | Primary | Supine","Est.Duration:2-5hr"
"Hepatocellular carcinoma","Bleeding control","Others","Open","Supine","3","Others","68.3","Minor","Soft Tissue / Access / Misc","Open","Other Procedure","Malignancy | Primary | Supine","Est.Duration:1-3hr"
"Malignant neoplasm of pancreas","Pylorus preserving pancreaticoduodenectomy","Biliary/Pancreas","Open","Supine","3","Biliary/Pancreas","77.9","Major","Abdominal / GI","Open","Hepatobiliary / Pancreatic Resection","Malignancy | Primary | Supine","Est.Duration:>6hr"
"Splenic disease","Splenectomy","Biliary/Pancreas","Videoscopic","Supine","3","Biliary/Pancreas","69.2","Major","Abdominal / GI","Laparoscopic","Hepatobiliary / Pancreatic Resection","Benign/Non-malignant | Primary | Supine","Est.Duration:1-3hr"
"Gallbladder stone with acute cholecystitis without obstruction","Cholecystectomy","Biliary/Pancreas","Videoscopic","Supine","3","Others","54.0","Major","Urology","Laparoscopic","Cystoscopy / TURBT","Benign/Non-malignant | Primary | Supine","Est.Duration:<2hr"
"Lung cancer right","Lung lobectomy","Major resection","Videoscopic","Right lateral decubitus","3","Major resection","70.8","Major","Thoracic","Laparoscopic","Thoracic Resection","Malignancy | Primary | Lateral Decubitus","Est.Duration:2-4hr"
"papillary thyroid carcinoma","Modified radical neck dissection","Others","Open","Supine","3","Others","77.9","Major","ENT / Head & Neck","Open","Thyroid / Parathyroid","Malignancy | Primary | Supine","Est.Duration:1-3hr"
"Bilateral inguinal hernia","Hernia repair","Colorectal","Open","Supine","3","Colorectal","55.2","Minor","Abdominal / GI","Open","Colectomy / Bowel Resection","Benign/Non-malignant | Revision | Supine","Est.Duration:<2hr"
"Hepatocellular carcinoma","Hemihepatectomy","Hepatic","Videoscopic","Supine","3","Hepatic","67.5","Major","Abdominal / GI","Laparoscopic","Hepatobiliary / Pancreatic Resection","Malignancy | Primary | Supine","Est.Duration:3-6hr"
"Adenocarcinoma of lung right","Lung lobectomy","Major resection","Videoscopic","Left lateral decubitus","3","Major resection","64.9","Major","Thoracic","Laparoscopic","Thoracic Resection","Malignancy | Primary | Lateral Decubitus","Est.Duration:2-4hr"
"Myoma uteri","Hysterectomy","Major resection","Videoscopic","Supine","3","Major resection","74.0","Major","Abdominal / GI","Laparoscopic","Other Procedure","Benign/Non-malignant | Primary | Supine","Est.Duration:1-3hr"
"Neuroendocrine carcinoma of pancreas","Pylorus preserving pancreaticoduodenectomy","Biliary/Pancreas","Open","Supine","3","Biliary/Pancreas","75.6","Major","Abdominal / GI","Open","Hepatobiliary / Pancreatic Resection","Malignancy | Primary | Supine","Est.Duration:>6hr"
"Papillary thyroid carcinoma","Modified radical neck dissection","Others","Open","Supine","3","Others","77.9","Major","ENT / Head & Neck","Open","Thyroid / Parathyroid","Malignancy | Primary | Supine","Est.Duration:1-3hr"
"Thymoma","Thymectomy","Others","Robotic","Supine","3","Others","76.9","Major","Soft Tissue / Access / Misc","Robotic","Thoracic Resection","Benign/Non-malignant | Primary | Supine","Est.Duration:2-5hr"
"Epithelial ovarian cancer unknown stage unspecified side","Exploratory laparotomy","Major resection","Open","Lithotomy","3","Others","51.3","Major","Abdominal / GI","Open","Other Procedure","Malignancy | Primary | Lithotomy","Est.Duration:2-4hr"
"Abdominal mass","Excision","Colorectal","Open","Supine","3","CraniTumorSkullBase","70.5","Minor","Neuro / Spine","Open","Colectomy / Bowel Resection","Benign/Non-malignant | Primary | Supine","Est.Duration:1-3hr"
"Lung cancer left","Lung lobectomy","Major resection","Videoscopic","Left lateral decubitus","3","Major resection","71.5","Major","Thoracic","Laparoscopic","Thoracic Resection","Malignancy | Primary | Lateral Decubitus","Est.Duration:2-4hr"
"Pancreatic cancer","Distal pancreatectomy","Biliary/Pancreas","Videoscopic","Supine","3","Biliary/Pancreas","76.0","Major","Abdominal / GI","Laparoscopic","Hepatobiliary / Pancreatic Resection","Malignancy | Primary | Supine","Est.Duration:2-4hr"
"Bronchiectasis","Lung lobectomy","Major resection","Videoscopic","Left lateral decubitus","3","Major resection","73.1","Major","Thoracic","Laparoscopic","Thoracic Resection","Benign/Non-malignant | Primary | Lateral Decubitus","Est.Duration:2-4hr"
"Colon perforation","Exploratory laparotomy","Others","Open","Lithotomy","3","Others","76.6","Major","Soft Tissue / Access / Misc","Open","Other Procedure","Benign/Non-malignant | Primary | Lithotomy","Est.Duration:2-4hr"
"Advanced gastric cancer","Remnant total gastrectomy","Stomach","Open","Supine","3","Stomach","74.5","Major","Abdominal / GI","Open","Gastric Resection","Malignancy | Revision | Supine","Est.Duration:2-5hr"
"Non-small cell lung cancer left","Lung lobectomy","Major resection","Videoscopic","Right lateral decubitus","3","Major resection","63.8","Major","Thoracic","Laparoscopic","Thoracic Resection","Malignancy | Primary | Lateral Decubitus","Est.Duration:2-4hr"
"Papillary thyroid carcinoma","Total thyroidectomy","Thyroid","Robotic","Supine","3","Thyroid","69.0","Major","ENT / Head & Neck","Robotic","Thyroid / Parathyroid","Malignancy | Primary | Supine","Est.Duration:2-4hr"
"Mediastinal mass","Thymectomy","Others","Open","Supine","3","Others","67.3","Major","Soft Tissue / Access / Misc","Open","Thoracic Resection","Benign/Non-malignant | Primary | Supine","Est.Duration:2-5hr"
"Hepatocellular carcinoma","Liver sectionectomy","Hepatic","Open","Supine","3","Hepatic","70.5","Major","Abdominal / GI","Open","Hepatobiliary / Pancreatic Resection","Malignancy | Primary | Supine","Est.Duration:2-5hr"
"Abnormal chest CT, lung nodule","Metastasectomy","Minor resection","Videoscopic","Right lateral decubitus","3","Minor resection","64.5","Major","Thoracic","Laparoscopic","Other Procedure","Benign/Non-malignant | Primary | Lateral Decubitus","Est.Duration:1-3hr"
"Bronchiectasis","Lung sgmentectomy","Minor resection","Videoscopic","Right lateral decubitus","3","Minor resection","75.6","Major","Thoracic","Laparoscopic","Thoracic Resection","Benign/Non-malignant | Primary | Lateral Decubitus","Est.Duration:2-4hr"
"Rectal cancer","Anterior resection","Colorectal","Open","Lithotomy","3","Colorectal","60.4","Major","Abdominal / GI","Open","Colectomy / Bowel Resection","Malignancy | Primary | Lithotomy","Est.Duration:1-3hr"
"Colon cancer, sigmoid","Hemicolectomy","Colorectal","Videoscopic","Lithotomy","3","Colorectal","67.9","Major","Abdominal / GI","Laparoscopic","Colectomy / Bowel Resection","Malignancy | Primary | Lithotomy","Est.Duration:2-4hr"
"Parastomal hernia","Hernia repair","Colorectal","Open","Supine","3","Colorectal","69.8","Minor","Abdominal / GI","Open","Colectomy / Bowel Resection","Benign/Non-malignant | Revision | Supine","Est.Duration:<2hr"
"Nontuberculous mycobacterial infection","Debridement of wound","Others","Videoscopic","Right lateral decubitus","3","Others","65.6","Minor","Soft Tissue / Access / Misc","Laparoscopic","Other Procedure","Benign/Non-malignant | Primary | Lateral Decubitus","Est.Duration:<2hr"
"Ovarian cyst","Ovarian cystectomy","Major resection","Videoscopic","Lithotomy","3","Major resection","78.2","Major","Abdominal / GI","Laparoscopic","Cystoscopy / TURBT","Benign/Non-malignant | Primary | Lithotomy","Est.Duration:1-3hr"
"Ground-glass opacity","Lung lobectomy","Major resection","Videoscopic","Left lateral decubitus","3","Major resection","68.8","Major","Thoracic","Laparoscopic","Thoracic Resection","Benign/Non-malignant | Primary | Lateral Decubitus","Est.Duration:2-4hr"
"Early gastric cancer","Total gastrectomy","Stomach","Robotic","Supine","3","Stomach","71.3","Major","Abdominal / GI","Robotic","Gastric Resection","Malignancy | Primary | Supine","Est.Duration:2-5hr"
"Choledochal cyst","Exploratory laparotomy","Others","Open","Supine","3","Others","77.3","Major","Soft Tissue / Access / Misc","Open","Other Procedure","Benign/Non-malignant | Primary | Supine","Est.Duration:2-4hr"
"Ampulla of vater adenoma","Pylorus preserving pancreaticoduodenectomy","Biliary/Pancreas","Open","Supine","3","Biliary/Pancreas","80.6","Major","Abdominal / GI","Open","Hepatobiliary / Pancreatic Resection","Benign/Non-malignant | Primary | Supine","Est.Duration:>6hr"
"Pancreatic disease","Pylorus preserving pancreaticoduodenectomy","Biliary/Pancreas","Robotic","Supine","3","Biliary/Pancreas","83.8","Major","Abdominal / GI","Robotic","Hepatobiliary / Pancreatic Resection","Benign/Non-malignant | Primary | Supine","Est.Duration:>6hr"
"Atherosclerosis obliterans without gangrene","Aortoiliac bypass","Vascular","Open","Supine","3","Vascular","62.5","Major","Vascular","Open","Vascular Reconstruction","Benign/Non-malignant | Primary | Supine","Est.Duration:3-6hr"
"Rectal cancer","Low anterior resection","Colorectal","Videoscopic","Supine","3","Colorectal","79.8","Major","Abdominal / GI","Laparoscopic","Colectomy / Bowel Resection","Malignancy | Primary | Supine","Est.Duration:2-4hr"
"Abnormal finding on lung imaging","Lung wedge resection","Minor resection","Videoscopic","Right lateral decubitus","3","Minor resection","67.6","Major","Thoracic","Laparoscopic","Thoracic Resection","Benign/Non-malignant | Primary | Lateral Decubitus","Est.Duration:2-4hr"
"Colon cancer, rectosigmoid","Anterior resection","Colorectal","Open","Supine","3","Colorectal","60.2","Major","Abdominal / GI","Open","Colectomy / Bowel Resection","Malignancy | Primary | Supine","Est.Duration:1-3hr"
"Hyperparathyroidism","Parathyroidectomy","Thyroid","Open","Supine","3","Thyroid","66.4","Major","ENT / Head & Neck","Open","Thyroid / Parathyroid","Benign/Non-malignant | Primary | Supine","Est.Duration:1-3hr"
"Lung cancer","Lung lobectomy","Major resection","Videoscopic","Left lateral decubitus","3","Major resection","76.0","Major","Thoracic","Laparoscopic","Thoracic Resection","Malignancy | Primary | Lateral Decubitus","Est.Duration:2-4hr"
"Mediastinal mass","Thymectomy","Others","Videoscopic","Supine","3","Others","67.3","Major","Soft Tissue / Access / Misc","Laparoscopic","Thoracic Resection","Benign/Non-malignant | Primary | Supine","Est.Duration:2-5hr"
"Solid pseudopapillary tumor of pancreas, malignant","Pylorus preserving pancreaticoduodenectomy","Biliary/Pancreas","Open","Supine","3","Biliary/Pancreas","71.7","Major","Abdominal / GI","Open","Hepatobiliary / Pancreatic Resection","Malignancy | Primary | Supine","Est.Duration:>6hr"
"Interstitial lung disease","Biopsy","Minor resection","Videoscopic","Right lateral decubitus","3","BiopsyBrain","64.1","Minor","Neuro / Spine","Laparoscopic","Access / Drainage Procedures","Benign/Non-malignant | Primary | Lateral Decubitus","Est.Duration:<2hr"
"Rectal cancer","Low anterior resection","Colorectal","Videoscopic","Supine","3","Colorectal","79.8","Major","Abdominal / GI","Laparoscopic","Colectomy / Bowel Resection","Malignancy | Primary | Supine","Est.Duration:2-4hr"
"Hepatocellular carcinoma","Liver sectionectomy","Hepatic","Videoscopic","Lithotomy","3","Hepatic","70.5","Major","Abdominal / GI","Laparoscopic","Hepatobiliary / Pancreatic Resection","Malignancy | Primary | Lithotomy","Est.Duration:2-5hr"
"Surgical wound dehiscence","Closure of wound","Others","Open","Supine","3","MiscellaneousOther","74.1","Minor","Soft Tissue / Access / Misc","Open","Other Procedure","Benign/Non-malignant | Primary | Supine","Est.Duration:<2hr"
"Neuroendocrine tumor of pancreas, G1","Pylorus preserving pancreaticoduodenectomy","Biliary/Pancreas","Robotic","Supine","3","Biliary/Pancreas","76.0","Major","Abdominal / GI","Robotic","Hepatobiliary / Pancreatic Resection","Malignancy | Primary | Supine","Est.Duration:>6hr"
"Cholecystitis","Cholecystectomy","Biliary/Pancreas","Videoscopic","Supine","3","Biliary/Pancreas","74.9","Major","Abdominal / GI","Laparoscopic","Cystoscopy / TURBT","Benign/Non-malignant | Primary | Supine","Est.Duration:<2hr"
"Ileus","Exploratory laparotomy","Others","Open","Supine","3","Others","88.9","Major","Soft Tissue / Access / Misc","Open","Other Procedure","Benign/Non-malignant | Primary | Supine","Est.Duration:2-4hr"
"Colon cancer","Exploratory laparotomy","Others","Open","Supine","3","Others","80.7","Major","Soft Tissue / Access / Misc","Open","Other Procedure","Malignancy | Primary | Supine","Est.Duration:2-4hr"
"Colon cancer","Hemicolectomy","Colorectal","Videoscopic","Lithotomy","3","Colorectal","74.0","Major","Abdominal / GI","Laparoscopic","Colectomy / Bowel Resection","Malignancy | Primary | Lithotomy","Est.Duration:2-4hr"
"Liver transplant status","Incisional hernia repair","Colorectal","Open","Supine","3","Colorectal","74.0","Minor","Abdominal / GI","Open","Colectomy / Bowel Resection","Benign/Non-malignant | Revision | Supine","Est.Duration:<2hr"
"Colon cancer","Hemicolectomy","Colorectal","Videoscopic","Supine","3","Colorectal","74.0","Major","Abdominal / GI","Laparoscopic","Colectomy / Bowel Resection","Malignancy | Primary | Supine","Est.Duration:2-4hr"
"Metastatic cancer to the lung unspecified side","Metastasectomy","Minor resection","Videoscopic","Left lateral decubitus","3","Minor resection","59.9","Major","Thoracic","Laparoscopic","Other Procedure","Malignancy | Primary | Lateral Decubitus","Est.Duration:1-3hr"
"Lung cancer unspecified side","Lung wedge resection","Minor resection","Videoscopic","Right lateral decubitus","3","Minor resection","69.2","Major","Thoracic","Laparoscopic","Thoracic Resection","Malignancy | Primary | Lateral Decubitus","Est.Duration:2-4hr"
"Abnormal finding on lung imaging","Lung wedge resection","Minor resection","Videoscopic","Left lateral decubitus","3","Minor resection","67.6","Major","Thoracic","Laparoscopic","Thoracic Resection","Benign/Non-malignant | Primary | Lateral Decubitus","Est.Duration:2-4hr"
"Perianal abscess","Incision and drainage","Others","Open","Prone","3","Others","76.7","Minor","Soft Tissue / Access / Misc","Open","Access / Drainage Procedures","Benign/Non-malignant | Primary | Prone","Est.Duration:<2hr"
"Cholecystitis","Cholecystectomy","Biliary/Pancreas","Robotic","Supine","3","Biliary/Pancreas","74.9","Major","Abdominal / GI","Robotic","Cystoscopy / TURBT","Benign/Non-malignant | Primary | Supine","Est.Duration:<2hr"
"Colon cancer, descending","Hemicolectomy","Colorectal","Open","Supine","3","Colorectal","66.3","Major","Abdominal / GI","Open","Colectomy / Bowel Resection","Malignancy | Primary | Supine","Est.Duration:2-4hr"
"Mediastinal mass","Excision","Others","Open","Right lateral decubitus","3","Others","56.9","Minor","Soft Tissue / Access / Misc","Open","Other Procedure","Benign/Non-malignant | Primary | Lateral Decubitus","Est.Duration:1-3hr"
"Ileus","Adhesiolysis","Others","Open","Supine","3","Others","82.7","Major","Soft Tissue / Access / Misc","Open","Other Procedure","Benign/Non-malignant | Primary | Supine","Est.Duration:1-3hr"
"Unilateral inguinal hernia","Hernia repair","Colorectal","Open","Supine","3","Colorectal","55.2","Minor","Abdominal / GI","Open","Colectomy / Bowel Resection","Benign/Non-malignant | Revision | Supine","Est.Duration:<2hr"
"Stomach cancer early","Distal gastrectomy","Stomach","Videoscopic","Supine","3","Stomach","72.0","Major","Abdominal / GI","Laparoscopic","Gastric Resection","Malignancy | Primary | Supine","Est.Duration:2-5hr"
"Unspecified gastric cancer","Distal gastrectomy","Stomach","Videoscopic","Supine","3","Stomach","68.8","Major","Abdominal / GI","Laparoscopic","Gastric Resection","Malignancy | Primary | Supine","Est.Duration:2-5hr"
"Perianal abscess","Incision and drainage","Others","Open","Prone","3","Others","76.7","Minor","Soft Tissue / Access / Misc","Open","Access / Drainage Procedures","Benign/Non-malignant | Primary | Prone","Est.Duration:<2hr"
"Intraductal papillary mucinous neoplasm of pancreas, invasive","Pylorus preserving pancreaticoduodenectomy","Biliary/Pancreas","Open","Supine","3","Biliary/Pancreas","52.9","Major","Abdominal / GI","Open","Hepatobiliary / Pancreatic Resection","Malignancy | Primary | Supine","Est.Duration:>6hr"
"Pancreatic cancer","Exploratory laparotomy","Others","Open","Supine","3","Others","76.6","Major","Soft Tissue / Access / Misc","Open","Other Procedure","Malignancy | Primary | Supine","Est.Duration:2-4hr"
"Aneurysm, abdominal aorta","Endovascular aneurysmal repair","Vascular","Open","Supine","3","Vascular","76.4","Major","Vascular","Open","Vascular Reconstruction","Benign/Non-malignant | Revision | Supine","Est.Duration:2-5hr"
"Lung cancer right","Lung lobectomy","Major resection","Videoscopic","Supine","3","Major resection","70.8","Major","Thoracic","Laparoscopic","Thoracic Resection","Malignancy | Primary | Supine","Est.Duration:2-4hr"
"Pancreatic cancer","Pancreaticoduodenectomy","Biliary/Pancreas","Open","Supine","3","Biliary/Pancreas","77.2","Major","Abdominal / GI","Open","Hepatobiliary / Pancreatic Resection","Malignancy | Primary | Supine","Est.Duration:>6hr"
"Gallbladder stonewithout obstruction","Cholecystectomy","Biliary/Pancreas","Videoscopic","Supine","3","Biliary/Pancreas","63.0","Major","Abdominal / GI","Laparoscopic","Cystoscopy / TURBT","Benign/Non-malignant | Primary | Supine","Est.Duration:<2hr"
"Colon cancer","Excision","Others","Open","Supine","3","CraniTumorSkullBase","75.0","Minor","Neuro / Spine","Open","Craniotomy","Malignancy | Primary | Supine","Est.Duration:1-3hr"
"Colon cancer, rectosigmoid","Exploratory laparotomy","Others","Open","Lithotomy","3","Others","71.8","Major","Soft Tissue / Access / Misc","Open","Other Procedure","Malignancy | Primary | Lithotomy","Est.Duration:2-4hr"
"Chronic kidney disease","Kidney transplantation","Transplantation","Open","Supine","3","Transplantation","72.4","Major","Urology","Open","Transplant / Major Reconstruction","Benign/Non-malignant | Primary | Transplant/Reconstruction | Supine","Est.Duration:3-6hr"
"Varicose vein of lower limb","Ligation and stripping","Vascular","Open","Prone","3","Vascular","70.9","Minor","Vascular","Open","Vascular Reconstruction","Benign/Non-malignant | Primary | Prone","Est.Duration:1-3hr"
"Lung cancer left","Pneumonectomy","Major resection","Videoscopic","Right lateral decubitus","3","Major resection","70.5","Major","Thoracic","Laparoscopic","Thoracic Resection","Malignancy | Primary | Lateral Decubitus","Est.Duration:3-6hr"
"Hyperparathyroidism","Subtotal parathyroidectomy","Thyroid","Open","Supine","3","Thyroid","76.2","Major","ENT / Head & Neck","Open","Thyroid / Parathyroid","Benign/Non-malignant | Primary | Supine","Est.Duration:1-3hr"
"Rectal prolapse","Delorme's operation","Colorectal","Open","Prone","3","Colorectal","75.3","Major","Abdominal / GI","Open","Colectomy / Bowel Resection","Benign/Non-malignant | Primary | Prone","Est.Duration:<2hr"
"Mediastinal mass","Thymectomy","Others","Videoscopic","Supine","3","Others","67.3","Major","Soft Tissue / Access / Misc","Laparoscopic","Thoracic Resection","Benign/Non-malignant | Primary | Supine","Est.Duration:2-5hr"
"Advanced gastric cancer","Distal gastrectomy","Stomach","Videoscopic","Reverse Trendelenburg","2","Stomach","70.3","Major","Abdominal / GI","Laparoscopic","Gastric Resection","Malignancy | Primary | Trendelenburg","Est.Duration:2-5hr"
"Nontuberculous mycobacterial infection","Lung lobectomy","Major resection","Videoscopic","Left lateral decubitus","2","Major resection","61.7","Major","Thoracic","Laparoscopic","Thoracic Resection","Benign/Non-malignant | Primary | Lateral Decubitus","Est.Duration:2-4hr"
"Gross hematuria","Transurethral resection of bladder tumor","Minor resection","Videoscopic","Lithotomy","2","Minor resection","85.1","Minor","Urology","Laparoscopic","Cystoscopy / TURBT","Benign/Non-malignant | Primary | Lithotomy","Est.Duration:<2hr"
"Advanced gastric cancer","Diagnostic laparoscopy","Others","Videoscopic","Supine","2","Others","72.9","Minor","Soft Tissue / Access / Misc","Laparoscopic","Other Procedure","Malignancy | Primary | Supine","Est.Duration:2-5hr"
"Pelvic organ prolapse","Radical hysterectomy","Major resection","Videoscopic","Lithotomy","2","Major resection","72.8","Major","Abdominal / GI","Laparoscopic","Other Procedure","Benign/Non-malignant | Primary | Lithotomy","Est.Duration:1-3hr"
"Squamous cell carcinoma of lung left","Lung lobectomy","Major resection","Videoscopic","Right lateral decubitus","2","Major resection","62.3","Major","Thoracic","Laparoscopic","Thoracic Resection","Malignancy | Primary | Lateral Decubitus","Est.Duration:2-4hr"
"Advanced gastric cancer","Exploratory laparotomy","Others","Open","Supine","2","Others","72.9","Major","Soft Tissue / Access / Misc","Open","Other Procedure","Malignancy | Primary | Supine","Est.Duration:2-4hr"
"Solitary pulmonary nodule","Lung sgmentectomy","Minor resection","Videoscopic","Left lateral decubitus","2","Minor resection","68.6","Major","Thoracic","Laparoscopic","Thoracic Resection","Benign/Non-malignant | Primary | Lateral Decubitus","Est.Duration:2-4hr"
"Alcoholic liver cirrhosis with esophageal varix with ascites","Liver transplantation","Transplantation","Open","Supine","2","Transplantation","51.1","Major","Abdominal / GI","Open","Hepatobiliary / Pancreatic Resection","Benign/Non-malignant | Primary | Transplant/Reconstruction | Supine","Est.Duration:>6hr"
"Metastatic cancer to the lung","Metastasectomy","Minor resection","Videoscopic","Right lateral decubitus","2","Minor resection","64.5","Major","Thoracic","Laparoscopic","Other Procedure","Malignancy | Primary | Lateral Decubitus","Est.Duration:1-3hr"
"Benign neoplasm of appendix","Appendectomy","Colorectal","Videoscopic","Supine","2","Colorectal","63.6","Major","Abdominal / GI","Laparoscopic","Colectomy / Bowel Resection","Malignancy | Primary | Supine","Est.Duration:<2hr"
"Rectal prolapse","Rectal prolapse operation","Colorectal","Open","Lithotomy","2","Colorectal","75.3","Minor","Abdominal / GI","Open","Colectomy / Bowel Resection","Benign/Non-malignant | Primary | Lithotomy","Est.Duration:1-3hr"
"Aneurysm, renal artery","Aortorenal bypass","Vascular","Open","Supine","2","Vascular","58.2","Major","Vascular","Open","Vascular Reconstruction","Benign/Non-malignant | Primary | Supine","Est.Duration:3-6hr"
"Abnormal electrocardiogram","Arteriovenous fistula","Vascular","Open","Supine","2","Vascular","89.7","Major","Vascular","Open","Vascular Reconstruction","Benign/Non-malignant | Primary | Supine","Est.Duration:1-3hr"
"Hepatocellular carcinoma","Exploratory laparotomy","Others","Open","Supine","2","Others","72.3","Major","Soft Tissue / Access / Misc","Open","Other Procedure","Malignancy | Primary | Supine","Est.Duration:2-4hr"
"Jejunal cancer","Small bowel segmental resection","Stomach","Open","Supine","2","Stomach","63.4","Major","Abdominal / GI","Open","Colectomy / Bowel Resection","Malignancy | Primary | Supine","Est.Duration:1-3hr"
"Gastric submucosal tumor, unknown behavior","Gastric wedge resection","Stomach","Videoscopic","Supine","2","Stomach","66.4","Major","Abdominal / GI","Laparoscopic","Gastric Resection","Malignancy | Primary | Supine","Est.Duration:1-3hr"
"Primary hyperoxaluria","Liver transplantation","Transplantation","Open","Supine","2","Transplantation","73.4","Major","Abdominal / GI","Open","Hepatobiliary / Pancreatic Resection","Benign/Non-malignant | Primary | Transplant/Reconstruction | Supine","Est.Duration:>6hr"
"Biliary atresia","Liver transplantation","Transplantation","Open","Supine","2","Transplantation","77.5","Major","Abdominal / GI","Open","Hepatobiliary / Pancreatic Resection","Benign/Non-malignant | Primary | Transplant/Reconstruction | Supine","Est.Duration:>6hr"
"Antenatal care for normal pregnancy unspecified duration","Cesarean section","Others","Open","Supine","2","EvacSubduralHematoma","54.6","Major","Neuro / Spine","Open","Other Procedure","Benign/Non-malignant | Primary | Supine","Est.Duration:<2hr"
"Cervical cancer, stage 2A2","Radical hysterectomy","Major resection","Videoscopic","Supine","2","Major resection","70.6","Major","Abdominal / GI","Laparoscopic","Other Procedure","Malignancy | Primary | Supine","Est.Duration:1-3hr"
"Liver donor","Liver transplantation","Transplantation","Open","Supine","2","Transplantation","68.0","Major","Abdominal / GI","Open","Hepatobiliary / Pancreatic Resection","Benign/Non-malignant | Primary | Transplant/Reconstruction | Supine","Est.Duration:>6hr"
"Colon cancer","Low anterior resection","Colorectal","Open","Lithotomy","2","Colorectal","66.2","Major","Abdominal / GI","Open","Colectomy / Bowel Resection","Malignancy | Primary | Lithotomy","Est.Duration:2-4hr"
"Liver cirrhosis with hepatitis BChild-Pugh C","Liver transplantation","Transplantation","Open","Supine","2","Transplantation","68.2","Major","Abdominal / GI","Open","Hepatobiliary / Pancreatic Resection","Benign/Non-malignant | Primary | Transplant/Reconstruction | Supine","Est.Duration:>6hr"
"Liposarcoma","Exploratory laparotomy","Others","Open","Lithotomy","2","Others","81.6","Major","Soft Tissue / Access / Misc","Open","Other Procedure","Malignancy | Primary | Lithotomy","Est.Duration:2-4hr"
"Fibroadenoma of breast right","Excision","Breast","Open","Supine","2","CraniTumorSkullBase","64.6","Minor","Neuro / Spine","Open","Craniotomy","Benign/Non-malignant | Primary | Supine","Est.Duration:1-3hr"
"Gallbladder sludge without obstruction","Cholecystectomy","Biliary/Pancreas","Videoscopic","Supine","2","Biliary/Pancreas","62.4","Major","Abdominal / GI","Laparoscopic","Cystoscopy / TURBT","Benign/Non-malignant | Primary | Supine","Est.Duration:<2hr"
"Tubulovillous adenoma, colon","Hemicolectomy","Colorectal","Open","Supine","2","Colorectal","64.5","Major","Abdominal / GI","Open","Colectomy / Bowel Resection","Benign/Non-malignant | Primary | Supine","Est.Duration:2-4hr"
"Pancreatic cyst","Spleen preserving distal pancreatectomy","Biliary/Pancreas","Videoscopic","Supine","2","Biliary/Pancreas","84.9","Major","Abdominal / GI","Laparoscopic","Hepatobiliary / Pancreatic Resection","Benign/Non-malignant | Primary | Supine","Est.Duration:1-3hr"
"Atherosclerosis obliterans without gangrene","Endarterectomy","Vascular","Open","Supine","2","Carotid","64.7","Major","Vascular","Open","Vascular Reconstruction","Benign/Non-malignant | Primary | Supine","Est.Duration:2-5hr"
"Colon cancer, sigmoid","Exploratory laparotomy","Others","Open","Supine","2","Others","74.6","Major","Soft Tissue / Access / Misc","Open","Other Procedure","Malignancy | Primary | Supine","Est.Duration:2-4hr"
"Cadaveric donor","Nephrectomy","Transplantation","Open","Supine","2","Transplantation","86.4","Major","Urology","Open","Transplant / Major Reconstruction","Benign/Non-malignant | Primary | Supine","Est.Duration:2-4hr"
"Paraganglioma","Excision","Colorectal","Open","Supine","2","CraniTumorSkullBase","71.3","Minor","Neuro / Spine","Open","Colectomy / Bowel Resection","Benign/Non-malignant | Primary | Supine","Est.Duration:1-3hr"
"Umbilical hernia","Hernia repair","Colorectal","Open","Supine","2","Colorectal","70.5","Minor","Abdominal / GI","Open","Colectomy / Bowel Resection","Benign/Non-malignant | Revision | Supine","Est.Duration:<2hr"
"Esophageal cancer","Esophagectomy","Others","Robotic","Supine","2","Others","69.8","Major","Soft Tissue / Access / Misc","Robotic","Thoracic Resection","Malignancy | Primary | Supine","Est.Duration:>6hr"
"Krukenberg tumor unspecified side","Salpingo-oophorectomy","Minor resection","Videoscopic","Lithotomy","2","Minor resection","67.9","Major","Abdominal / GI","Laparoscopic","Other Procedure","Malignancy | Primary | Lithotomy","Est.Duration:1-3hr"
"Metastatic cancer to the lung unspecified side","Metastasectomy","Minor resection","Videoscopic","Right lateral decubitus","2","Minor resection","59.9","Major","Thoracic","Laparoscopic","Other Procedure","Malignancy | Primary | Lateral Decubitus","Est.Duration:1-3hr"
"Acute appendicitis with perforation","Appendectomy","Colorectal","Videoscopic","Supine","2","Colorectal","61.0","Major","Abdominal / GI","Laparoscopic","Colectomy / Bowel Resection","Benign/Non-malignant | Primary | Supine","Est.Duration:<2hr"
"End stage renal disease","Exploratory laparotomy","Others","Open","Supine","2","Others","72.9","Major","Soft Tissue / Access / Misc","Open","Other Procedure","Benign/Non-malignant | Primary | Supine","Est.Duration:2-4hr"
"Hyperhidrosis","Thoracic sympathectomy","Others","Videoscopic","Sitting","2","Others","79.8","Major","Soft Tissue / Access / Misc","Laparoscopic","Other Procedure","Benign/Non-malignant | Primary | Sitting","Est.Duration:<2hr"
"Appendix mucocele","Appendectomy","Colorectal","Videoscopic","Supine","2","Colorectal","68.8","Major","Abdominal / GI","Laparoscopic","Colectomy / Bowel Resection","Benign/Non-malignant | Primary | Supine","Est.Duration:<2hr"
"Myoma uteri","Myomectomy","Minor resection","Videoscopic","Supine","2","Minor resection","71.6","Major","Abdominal / GI","Laparoscopic","Other Procedure","Benign/Non-malignant | Primary | Supine","Est.Duration:2-4hr"
"Colon cancer, ascending","Extended hemicolectomy","Colorectal","Open","Supine","2","Colorectal","73.4","Major","Abdominal / GI","Open","Colectomy / Bowel Resection","Malignancy | Primary | Supine","Est.Duration:1-3hr"
"Thrombocytopenia","Splenectomy","Biliary/Pancreas","Videoscopic","Supine","2","Biliary/Pancreas","68.4","Major","Abdominal / GI","Laparoscopic","Hepatobiliary / Pancreatic Resection","Benign/Non-malignant | Primary | Supine","Est.Duration:1-3hr"
"Appendix mucocele","Ileocecectomy","Colorectal","Videoscopic","Supine","2","Colorectal","69.8","Major","Abdominal / GI","Laparoscopic","Colectomy / Bowel Resection","Benign/Non-malignant | Primary | Supine","Est.Duration:1-3hr"
"Breast cancer unspecified side","Wide excision","Others","Open","Supine","2","Others","63.4","Minor","Soft Tissue / Access / Misc","Open","Other Procedure","Malignancy | Primary | Supine","Est.Duration:<2hr"
"Pelvic mass","Exploratory laparotomy","Major resection","Open","Supine","2","Others","81.6","Major","Soft Tissue / Access / Misc","Open","Other Procedure","Benign/Non-malignant | Primary | Supine","Est.Duration:2-4hr"
"Neurogenic tumor","Excision","Others","Open","Supine","2","CraniTumorSkullBase","73.8","Minor","Neuro / Spine","Open","Craniotomy","Malignancy | Primary | Supine","Est.Duration:1-3hr"
"Hepatocellular carcinoma","Liver sectionectomy","Hepatic","Videoscopic","Supine","2","Hepatic","70.5","Major","Abdominal / GI","Laparoscopic","Hepatobiliary / Pancreatic Resection","Malignancy | Primary | Supine","Est.Duration:2-5hr"
"Colon cancer, rectosigmoid","Low anterior resection","Colorectal","Videoscopic","Supine","2","Colorectal","71.8","Major","Abdominal / GI","Laparoscopic","Colectomy / Bowel Resection","Malignancy | Primary | Supine","Est.Duration:2-4hr"
"Abnormal finding on lung imaging","Lung wedge resection","Minor resection","Videoscopic","Right lateral decubitus","2","Minor resection","67.6","Major","Thoracic","Laparoscopic","Thoracic Resection","Benign/Non-malignant | Primary | Lateral Decubitus","Est.Duration:2-4hr"
"Pilonidal sinus","Excision","Others","Open","Prone","2","CraniTumorSkullBase","65.4","Minor","Neuro / Spine","Open","Craniotomy","Benign/Non-malignant | Primary | Prone","Est.Duration:1-3hr"
"Endometrial cancer unknown stage","Extended hysterectomy","Major resection","Robotic","Lithotomy","2","Major resection","68.2","Major","Abdominal / GI","Robotic","Other Procedure","Malignancy | Primary | Lithotomy","Est.Duration:2-4hr"
"Renal cell carcinoma right","Metastasectomy","Minor resection","Videoscopic","Left lateral decubitus","2","Minor resection","65.8","Major","Thoracic","Laparoscopic","Other Procedure","Malignancy | Primary | Lateral Decubitus","Est.Duration:1-3hr"
"Esophageal cancer","Esophagectomy","Others","Open","Left lateral decubitus","2","Others","69.8","Major","Soft Tissue / Access / Misc","Open","Thoracic Resection","Malignancy | Primary | Lateral Decubitus","Est.Duration:>6hr"
"Rectal cancer","Low anterior resection","Colorectal","Videoscopic","Trendelenburg","2","Colorectal","79.8","Major","Abdominal / GI","Laparoscopic","Colectomy / Bowel Resection","Malignancy | Primary | Trendelenburg","Est.Duration:2-4hr"
"Colon cancer","Hemicolectomy","Colorectal","Open","Lithotomy","2","Colorectal","74.0","Major","Abdominal / GI","Open","Colectomy / Bowel Resection","Malignancy | Primary | Lithotomy","Est.Duration:2-4hr"
"Open wound of chest wall","Resection of chest wall with reconstruction","Others","Open","Supine","2","Others","71.2","Major","Soft Tissue / Access / Misc","Open","Other Procedure","Benign/Non-malignant | Primary | Transplant/Reconstruction | Supine","Est.Duration:1-3hr"
"Gallbladder stone without obstruction","Cholecystectomy","Biliary/Pancreas","Robotic","Reverse Trendelenburg","2","Biliary/Pancreas","62.7","Major","Abdominal / GI","Robotic","Cystoscopy / TURBT","Benign/Non-malignant | Primary | Trendelenburg","Est.Duration:<2hr"
"Colon cancer, transverse","Transverse colectomy","Colorectal","Open","Supine","2","Colorectal","71.6","Major","Abdominal / GI","Open","Colectomy / Bowel Resection","Malignancy | Primary | Supine","Est.Duration:1-3hr"
"Endometrial cancer unknown stage","Hysterectomy","Major resection","Videoscopic","Lithotomy","2","Major resection","61.9","Major","Abdominal / GI","Laparoscopic","Other Procedure","Malignancy | Primary | Lithotomy","Est.Duration:1-3hr"
"Adenomyomatosis of gallbladder","Cholecystectomy","Biliary/Pancreas","Videoscopic","Reverse Trendelenburg","2","Biliary/Pancreas","65.0","Major","Abdominal / GI","Laparoscopic","Cystoscopy / TURBT","Benign/Non-malignant | Primary | Trendelenburg","Est.Duration:<2hr"
"Colon cancer","Low anterior resection","Colorectal","Videoscopic","Lithotomy","2","Colorectal","80.7","Major","Abdominal / GI","Laparoscopic","Colectomy / Bowel Resection","Malignancy | Primary | Lithotomy","Est.Duration:2-4hr"
"Neurogenic tumor","Excision","Others","Open","Supine","2","CraniTumorSkullBase","73.8","Minor","Neuro / Spine","Open","Craniotomy","Malignancy | Primary | Supine","Est.Duration:1-3hr"
"Hepatocellular carcinoma","Lung wedge resection","Minor resection","Videoscopic","Left lateral decubitus","2","Minor resection","71.1","Major","Thoracic","Laparoscopic","Thoracic Resection","Malignancy | Primary | Lateral Decubitus","Est.Duration:2-4hr"
"Mediastinal mass","Excision","Others","Videoscopic","Supine","2","Others","56.4","Minor","Soft Tissue / Access / Misc","Laparoscopic","Other Procedure","Benign/Non-malignant | Primary | Supine","Est.Duration:1-3hr"
"Gallbladder cancer","Segmental resection of bile duct","Biliary/Pancreas","Open","Supine","2","Biliary/Pancreas","75.6","Major","Abdominal / GI","Open","Hepatobiliary / Pancreatic Resection","Malignancy | Primary | Supine","Est.Duration:>6hr"
"Adenocarcinoma of ampulla of vater","Pylorus preserving pancreaticoduodenectomy","Biliary/Pancreas","Open","Supine","2","Biliary/Pancreas","76.4","Major","Abdominal / GI","Open","Hepatobiliary / Pancreatic Resection","Malignancy | Primary | Supine","Est.Duration:>6hr"
"Kidney donor","Donor nephrectomy","Transplantation","Videoscopic","Left kidney","2","Transplantation","72.6","Major","Urology","Laparoscopic","Transplant / Major Reconstruction","Benign/Non-malignant | Primary | Lateral Kidney","Est.Duration:2-4hr"
"Rectal cancer","Transanal excision","Colorectal","Open","Lithotomy","2","Colorectal","77.3","Minor","Abdominal / GI","Open","Colectomy / Bowel Resection","Malignancy | Primary | Lithotomy","Est.Duration:<2hr"
"Papillary thyroid carcinoma","Thyroid lobectomy","Thyroid","Robotic","Supine","2","Thyroid","67.6","Major","ENT / Head & Neck","Robotic","Thyroid / Parathyroid","Malignancy | Primary | Supine","Est.Duration:1-3hr"
"Cholangiocarcinoma, intrahepatic","Liver segmentectomy","Hepatic","Videoscopic","Lithotomy","2","Hepatic","67.4","Major","Abdominal / GI","Laparoscopic","Hepatobiliary / Pancreatic Resection","Malignancy | Primary | Lithotomy","Est.Duration:2-5hr"
"Choledochal cyst","Excision","Biliary/Pancreas","Videoscopic","Supine","2","CraniTumorSkullBase","68.2","Minor","Neuro / Spine","Laparoscopic","Craniotomy","Benign/Non-malignant | Primary | Supine","Est.Duration:1-3hr"
"Intraductal papillary mucinous neoplasm of pancreas, benign","Pylorus preserving pancreaticoduodenectomy","Biliary/Pancreas","Open","Supine","2","Biliary/Pancreas","53.0","Major","Abdominal / GI","Open","Hepatobiliary / Pancreatic Resection","Malignancy | Primary | Supine","Est.Duration:>6hr"
"Endometrial hyperplasia","Radical hysterectomy","Major resection","Videoscopic","Lithotomy","2","Major resection","71.6","Major","Abdominal / GI","Laparoscopic","Other Procedure","Benign/Non-malignant | Primary | Lithotomy","Est.Duration:1-3hr"
"Colon cancer, sigmoid","Excision","Others","Open","Supine","2","CraniTumorSkullBase","71.5","Minor","Neuro / Spine","Open","Craniotomy","Malignancy | Primary | Supine","Est.Duration:1-3hr"
"Lung nodule","Lung sgmentectomy","Minor resection","Videoscopic","Right lateral decubitus","2","Minor resection","78.5","Major","Thoracic","Laparoscopic","Thoracic Resection","Benign/Non-malignant | Primary | Lateral Decubitus","Est.Duration:2-4hr"
"Familial adenomatous polyposis","Total proctocolectomy","Colorectal","Videoscopic","Lithotomy","2","Colorectal","69.0","Major","Abdominal / GI","Laparoscopic","Colectomy / Bowel Resection","Benign/Non-malignant | Primary | Lithotomy","Est.Duration:3-6hr"
"Liver cirrhosis with hepatitis B Child-Pugh C","Liver transplantation","Transplantation","Open","Supine","2","Transplantation","68.2","Major","Abdominal / GI","Open","Hepatobiliary / Pancreatic Resection","Benign/Non-malignant | Primary | Transplant/Reconstruction | Supine","Est.Duration:>6hr"
"Colon cancer","Anterior resection","Colorectal","Videoscopic","Lithotomy","2","Colorectal","60.2","Major","Abdominal / GI","Laparoscopic","Colectomy / Bowel Resection","Malignancy | Primary | Lithotomy","Est.Duration:1-3hr"
"Cervical cancer, stage 1B1","Radical hysterectomy","Major resection","Videoscopic","Lithotomy","2","Major resection","70.6","Major","Abdominal / GI","Laparoscopic","Other Procedure","Malignancy | Primary | Lithotomy","Est.Duration:1-3hr"
"Cholangiocarcinoma, intrahepatic","Liver segmentectomy","Hepatic","Open","Supine","2","Hepatic","67.4","Major","Abdominal / GI","Open","Hepatobiliary / Pancreatic Resection","Malignancy | Primary | Supine","Est.Duration:2-5hr"
"Pilonidal sinus","Excision","Colorectal","Open","Prone","2","CraniTumorSkullBase","65.4","Minor","Neuro / Spine","Open","Colectomy / Bowel Resection","Benign/Non-malignant | Primary | Prone","Est.Duration:1-3hr"
"Klatskin tumor","Segmental resection of bile duct","Biliary/Pancreas","Open","Supine","2","Biliary/Pancreas","69.6","Major","Abdominal / GI","Open","Hepatobiliary / Pancreatic Resection","Malignancy | Primary | Supine","Est.Duration:>6hr"
"Abnormal chest X-ray, lung","Lung wedge resection","Minor resection","Videoscopic","Left lateral decubitus","2","Minor resection","70.6","Major","Thoracic","Laparoscopic","Thoracic Resection","Benign/Non-malignant | Primary | Lateral Decubitus","Est.Duration:2-4hr"
"Left inguinal hernia not specified as recurrent","Hernia repair","Colorectal","Open","Supine","2","Colorectal","59.1","Minor","Abdominal / GI","Open","Colectomy / Bowel Resection","Benign/Non-malignant | Revision | Supine","Est.Duration:<2hr"
"Kidney donor","Donor nephrectomy","Transplantation","Videoscopic","Supine","2","Transplantation","72.6","Major","Urology","Laparoscopic","Transplant / Major Reconstruction","Benign/Non-malignant | Primary | Supine","Est.Duration:2-4hr"
"Colon cancer","Hemicolectomy","Colorectal","Open","Supine","2","Colorectal","74.0","Major","Abdominal / GI","Open","Colectomy / Bowel Resection","Malignancy | Primary | Supine","Est.Duration:2-4hr"
"Pancreatic disease","Partial pancreatectomy","Biliary/Pancreas","Open","Supine","2","Biliary/Pancreas","75.9","Major","Abdominal / GI","Open","Hepatobiliary / Pancreatic Resection","Benign/Non-malignant | Primary | Supine","Est.Duration:2-5hr"
"Colorectal cancer","Anterior resection","Colorectal","Videoscopic","Lithotomy","2","Colorectal","74.0","Major","Abdominal / GI","Laparoscopic","Colectomy / Bowel Resection","Malignancy | Primary | Lithotomy","Est.Duration:1-3hr"
"Cecal cancer","Hemicolectomy","Colorectal","Videoscopic","Lithotomy","2","Colorectal","74.0","Major","Abdominal / GI","Laparoscopic","Colectomy / Bowel Resection","Malignancy | Primary | Lithotomy","Est.Duration:2-4hr"
"Atherosclerosis obliterans, limb","Femoro-popliteal bypass","Vascular","Open","Supine","2","Vascular","69.7","Major","Vascular","Open","Vascular Reconstruction","Benign/Non-malignant | Primary | Supine","Est.Duration:>6hr"
"Unspecified gastric cancer","Total gastrectomy","Stomach","Open","Supine","2","Stomach","80.5","Major","Abdominal / GI","Open","Gastric Resection","Malignancy | Primary | Supine","Est.Duration:2-5hr"
"Atherosclerosis obliteranswithout gangrene","Endarterectomy","Vascular","Open","Supine","2","Carotid","65.1","Major","Vascular","Open","Vascular Reconstruction","Benign/Non-malignant | Primary | Supine","Est.Duration:2-5hr"
"Liver cirrhosis","Liver transplantation","Transplantation","Open","Supine","2","Transplantation","68.0","Major","Abdominal / GI","Open","Hepatobiliary / Pancreatic Resection","Benign/Non-malignant | Primary | Transplant/Reconstruction | Supine","Est.Duration:>6hr"
"Colon cancer, descending","Anterior resection","Colorectal","Open","Lithotomy","2","Colorectal","60.2","Major","Abdominal / GI","Open","Colectomy / Bowel Resection","Malignancy | Primary | Lithotomy","Est.Duration:1-3hr"
"Rectal cancer","Metastasectomy","Minor resection","Videoscopic","Left lateral decubitus","2","Minor resection","74.0","Major","Thoracic","Laparoscopic","Other Procedure","Malignancy | Primary | Lateral Decubitus","Est.Duration:1-3hr"
"Thyroid nodule","Excision","Others","Open","Supine","2","CraniTumorSkullBase","71.2","Minor","Neuro / Spine","Open","Craniotomy","Benign/Non-malignant | Primary | Supine","Est.Duration:1-3hr"
"Liposarcoma","Excision","Others","Open","Lithotomy","2","CraniTumorSkullBase","75.8","Minor","Neuro / Spine","Open","Craniotomy","Malignancy | Primary | Lithotomy","Est.Duration:1-3hr"
"Choledochal cyst","Choledochal cyst excision","Biliary/Pancreas","Robotic","Supine","2","Biliary/Pancreas","79.0","Major","Abdominal / GI","Robotic","Hepatobiliary / Pancreatic Resection","Benign/Non-malignant | Primary | Supine","Est.Duration:2-5hr"
"Mediastinal mass","Excision","Others","Open","Left lateral decubitus","2","Others","56.9","Minor","Soft Tissue / Access / Misc","Open","Other Procedure","Benign/Non-malignant | Primary | Lateral Decubitus","Est.Duration:1-3hr"
"Bladder cancer","Radical cystectomy","Major resection","Robotic","Lithotomy","2","Major resection","76.4","Major","Urology","Robotic","Cystoscopy / TURBT","Malignancy | Primary | Lithotomy","Est.Duration:>6hr"
"Neuroendocrine tumor of duodenum, G1","Distal gastrectomy","Stomach","Videoscopic","Supine","2","Stomach","65.3","Major","Abdominal / GI","Laparoscopic","Gastric Resection","Malignancy | Primary | Supine","Est.Duration:2-5hr"
"Ductal carcinoma in situ of breast left","Wide excision","Others","Open","Supine","2","Others","60.8","Minor","Soft Tissue / Access / Misc","Open","Other Procedure","Malignancy | Primary | Supine","Est.Duration:<2hr"
"Metastatic cancer to the lung left","Lung wedge resection","Minor resection","Videoscopic","Right lateral decubitus","2","Minor resection","66.9","Major","Thoracic","Laparoscopic","Thoracic Resection","Malignancy | Primary | Lateral Decubitus","Est.Duration:2-4hr"
"Colon cancer","Metastasectomy","Minor resection","Videoscopic","Right lateral decubitus","2","Minor resection","75.0","Major","Thoracic","Laparoscopic","Other Procedure","Malignancy | Primary | Lateral Decubitus","Est.Duration:1-3hr"
"Unspecified mass (localized swelling)","Excision","Others","Open","Supine","2","Others","55.5","Minor","Soft Tissue / Access / Misc","Open","Other Procedure","Benign/Non-malignant | Primary | Supine","Est.Duration:1-3hr"
"Malignant neoplasm of pancreas head","Pylorus preserving pancreaticoduodenectomy","Biliary/Pancreas","Open","Supine","2","Biliary/Pancreas","76.0","Major","Abdominal / GI","Open","Hepatobiliary / Pancreatic Resection","Malignancy | Primary | Supine","Est.Duration:>6hr"
"Pancreatic cyst","Distal pancreatectomy","Biliary/Pancreas","Videoscopic","Supine","2","Biliary/Pancreas","77.5","Major","Abdominal / GI","Laparoscopic","Hepatobiliary / Pancreatic Resection","Benign/Non-malignant | Primary | Supine","Est.Duration:2-4hr"
"Acute appendicitis with peritoneal abscess","Ileocecectomy","Colorectal","Open","Supine","2","Colorectal","60.1","Major","Abdominal / GI","Open","Colectomy / Bowel Resection","Benign/Non-malignant | Primary | Supine","Est.Duration:1-3hr"
"Infiltrating ductal carcinoma of breast left","Wide excision","Others","Open","Supine","2","Others","59.7","Minor","Soft Tissue / Access / Misc","Open","Other Procedure","Malignancy | Primary | Supine","Est.Duration:<2hr"
"Early gastric cancer","Distal gastrectomy","Stomach","Robotic","Reverse Trendelenburg","2","Stomach","72.0","Major","Abdominal / GI","Robotic","Gastric Resection","Malignancy | Primary | Trendelenburg","Est.Duration:2-5hr"
"Abdominal mass","Excision","Others","Open","Prone","2","CraniTumorSkullBase","70.5","Minor","Neuro / Spine","Open","Craniotomy","Benign/Non-malignant | Primary | Prone","Est.Duration:1-3hr"
"Gallbladder cancer","Metastasectomy","Minor resection","Videoscopic","Right lateral decubitus","2","Minor resection","70.1","Major","Thoracic","Laparoscopic","Other Procedure","Malignancy | Primary | Lateral Decubitus","Est.Duration:1-3hr"
"Type 2 diabetes mellitus","Distal gastrectomy","Stomach","Videoscopic","Supine","2","Stomach","69.8","Major","Abdominal / GI","Laparoscopic","Gastric Resection","Benign/Non-malignant | Primary | Supine","Est.Duration:2-5hr"
"Symptomatic gallbladder stone with obstruction","Cholecystectomy","Biliary/Pancreas","Videoscopic","Reverse Trendelenburg","2","Biliary/Pancreas","60.6","Major","Abdominal / GI","Laparoscopic","Cystoscopy / TURBT","Benign/Non-malignant | Primary | Trendelenburg","Est.Duration:<2hr"
"Intraductal papilloma of breast left","Excision","Breast","Open","Supine","2","PituitaryTSA","61.7","Minor","Neuro / Spine","Open","Breast Surgery","Benign/Non-malignant | Primary | Supine","Est.Duration:1-3hr"
"Osteosarcoma","Metastasectomy","Minor resection","Videoscopic","Left lateral decubitus","2","Minor resection","75.0","Major","Thoracic","Laparoscopic","Other Procedure","Malignancy | Primary | Lateral Decubitus","Est.Duration:1-3hr"
"Thymic cyst","Excision","Others","Open","Supine","2","CraniTumorSkullBase","69.9","Minor","Neuro / Spine","Open","Craniotomy","Benign/Non-malignant | Primary | Supine","Est.Duration:1-3hr"
"Abdominal mass","Exploratory laparotomy","Others","Open","Supine","2","Others","78.9","Major","Soft Tissue / Access / Misc","Open","Other Procedure","Benign/Non-malignant | Primary | Supine","Est.Duration:2-4hr"
"Colon cancer, sigmoid","Low anterior resection","Colorectal","Videoscopic","Supine","2","Colorectal","74.6","Major","Abdominal / GI","Laparoscopic","Colectomy / Bowel Resection","Malignancy | Primary | Supine","Est.Duration:2-4hr"
"bladder cancer","Transurethral resection of bladder tumor","Minor resection","Videoscopic","Lithotomy","2","Minor resection","85.8","Minor","Urology","Laparoscopic","Cystoscopy / TURBT","Malignancy | Primary | Lithotomy","Est.Duration:<2hr"
"Aneurysm, popliteal artery","Resection of popliteal artery","Vascular","Open","Supine","2","Vascular","63.6","Major","Vascular","Open","Vascular Reconstruction","Benign/Non-malignant | Primary | Supine","Est.Duration:2-5hr"
"Breast cancer unspecified side","Total mastectomy","Breast","Open","Supine","2","Breast","56.9","Major","ENT / Head & Neck","Open","Breast Surgery","Malignancy | Primary | Supine","Est.Duration:<2hr"
"Colon cancer, sigmoid","Total colectomy","Colorectal","Open","Lithotomy","2","Colorectal","69.7","Major","Abdominal / GI","Open","Colectomy / Bowel Resection","Malignancy | Primary | Lithotomy","Est.Duration:2-4hr"
"Intraductal papillary mucinous neoplasm of pancreas, benign","Spleen preserving distal pancreatectomy","Biliary/Pancreas","Videoscopic","Supine","2","Biliary/Pancreas","52.8","Major","Abdominal / GI","Laparoscopic","Hepatobiliary / Pancreatic Resection","Malignancy | Primary | Supine","Est.Duration:1-3hr"
"Left inguinal hernia recurrent","Hernia repair","Colorectal","Open","Supine","2","Colorectal","63.4","Minor","Abdominal / GI","Open","Colectomy / Bowel Resection","Benign/Non-malignant | Revision | Supine","Est.Duration:<2hr"
"Colon cancer, rectosigmoid","Anterior resection","Colorectal","Videoscopic","Supine","2","Colorectal","69.3","Major","Abdominal / GI","Laparoscopic","Colectomy / Bowel Resection","Malignancy | Primary | Supine","Est.Duration:1-3hr"
"Neurogenic tumor","Excision","Others","Open","Right lateral decubitus","2","CraniTumorSkullBase","73.8","Minor","Neuro / Spine","Open","Craniotomy","Malignancy | Primary | Lateral Decubitus","Est.Duration:1-3hr"
"Pancreatic disease","Distal pancreatectomy","Biliary/Pancreas","Videoscopic","Supine","2","Biliary/Pancreas","75.3","Major","Abdominal / GI","Laparoscopic","Hepatobiliary / Pancreatic Resection","Benign/Non-malignant | Primary | Supine","Est.Duration:2-4hr"
"Renal cell carcinoma unspecified side","Exploratory laparotomy","Others","Open","Supine","2","Others","67.1","Major","Soft Tissue / Access / Misc","Open","Other Procedure","Malignancy | Primary | Supine","Est.Duration:2-4hr"
"Colon cancer, descending","Hemicolectomy","Colorectal","Open","Lithotomy","2","Colorectal","66.3","Major","Abdominal / GI","Open","Colectomy / Bowel Resection","Malignancy | Primary | Lithotomy","Est.Duration:2-4hr"
"Colon cancer","subtotal colectomy","Colorectal","Videoscopic","Lithotomy","2","Colorectal","78.2","Major","Abdominal / GI","Laparoscopic","Colectomy / Bowel Resection","Malignancy | Primary | Lithotomy","Est.Duration:2-4hr"
"Rectal cancer","Low anterior resection","Colorectal","Robotic","Lithotomy","2","Colorectal","79.8","Major","Abdominal / GI","Robotic","Colectomy / Bowel Resection","Malignancy | Primary | Lithotomy","Est.Duration:2-4hr"
"Hepatocellular carcinoma","Hemihepatectomy","Hepatic","Open","Supine","2","Hepatic","67.5","Major","Abdominal / GI","Open","Hepatobiliary / Pancreatic Resection","Malignancy | Primary | Supine","Est.Duration:3-6hr"
"Duodenal cancer","Pylorus preserving pancreaticoduodenectomy","Biliary/Pancreas","Open","Supine","2","Biliary/Pancreas","85.7","Major","Abdominal / GI","Open","Hepatobiliary / Pancreatic Resection","Malignancy | Primary | Supine","Est.Duration:>6hr"
"infiltrating ductal carcinoma of breast Right","Metastasectomy","Minor resection","Videoscopic","Left lateral decubitus","2","Minor resection","60.1","Major","Thoracic","Laparoscopic","Other Procedure","Malignancy | Primary | Lateral Decubitus","Est.Duration:1-3hr"
"Hepatocellular carcinoma","Liver sectionectomy","Hepatic","Open","Lithotomy","2","Hepatic","70.5","Major","Abdominal / GI","Open","Hepatobiliary / Pancreatic Resection","Malignancy | Primary | Lithotomy","Est.Duration:2-5hr"
"Adhesive ileus","Small bowel segmental resection","Stomach","Open","Supine","2","Stomach","63.4","Major","Abdominal / GI","Open","Colectomy / Bowel Resection","Benign/Non-malignant | Primary | Supine","Est.Duration:1-3hr"
"Early gastric cancer","Pylorus preserving gastrectomy","Stomach","Robotic","Supine","2","Stomach","78.6","Major","Abdominal / GI","Robotic","Gastric Resection","Malignancy | Primary | Supine","Est.Duration:2-5hr"
"Rectal prolapse","Delorme's operation","Colorectal","Open","Prone","2","Colorectal","75.3","Major","Abdominal / GI","Open","Colectomy / Bowel Resection","Benign/Non-malignant | Primary | Prone","Est.Duration:<2hr"
"Gallbladder stone with cholecystitis without obstruction","Cholecystectomy","Biliary/Pancreas","Videoscopic","Reverse Trendelenburg","2","Others","56.8","Major","Urology","Laparoscopic","Cystoscopy / TURBT","Benign/Non-malignant | Primary | Trendelenburg","Est.Duration:<2hr"
"Early gastric cancer","Total gastrectomy","Stomach","Videoscopic","Reverse Trendelenburg","2","Stomach","71.3","Major","Abdominal / GI","Laparoscopic","Gastric Resection","Malignancy | Primary | Trendelenburg","Est.Duration:2-5hr"
"Symptomatic gallbladder stone with obstruction","Cholecystectomy","Biliary/Pancreas","Videoscopic","Lithotomy","2","Biliary/Pancreas","60.6","Major","Abdominal / GI","Laparoscopic","Cystoscopy / TURBT","Benign/Non-malignant | Primary | Lithotomy","Est.Duration:<2hr"
"Infiltrating ductal carcinoma of breast unspecified side","Simple mastectomy","Breast","Open","Supine","2","Biliary/Pancreas","51.5","Major","Abdominal / GI","Open","Breast Surgery","Malignancy | Primary | Supine","Est.Duration:1-3hr"
"Breast cancer left","Wide excision","Others","Open","Supine","2","Others","69.1","Minor","Soft Tissue / Access / Misc","Open","Other Procedure","Malignancy | Primary | Supine","Est.Duration:<2hr"
"Colon cancer","Anterior resection","Colorectal","Open","Supine","2","Colorectal","60.4","Major","Abdominal / GI","Open","Colectomy / Bowel Resection","Malignancy | Primary | Supine","Est.Duration:1-3hr"
"Colorectal cancer","Anterior resection","Colorectal","Open","Lithotomy","2","Colorectal","74.0","Major","Abdominal / GI","Open","Colectomy / Bowel Resection","Malignancy | Primary | Lithotomy","Est.Duration:1-3hr"
"Ductal carcinoma in situ of breast left","Total mastectomy","Breast","Open","Supine","2","Breast","56.9","Major","ENT / Head & Neck","Open","Breast Surgery","Malignancy | Primary | Supine","Est.Duration:<2hr"
"Metastatic cancer to the liver","Liver sectionectomy","Hepatic","Open","Supine","2","Hepatic","64.8","Major","Abdominal / GI","Open","Hepatobiliary / Pancreatic Resection","Malignancy | Primary | Supine","Est.Duration:2-5hr"
"Metastatic cancer to the lung unspecified side","Metastasectomy","Minor resection","Open","Right lateral decubitus","2","Minor resection","59.9","Major","Thoracic","Open","Other Procedure","Malignancy | Primary | Lateral Decubitus","Est.Duration:1-3hr"
"Epithelial ovarian cancer unknown stage unspecified side","Diagnostic laparoscopy","Minor resection","Videoscopic","Lithotomy","2","Others","51.3","Minor","Abdominal / GI","Laparoscopic","Other Procedure","Malignancy | Primary | Lithotomy","Est.Duration:2-5hr"
"Early gastric cancer","Closure of wound","Others","Open","Supine","2","Others","70.5","Minor","Soft Tissue / Access / Misc","Open","Other Procedure","Malignancy | Primary | Supine","Est.Duration:<2hr"
"Neck mass","Excision","Others","Open","Supine","2","Others","58.2","Minor","Soft Tissue / Access / Misc","Open","Other Procedure","Benign/Non-malignant | Primary | Supine","Est.Duration:1-3hr"
"Colon cancer, sigmoid","Anterior resection","Colorectal","Videoscopic","Trendelenburg","2","Colorectal","72.0","Major","Abdominal / GI","Laparoscopic","Colectomy / Bowel Resection","Malignancy | Primary | Trendelenburg","Est.Duration:1-3hr"
"Mediastinal mass","Excision","Others","Videoscopic","Right lateral decubitus","2","Others","56.4","Minor","Soft Tissue / Access / Misc","Laparoscopic","Other Procedure","Benign/Non-malignant | Primary | Lateral Decubitus","Est.Duration:1-3hr"
"End stage renal disease","Bleeding control","Others","Open","Supine","2","Others","68.8","Minor","Soft Tissue / Access / Misc","Open","Other Procedure","Benign/Non-malignant | Primary | Supine","Est.Duration:1-3hr"
"Abnormal finding on lung imaging","Lung sgmentectomy","Minor resection","Videoscopic","Right lateral decubitus","2","Minor resection","65.7","Major","Thoracic","Laparoscopic","Thoracic Resection","Benign/Non-malignant | Primary | Lateral Decubitus","Est.Duration:2-4hr"
"Rectal prolapse, female","Delorme's operation","Colorectal","Open","Prone","2","Colorectal","71.5","Major","Abdominal / GI","Open","Colectomy / Bowel Resection","Benign/Non-malignant | Primary | Prone","Est.Duration:<2hr"
"Atypical ductal hyperplasia, breast","Wide excision","Others","Open","Supine","2","Others","62.1","Minor","Soft Tissue / Access / Misc","Open","Other Procedure","Benign/Non-malignant | Primary | Supine","Est.Duration:<2hr"
"Abdominal mass","Excision","Colorectal","Open","Supine","2","CraniTumorSkullBase","70.5","Minor","Neuro / Spine","Open","Colectomy / Bowel Resection","Benign/Non-malignant | Primary | Supine","Est.Duration:1-3hr"
"Fungus ball","Lung wedge resection","Minor resection","Videoscopic","Right lateral decubitus","2","Minor resection","80.5","Major","Thoracic","Laparoscopic","Thoracic Resection","Benign/Non-malignant | Primary | Lateral Decubitus","Est.Duration:2-4hr"
"Pancreatic cyst","Distal pancreatectomy","Biliary/Pancreas","Videoscopic","Supine","2","Biliary/Pancreas","77.5","Major","Abdominal / GI","Laparoscopic","Hepatobiliary / Pancreatic Resection","Benign/Non-malignant | Primary | Supine","Est.Duration:2-4hr"
"Colon cancer","Ileostomy repair","Colorectal","Open","Supine","2","Colorectal","76.7","Minor","Abdominal / GI","Open","Colectomy / Bowel Resection","Malignancy | Revision | Supine","Est.Duration:<2hr"
"Klatskin tumor","Hepatic hilar resection","Biliary/Pancreas","Open","Supine","2","Biliary/Pancreas","79.5","Major","Abdominal / GI","Open","Hepatobiliary / Pancreatic Resection","Malignancy | Primary | Supine","Est.Duration:2-5hr"
"Rectal cancer","Debulking surgery","Others","Open","Supine","2","Others","76.5","Major","Soft Tissue / Access / Misc","Open","Other Procedure","Malignancy | Primary | Supine","Est.Duration:2-5hr"
"Alagille syndrome","Liver transplantation","Transplantation","Open","Supine","2","Transplantation","76.0","Major","Abdominal / GI","Open","Hepatobiliary / Pancreatic Resection","Benign/Non-malignant | Primary | Transplant/Reconstruction | Supine","Est.Duration:>6hr"
"Wilson' disease","Liver transplantation","Transplantation","Open","Supine","2","Transplantation","78.3","Major","Abdominal / GI","Open","Hepatobiliary / Pancreatic Resection","Benign/Non-malignant | Primary | Transplant/Reconstruction | Supine","Est.Duration:>6hr"
"Wilson' disease","Liver transplantation","Transplantation","Open","Supine","2","Transplantation","78.3","Major","Abdominal / GI","Open","Hepatobiliary / Pancreatic Resection","Benign/Non-malignant | Primary | Transplant/Reconstruction | Supine","Est.Duration:>6hr"
"Gallbladder polyp","Cholecystectomy","Biliary/Pancreas","Robotic","Supine","2","Biliary/Pancreas","71.6","Major","Abdominal / GI","Robotic","Cystoscopy / TURBT","Benign/Non-malignant | Primary | Supine","Est.Duration:<2hr"
"Rectal cancer","Ultralow anterior resection","Colorectal","Videoscopic","Lithotomy","2","Colorectal","82.2","Major","Abdominal / GI","Laparoscopic","Colectomy / Bowel Resection","Malignancy | Primary | Lithotomy","Est.Duration:2-5hr"
"Myoma uteri","Hysterectomy","Major resection","Videoscopic","Trendelenburg","2","Major resection","74.0","Major","Abdominal / GI","Laparoscopic","Other Procedure","Benign/Non-malignant | Primary | Trendelenburg","Est.Duration:1-3hr"
"Duodenal cancer","Pancreaticoduodenectomy","Biliary/Pancreas","Open","Supine","2","Biliary/Pancreas","78.7","Major","Abdominal / GI","Open","Hepatobiliary / Pancreatic Resection","Malignancy | Primary | Supine","Est.Duration:>6hr"
"Hepatocellular carcinoma","Lung wedge resection","Minor resection","Videoscopic","Left lateral decubitus","2","Minor resection","71.1","Major","Thoracic","Laparoscopic","Thoracic Resection","Malignancy | Primary | Lateral Decubitus","Est.Duration:2-4hr"
"Carcinoid tumor of lung left","Lung lobectomy","Major resection","Videoscopic","Right lateral decubitus","2","Major resection","64.9","Major","Thoracic","Laparoscopic","Thoracic Resection","Malignancy | Primary | Lateral Decubitus","Est.Duration:2-4hr"
"Rectal cancer","Exploratory laparotomy","Others","Open","Lithotomy","2","Others","79.8","Major","Soft Tissue / Access / Misc","Open","Other Procedure","Malignancy | Primary | Lithotomy","Est.Duration:2-4hr"
"Ampulla of vater cancer","Pylorus preserving pancreaticoduodenectomy","Biliary/Pancreas","Open","Supine","2","Biliary/Pancreas","81.1","Major","Abdominal / GI","Open","Hepatobiliary / Pancreatic Resection","Malignancy | Primary | Supine","Est.Duration:>6hr"
"Pericardial cyst","Excision","Others","Videoscopic","Supine","2","CraniTumorSkullBase","65.8","Minor","Neuro / Spine","Laparoscopic","Craniotomy","Benign/Non-malignant | Primary | Supine","Est.Duration:1-3hr"
"Acute cholecystitis","Cholecystectomy","Biliary/Pancreas","Videoscopic","Reverse Trendelenburg","2","Biliary/Pancreas","70.3","Major","Abdominal / GI","Laparoscopic","Cystoscopy / TURBT","Benign/Non-malignant | Primary | Trendelenburg","Est.Duration:<2hr"
"Abdominal mass","Excision","Others","Open","Supine","2","CraniTumorSkullBase","70.5","Minor","Neuro / Spine","Open","Craniotomy","Benign/Non-malignant | Primary | Supine","Est.Duration:1-3hr"
"Neurogenic tumor","Excision","Others","Videoscopic","Left lateral decubitus","2","CraniTumorSkullBase","73.8","Minor","Neuro / Spine","Laparoscopic","Craniotomy","Malignancy | Primary | Lateral Decubitus","Est.Duration:1-3hr"
"Colonic polyp","Hemicolectomy","Colorectal","Open","Supine","2","Colorectal","73.0","Major","Abdominal / GI","Open","Colectomy / Bowel Resection","Benign/Non-malignant | Primary | Supine","Est.Duration:2-4hr"
"Colon cancer","Metastasectomy","Minor resection","Videoscopic","Left lateral decubitus","2","Minor resection","75.0","Major","Thoracic","Laparoscopic","Other Procedure","Malignancy | Primary | Lateral Decubitus","Est.Duration:1-3hr"
"Cecal cancer","Exploratory laparotomy","Others","Open","Supine","2","Others","80.7","Major","Soft Tissue / Access / Misc","Open","Other Procedure","Malignancy | Primary | Supine","Est.Duration:2-4hr"
"Pneumothorax","Bullectomy","Minor resection","Videoscopic","Left lateral decubitus","2","Minor resection","70.6","Minor","Thoracic","Laparoscopic","Other Procedure","Benign/Non-malignant | Primary | Lateral Decubitus","Est.Duration:<2hr"
"End stage renal disease","Simultaneous pancreas-kidney transplantation","Transplantation","Open","Supine","2","Transplantation","81.6","Major","Urology","Open","Transplant / Major Reconstruction","Benign/Non-malignant | Primary | Transplant/Reconstruction | Supine","Est.Duration:>6hr"
"Malignant melanoma","Inguinal lymph node dissection","Colorectal","Open","Supine","2","Colorectal","79.8","Major","Abdominal / GI","Open","Colectomy / Bowel Resection","Malignancy | Primary | Supine","Est.Duration:1-3hr"
"Peritonitis","Exploratory laparotomy","Others","Open","Supine","2","Others","81.6","Major","Soft Tissue / Access / Misc","Open","Other Procedure","Benign/Non-malignant | Primary | Supine","Est.Duration:2-4hr"
"Cervical cancer, stage 1B2","Radical hysterectomy","Major resection","Videoscopic","Lithotomy","2","Major resection","70.6","Major","Abdominal / GI","Laparoscopic","Other Procedure","Malignancy | Primary | Lithotomy","Est.Duration:1-3hr"
"Appendiceal cancer","Hemicolectomy","Colorectal","Videoscopic","Lithotomy","2","Colorectal","69.1","Major","Abdominal / GI","Laparoscopic","Colectomy / Bowel Resection","Malignancy | Primary | Lithotomy","Est.Duration:2-4hr"
"Neuroendocrine tumor of pancreas, G1","Enucleation of pancreas","Biliary/Pancreas","Open","Supine","2","Biliary/Pancreas","68.3","Major","Abdominal / GI","Open","Hepatobiliary / Pancreatic Resection","Malignancy | Primary | Supine","Est.Duration:3-6hr"
"Lung cancer left","Lung sgmentectomy","Minor resection","Videoscopic","Left lateral decubitus","2","Minor resection","74.0","Major","Thoracic","Laparoscopic","Thoracic Resection","Malignancy | Primary | Lateral Decubitus","Est.Duration:2-4hr"
"Colon cancer, ascending","Exploratory laparotomy","Others","Open","Supine","2","Others","73.4","Major","Soft Tissue / Access / Misc","Open","Other Procedure","Malignancy | Primary | Supine","Est.Duration:2-4hr"
"Serous cystic tumor of pancreas, benign","Distal pancreatectomy","Biliary/Pancreas","Videoscopic","Supine","2","Biliary/Pancreas","66.2","Major","Abdominal / GI","Laparoscopic","Hepatobiliary / Pancreatic Resection","Malignancy | Primary | Supine","Est.Duration:2-4hr"
"Thyroid nodule","Thyroid lobectomy","Thyroid","Robotic","Supine","2","Thyroid","75.6","Major","ENT / Head & Neck","Robotic","Thyroid / Parathyroid","Benign/Non-malignant | Primary | Supine","Est.Duration:1-3hr"
"Liposarcoma","Excision","Others","Open","Supine","2","CraniTumorSkullBase","75.8","Minor","Neuro / Spine","Open","Craniotomy","Malignancy | Primary | Supine","Est.Duration:1-3hr"
"Esophageal cancer","Ivor Lewis operation","Others","Open","Supine","2","Others","75.4","Major","Soft Tissue / Access / Misc","Open","Other Procedure","Malignancy | Primary | Supine","Est.Duration:>6hr"
"Malignant neoplasm of breast right","Breast-conserving surgery","Breast","Open","Supine","2","Breast","69.7","Major","ENT / Head & Neck","Open","Breast Surgery","Malignancy | Primary | Supine","Est.Duration:1-3hr"
"Colon cancer","Low anterior resection","Colorectal","Open","Lithotomy","2","Colorectal","66.2","Major","Abdominal / GI","Open","Colectomy / Bowel Resection","Malignancy | Primary | Lithotomy","Est.Duration:2-4hr"
"Hepatocellular carcinoma","Excision","Others","Open","Supine","2","CraniTumorSkullBase","71.1","Minor","Neuro / Spine","Open","Craniotomy","Malignancy | Primary | Supine","Est.Duration:1-3hr"
"Thyroid nodule","Total thyroidectomy","Thyroid","Videoscopic","Supine","2","Thyroid","77.1","Major","ENT / Head & Neck","Laparoscopic","Thyroid / Parathyroid","Benign/Non-malignant | Primary | Supine","Est.Duration:2-4hr"
"Early gastric cancer","Pylorus preserving gastrectomy","Stomach","Robotic","Supine","2","Stomach","78.6","Major","Abdominal / GI","Robotic","Gastric Resection","Malignancy | Primary | Supine","Est.Duration:2-5hr"
"Nontuberculous mycobacterial infection","Lung lobectomy","Major resection","Videoscopic","Left lateral decubitus","2","Major resection","61.7","Major","Thoracic","Laparoscopic","Thoracic Resection","Benign/Non-malignant | Primary | Lateral Decubitus","Est.Duration:2-4hr"
"end stage renal disease","Kidney transplantation","Transplantation","Open","Supine","2","Transplantation","63.2","Major","Urology","Open","Transplant / Major Reconstruction","Benign/Non-malignant | Primary | Transplant/Reconstruction | Supine","Est.Duration:3-6hr"
"Autoimmune hepatitis","Liver transplantation","Transplantation","Open","Supine","2","Transplantation","74.0","Major","Abdominal / GI","Open","Hepatobiliary / Pancreatic Resection","Benign/Non-malignant | Primary | Transplant/Reconstruction | Supine","Est.Duration:>6hr"
"Metastatic cancer to the liver","Liver segmentectomy","Hepatic","Open","Supine","2","Hepatic","64.8","Major","Abdominal / GI","Open","Hepatobiliary / Pancreatic Resection","Malignancy | Primary | Supine","Est.Duration:2-5hr"
"Lung cancer left","Sleeve lobectomy","Major resection","Open","Right lateral decubitus","2","Major resection","73.2","Major","Thoracic","Open","Bariatric Surgery","Malignancy | Primary | Lateral Decubitus","Est.Duration:3-6hr"
"Klatskin tumor","Hepatic hilar resection","Hepatic","Open","Supine","2","Biliary/Pancreas","79.5","Major","Abdominal / GI","Open","Hepatobiliary / Pancreatic Resection","Malignancy | Primary | Supine","Est.Duration:2-5hr"
"Metastatic cancer to the liver","Hemihepatectomy","Hepatic","Videoscopic","Supine","2","Hepatic","65.0","Major","Abdominal / GI","Laparoscopic","Hepatobiliary / Pancreatic Resection","Malignancy | Primary | Supine","Est.Duration:3-6hr"
"Pheochromocytoma","Adrenalectomy","Others","Videoscopic","Left lateral decubitus","2","Others","70.5","Major","Abdominal / GI","Laparoscopic","Other Procedure","Benign/Non-malignant | Primary | Lateral Decubitus","Est.Duration:1-3hr"
"Thyroid nodule","Thyroid lobectomy","Thyroid","Robotic","Supine","2","Thyroid","75.6","Major","ENT / Head & Neck","Robotic","Thyroid / Parathyroid","Benign/Non-malignant | Primary | Supine","Est.Duration:1-3hr"
"Invasive bladder cancer","Radical cystectomy","Major resection","Robotic","Lithotomy","2","Major resection","70.3","Major","Urology","Robotic","Cystoscopy / TURBT","Malignancy | Primary | Lithotomy","Est.Duration:>6hr"
"Accessory breast","Excision","Breast","Open","Supine","2","CraniTumorSkullBase","70.9","Minor","Neuro / Spine","Open","Craniotomy","Benign/Non-malignant | Primary | Supine","Est.Duration:1-3hr"
"Unspecified gastric cancer","Subtotal gastrectomy","Stomach","Open","Supine","2","Stomach","65.7","Major","Abdominal / GI","Open","Gastric Resection","Malignancy | Primary | Supine","Est.Duration:2-5hr"
"Breast disease","Excision","Breast","Open","Supine","2","CraniTumorSkullBase","69.8","Minor","Neuro / Spine","Open","Craniotomy","Benign/Non-malignant | Primary | Supine","Est.Duration:1-3hr"
"Solitary pulmonary nodule","Lung lobectomy","Major resection","Videoscopic","Right lateral decubitus","2","Major resection","66.2","Major","Thoracic","Laparoscopic","Thoracic Resection","Benign/Non-malignant | Primary | Lateral Decubitus","Est.Duration:2-4hr"
"Lymphadenopathy","Excision","Breast","Open","Supine","2","Others","65.3","Minor","Soft Tissue / Access / Misc","Open","Breast Surgery","Benign/Non-malignant | Primary | Supine","Est.Duration:1-3hr"
"Liver transplant status","Vascular repair","Vascular","Open","Supine","2","Vascular","68.0","Major","Vascular","Open","Vascular Reconstruction","Benign/Non-malignant | Revision | Supine","Est.Duration:2-4hr"
"Colon perforation","Hartmann procedure","Colorectal","Open","Lithotomy","2","Colorectal","74.0","Major","Abdominal / GI","Open","Colectomy / Bowel Resection","Benign/Non-malignant | Primary | Lithotomy","Est.Duration:2-4hr"
"Early gastric cancer","Subtotal gastrectomy","Stomach","Open","Supine","2","Stomach","65.7","Major","Abdominal / GI","Open","Gastric Resection","Malignancy | Primary | Supine","Est.Duration:2-5hr"
"Advanced gastric cancer","Colostomy","Colorectal","Open","Supine","2","Colorectal","67.7","Major","Abdominal / GI","Open","Colectomy / Bowel Resection","Malignancy | Primary | Supine","Est.Duration:<2hr"
"Metastatic cancer to the lung","Metastasectomy","Minor resection","Videoscopic","Left lateral decubitus","2","Minor resection","64.5","Major","Thoracic","Laparoscopic","Other Procedure","Malignancy | Primary | Lateral Decubitus","Est.Duration:1-3hr"
"Metastatic cancer to the liver","Liver segmentectomy","Hepatic","Open","Supine","2","Hepatic","64.8","Major","Abdominal / GI","Open","Hepatobiliary / Pancreatic Resection","Malignancy | Primary | Supine","Est.Duration:2-5hr"
"Klatskin tumor","Extended hemihepatectomy","Hepatic","Open","Supine","2","Hepatic","80.0","Major","Abdominal / GI","Open","Hepatobiliary / Pancreatic Resection","Malignancy | Primary | Supine","Est.Duration:3-6hr"
"Cholangiocarcinoma, intrahepatic","Hemihepatectomy","Hepatic","Videoscopic","Lithotomy","2","Hepatic","64.6","Major","Abdominal / GI","Laparoscopic","Hepatobiliary / Pancreatic Resection","Malignancy | Primary | Lithotomy","Est.Duration:3-6hr"
"Lung cancer right","Sleeve lobectomy","Major resection","Open","Left lateral decubitus","2","Major resection","72.5","Major","Thoracic","Open","Bariatric Surgery","Malignancy | Primary | Lateral Decubitus","Est.Duration:3-6hr"
"Colon cancer, sigmoid","Ileostomy repair","Colorectal","Open","Supine","2","Colorectal","70.5","Minor","Abdominal / GI","Open","Colectomy / Bowel Resection","Malignancy | Revision | Supine","Est.Duration:<2hr"
"Anal polyp","Transanal excision","Colorectal","Open","Prone","2","Colorectal","80.3","Minor","Abdominal / GI","Open","Colectomy / Bowel Resection","Benign/Non-malignant | Primary | Prone","Est.Duration:<2hr"
"Rectal cancer","Hartmann procedure","Colorectal","Open","Lithotomy","2","Colorectal","77.3","Major","Abdominal / GI","Open","Colectomy / Bowel Resection","Malignancy | Primary | Lithotomy","Est.Duration:2-4hr"
"Chronic kidney disease","Arteriovenous fistula","Vascular","Open","Supine","2","Vascular","83.1","Major","Vascular","Open","Vascular Reconstruction","Benign/Non-malignant | Primary | Supine","Est.Duration:1-3hr"
"Lymphoma","Exploratory laparotomy","Others","Open","Supine","2","Others","84.9","Major","Soft Tissue / Access / Misc","Open","Other Procedure","Malignancy | Primary | Supine","Est.Duration:2-4hr"
"Early gastric cancer, adenocarcinoma","Distal gastrectomy","Stomach","Videoscopic","Supine","2","Stomach","65.3","Major","Abdominal / GI","Laparoscopic","Gastric Resection","Malignancy | Primary | Supine","Est.Duration:2-5hr"
"Endometrial cancer unknown stage","Hysterectomy","Major resection","Videoscopic","Lithotomy","2","Major resection","61.9","Major","Abdominal / GI","Laparoscopic","Other Procedure","Malignancy | Primary | Lithotomy","Est.Duration:1-3hr"
"Bronchoesophageal fistula","Lung lobectomy","Major resection","Open","Left lateral decubitus","2","Major resection","66.2","Major","Thoracic","Open","Thoracic Resection","Benign/Non-malignant | Primary | Lateral Decubitus","Est.Duration:2-4hr"
"Tremor","Hernia repair","Colorectal","Open","Supine","2","Colorectal","81.8","Minor","Abdominal / GI","Open","Colectomy / Bowel Resection","Benign/Non-malignant | Revision | Supine","Est.Duration:<2hr"
"Right inguinal hernia","Hernia repair","Colorectal","Open","Supine","2","Colorectal","55.2","Minor","Abdominal / GI","Open","Colectomy / Bowel Resection","Benign/Non-malignant | Revision | Supine","Est.Duration:<2hr"
"Asymptomatic gallbladder stone without obstruction","Cholecystectomy","Biliary/Pancreas","Robotic","Supine","2","Others","56.5","Major","Urology","Robotic","Cystoscopy / TURBT","Benign/Non-malignant | Primary | Supine","Est.Duration:<2hr"
"Bronchiectasis","Lung lobectomy","Major resection","Videoscopic","Left lateral decubitus","2","Major resection","73.1","Major","Thoracic","Laparoscopic","Thoracic Resection","Benign/Non-malignant | Primary | Lateral Decubitus","Est.Duration:2-4hr"
"Ground-glass opacity","Lung lobectomy","Major resection","Videoscopic","Left lateral decubitus","2","Major resection","68.8","Major","Thoracic","Laparoscopic","Thoracic Resection","Benign/Non-malignant | Primary | Lateral Decubitus","Est.Duration:2-4hr"
"Rectal cancer","Ultralow anterior resection","Colorectal","Videoscopic","Lithotomy","2","Colorectal","82.2","Major","Abdominal / GI","Laparoscopic","Colectomy / Bowel Resection","Malignancy | Primary | Lithotomy","Est.Duration:2-5hr"
"Thyroid nodule","Total thyroidectomy","Thyroid","Robotic","Supine","2","Thyroid","77.1","Major","ENT / Head & Neck","Robotic","Thyroid / Parathyroid","Benign/Non-malignant | Primary | Supine","Est.Duration:2-4hr"
"Constipation","Exploratory laparotomy","Others","Open","Supine","2","Others","80.7","Major","Soft Tissue / Access / Misc","Open","Other Procedure","Benign/Non-malignant | Primary | Supine","Est.Duration:2-4hr"
"Myoma uteri","Radical hysterectomy","Major resection","Videoscopic","Supine","2","Major resection","80.5","Major","Abdominal / GI","Laparoscopic","Other Procedure","Benign/Non-malignant | Primary | Supine","Est.Duration:1-3hr"
"Ductal carcinoma in situ of breast right","Simple mastectomy","Breast","Open","Supine","2","Breast","56.9","Major","ENT / Head & Neck","Open","Breast Surgery","Malignancy | Primary | Supine","Est.Duration:1-3hr"
"Neuroendocrine tumor of rectum, G1","Low anterior resection","Colorectal","Videoscopic","Lithotomy","2","Colorectal","68.4","Major","Abdominal / GI","Laparoscopic","Colectomy / Bowel Resection","Malignancy | Primary | Lithotomy","Est.Duration:2-4hr"
"Adhesive ileus","Exploratory laparotomy","Others","Open","Supine","2","Others","78.9","Major","Soft Tissue / Access / Misc","Open","Other Procedure","Benign/Non-malignant | Primary | Supine","Est.Duration:2-4hr"
"Bladder cancer","Transurethral resection of bladder tumor","Minor resection","Videoscopic","Lithotomy","2","Minor resection","85.8","Minor","Urology","Laparoscopic","Cystoscopy / TURBT","Malignancy | Primary | Lithotomy","Est.Duration:<2hr"
"Adenomyosis of uterus","Hysterectomy","Major resection","Videoscopic","Lithotomy","2","Major resection","66.4","Major","Abdominal / GI","Laparoscopic","Other Procedure","Benign/Non-malignant | Primary | Lithotomy","Est.Duration:1-3hr"
"Ileus","Exploratory laparotomy","Others","Open","Supine","2","Others","88.9","Major","Soft Tissue / Access / Misc","Open","Other Procedure","Benign/Non-malignant | Primary | Supine","Est.Duration:2-4hr"
"Liver cirrhosis with hepatitis B Unspecified","Liver transplantation","Transplantation","Open","Supine","2","Transplantation","68.2","Major","Abdominal / GI","Open","Hepatobiliary / Pancreatic Resection","Benign/Non-malignant | Primary | Transplant/Reconstruction | Supine","Est.Duration:>6hr"
"Disorder of kidney and ureter","Nephrectomy","Major resection","Robotic","Left lateral decubitus","2","Major resection","62.0","Major","Urology","Robotic","Other Procedure","Benign/Non-malignant | Primary | Lateral Decubitus","Est.Duration:2-4hr"
"Adrenal incidentaloma","Adrenalectomy","Others","Videoscopic","Right lateral decubitus","2","Others","67.3","Major","Abdominal / GI","Laparoscopic","Other Procedure","Benign/Non-malignant | Primary | Lateral Decubitus","Est.Duration:1-3hr"
"Early gastric cancer","Gastric wedge resection","Stomach","Videoscopic","Supine","2","Stomach","75.2","Major","Abdominal / GI","Laparoscopic","Gastric Resection","Malignancy | Primary | Supine","Est.Duration:1-3hr"
"Pancreatic disease","Spleen preserving distal pancreatectomy","Biliary/Pancreas","Videoscopic","Supine","2","Biliary/Pancreas","83.0","Major","Abdominal / GI","Laparoscopic","Hepatobiliary / Pancreatic Resection","Benign/Non-malignant | Primary | Supine","Est.Duration:1-3hr"
"Breast cancer right","Excision","Breast","Open","Supine","2","CraniTumorSkullBase","72.3","Minor","Neuro / Spine","Open","Craniotomy","Malignancy | Primary | Supine","Est.Duration:1-3hr"
"Thyroid cancer","Total thyroidectomy","Thyroid","Open","Supine","2","Thyroid","77.1","Major","ENT / Head & Neck","Open","Thyroid / Parathyroid","Malignancy | Primary | Supine","Est.Duration:2-4hr"
"Gallbladder polyp","Cholecystectomy","Biliary/Pancreas","Videoscopic","Reverse Trendelenburg","2","Biliary/Pancreas","71.6","Major","Abdominal / GI","Laparoscopic","Cystoscopy / TURBT","Benign/Non-malignant | Primary | Trendelenburg","Est.Duration:<2hr"
"Abnormal finding on lung imaging","Lung lobectomy","Major resection","Videoscopic","Right lateral decubitus","2","Major resection","63.5","Major","Thoracic","Laparoscopic","Thoracic Resection","Benign/Non-malignant | Primary | Lateral Decubitus","Est.Duration:2-4hr"
"Choledochal cyst","Excision","Biliary/Pancreas","Open","Supine","2","CraniTumorSkullBase","68.2","Minor","Neuro / Spine","Open","Craniotomy","Benign/Non-malignant | Primary | Supine","Est.Duration:1-3hr"
"Esophageal cancer","Esophagectomy","Others","Open","Supine","2","Others","69.8","Major","Soft Tissue / Access / Misc","Open","Thoracic Resection","Malignancy | Primary | Supine","Est.Duration:>6hr"
"Abscess of other site","Debridement of wound","Others","Open","Supine","2","Others","72.8","Minor","Soft Tissue / Access / Misc","Open","Other Procedure","Benign/Non-malignant | Primary | Supine","Est.Duration:<2hr"
"Rectal cancer","Excision","Others","Open","Lithotomy","2","CraniTumorSkullBase","71.7","Minor","Neuro / Spine","Open","Craniotomy","Malignancy | Primary | Lithotomy","Est.Duration:1-3hr"
"Twin pregnancy","Cesarean section","Others","Open","Supine","2","Others","74.8","Major","Abdominal / GI","Open","Other Procedure","Benign/Non-malignant | Primary | Supine","Est.Duration:<2hr"
"Colorectal cancer","Transanal excision","Colorectal","Open","Prone","2","Colorectal","74.0","Minor","Abdominal / GI","Open","Colectomy / Bowel Resection","Malignancy | Primary | Prone","Est.Duration:<2hr"
"Colon cancer","Anterior resection","Colorectal","Open","Lithotomy","2","Colorectal","60.4","Major","Abdominal / GI","Open","Colectomy / Bowel Resection","Malignancy | Primary | Lithotomy","Est.Duration:1-3hr"
"Pancreatic cyst","Distal pancreatectomy","Biliary/Pancreas","Open","Supine","2","Biliary/Pancreas","55.8","Major","Abdominal / GI","Open","Hepatobiliary / Pancreatic Resection","Benign/Non-malignant | Primary | Supine","Est.Duration:2-4hr"
"Solitary pulmonary nodule","Lung lobectomy","Major resection","Videoscopic","Right lateral decubitus","2","Major resection","66.2","Major","Thoracic","Laparoscopic","Thoracic Resection","Benign/Non-malignant | Primary | Lateral Decubitus","Est.Duration:2-4hr"
"Primary hyperparathyroidism","Parathyroidectomy","Thyroid","Open","Supine","2","Thyroid","66.4","Major","ENT / Head & Neck","Open","Thyroid / Parathyroid","Benign/Non-malignant | Primary | Supine","Est.Duration:1-3hr"
"Epithelial ovarian cancer unknown stage unspecified side","Debulking surgery","Major resection","Open","Lithotomy","2","Others","50.8","Major","Abdominal / GI","Open","Other Procedure","Malignancy | Primary | Lithotomy","Est.Duration:2-5hr"
"Abdominal mass","Exploratory laparotomy","Others","Open","Supine","2","Others","78.9","Major","Soft Tissue / Access / Misc","Open","Other Procedure","Benign/Non-malignant | Primary | Supine","Est.Duration:2-4hr"
"Intrahepatic duct stonewithout obstruction","Hemihepatectomy","Hepatic","Videoscopic","Supine","2","Hepatic","61.4","Major","Abdominal / GI","Laparoscopic","Hepatobiliary / Pancreatic Resection","Benign/Non-malignant | Primary | Supine","Est.Duration:3-6hr"
"Abnormal finding on lung imaging","Lung lobectomy","Major resection","Videoscopic","Left lateral decubitus","2","Major resection","63.5","Major","Thoracic","Laparoscopic","Thoracic Resection","Benign/Non-malignant | Primary | Lateral Decubitus","Est.Duration:2-4hr"
"Colonic polyp","Hemicolectomy","Colorectal","Videoscopic","Lithotomy","2","Colorectal","73.0","Major","Abdominal / GI","Laparoscopic","Colectomy / Bowel Resection","Benign/Non-malignant | Primary | Lithotomy","Est.Duration:2-4hr"
"Aortic aneurysm","Aneurysmal repair","Vascular","Open","Prone","1","Vascular","74.8","Major","Vascular","Open","Vascular Reconstruction","Benign/Non-malignant | Revision | Prone","Est.Duration:>6hr"
"Femoral hernia","Hernia repair","Colorectal","Open","Supine","1","Colorectal","72.1","Minor","Abdominal / GI","Open","Colectomy / Bowel Resection","Benign/Non-malignant | Revision | Supine","Est.Duration:<2hr"
"Tubulovillous adenoma, rectum","Transanal excision","Colorectal","Open","Prone","1","Colorectal","67.9","Minor","Abdominal / GI","Open","Colectomy / Bowel Resection","Benign/Non-malignant | Primary | Prone","Est.Duration:<2hr"
"Malignant neoplasm of rectosigmoid junction","Anterior resection","Colorectal","Videoscopic","Supine","1","Colorectal","63.1","Major","Abdominal / GI","Laparoscopic","Colectomy / Bowel Resection","Malignancy | Primary | Supine","Est.Duration:1-3hr"
"Cholangitis","Cholecystectomy","Biliary/Pancreas","Videoscopic","Supine","1","Biliary/Pancreas","76.9","Major","Abdominal / GI","Laparoscopic","Cystoscopy / TURBT","Benign/Non-malignant | Primary | Supine","Est.Duration:<2hr"
"Invasive thymoma","Thymectomy","Others","Open","Supine","1","Others","67.3","Major","Soft Tissue / Access / Misc","Open","Thoracic Resection","Benign/Non-malignant | Primary | Supine","Est.Duration:2-5hr"
"Abnormal chest CT, lung","Lung wedge resection","Minor resection","Open","Right lateral decubitus","1","Minor resection","72.2","Major","Thoracic","Open","Thoracic Resection","Benign/Non-malignant | Primary | Lateral Decubitus","Est.Duration:2-4hr"
"Parastomal hernia","Hernia repair","Colorectal","Open","Lithotomy","1","Colorectal","69.8","Minor","Abdominal / GI","Open","Colectomy / Bowel Resection","Benign/Non-malignant | Revision | Lithotomy","Est.Duration:<2hr"
"Enterocutaneous fistula","Fistulectomy","Stomach","Open","Supine","1","Colorectal","65.3","Major","Abdominal / GI","Open","Gastric Resection","Benign/Non-malignant | Primary | Supine","Est.Duration:<2hr"
"Gallbladder disease","Cholecystectomy","Biliary/Pancreas","Open","Supine","1","Biliary/Pancreas","70.3","Major","Abdominal / GI","Open","Cystoscopy / TURBT","Benign/Non-malignant | Primary | Supine","Est.Duration:<2hr"
"Gastrointestinal stromal tumor","Distal gastrectomy","Stomach","Videoscopic","Reverse Trendelenburg","1","Stomach","67.1","Major","Abdominal / GI","Laparoscopic","Gastric Resection","Malignancy | Primary | Trendelenburg","Est.Duration:2-5hr"
"Mucinous cystic neoplasm of pancreas, borderline","Pylorus preserving pancreaticoduodenectomy","Biliary/Pancreas","Robotic","Supine","1","Biliary/Pancreas","72.3","Major","Abdominal / GI","Robotic","Hepatobiliary / Pancreatic Resection","Malignancy | Primary | Supine","Est.Duration:>6hr"
"end stage renal disease","Kidney transplantation","Transplantation","Open","Supine","1","Transplantation","63.2","Major","Urology","Open","Transplant / Major Reconstruction","Benign/Non-malignant | Primary | Transplant/Reconstruction | Supine","Est.Duration:3-6hr"
"Cholecystitis","Hemihepatectomy","Hepatic","Videoscopic","Supine","1","Hepatic","74.9","Major","Abdominal / GI","Laparoscopic","Hepatobiliary / Pancreatic Resection","Benign/Non-malignant | Primary | Supine","Est.Duration:3-6hr"
"Malignant neoplasm of chest wall","Excision","Others","Open","Supine","1","Others","58.1","Minor","Soft Tissue / Access / Misc","Open","Other Procedure","Malignancy | Primary | Supine","Est.Duration:1-3hr"
"Neuroendocrine carcinoma","Thymectomy","Others","Open","Supine","1","Others","62.9","Major","Soft Tissue / Access / Misc","Open","Thoracic Resection","Malignancy | Primary | Supine","Est.Duration:2-5hr"
"Cholangiocarcinoma, intrahepatic","Lung wedge resection","Minor resection","Videoscopic","Left lateral decubitus","1","Minor resection","68.0","Major","Thoracic","Laparoscopic","Thoracic Resection","Malignancy | Primary | Lateral Decubitus","Est.Duration:2-4hr"
"Penile cancer","Excision","Others","Open","Supine","1","CraniTumorSkullBase","70.5","Minor","Neuro / Spine","Open","Craniotomy","Malignancy | Primary | Supine","Est.Duration:1-3hr"
"Incisional hernia","Small bowel segmental resection","Stomach","Open","Supine","1","Stomach","63.4","Major","Abdominal / GI","Open","Colectomy / Bowel Resection","Benign/Non-malignant | Primary | Supine","Est.Duration:1-3hr"
"Gastrointestinal stromal tumor of stomach","Gastric wedge resection","Stomach","Videoscopic","Lithotomy","1","Stomach","66.4","Major","Abdominal / GI","Laparoscopic","Gastric Resection","Malignancy | Primary | Lithotomy","Est.Duration:1-3hr"
"Takayasu's arteritis","Aortorenal bypass","Vascular","Open","Supine","1","Vascular","61.6","Major","Vascular","Open","Vascular Reconstruction","Benign/Non-malignant | Primary | Supine","Est.Duration:3-6hr"
"Papillary thyroid adenoma","Total thyroidectomy","Thyroid","Robotic","Supine","1","Thyroid","70.0","Major","ENT / Head & Neck","Robotic","Thyroid / Parathyroid","Benign/Non-malignant | Primary | Supine","Est.Duration:2-4hr"
"Cerebral infarction","Ligation and stripping","Vascular","Open","Supine","1","Vascular","75.2","Minor","Vascular","Open","Vascular Reconstruction","Benign/Non-malignant | Primary | Supine","Est.Duration:1-3hr"
"varicose vein with non-specific symptoms","Ligation and stripping","Vascular","Open","Supine","1","Vascular","66.2","Minor","Vascular","Open","Vascular Reconstruction","Benign/Non-malignant | Primary | Supine","Est.Duration:1-3hr"
"Antenatal care for other high risk pregnancy","Cesarean section","Others","Open","Supine","1","Others","61.6","Major","Abdominal / GI","Open","Other Procedure","Benign/Non-malignant | Primary | Supine","Est.Duration:<2hr"
"Colon cancer, ascending","Hartmann procedure","Colorectal","Open","Lithotomy","1","Colorectal","70.8","Major","Abdominal / GI","Open","Colectomy / Bowel Resection","Malignancy | Primary | Lithotomy","Est.Duration:2-4hr"
"Postpartum follow up","Lung wedge resection","Minor resection","Videoscopic","Left lateral decubitus","1","Minor resection","73.4","Major","Thoracic","Laparoscopic","Thoracic Resection","Benign/Non-malignant | Primary | Lateral Decubitus","Est.Duration:2-4hr"
"Colonic polyp","Transanal endoscopic microsurgery","Colorectal","Open","Right lateral decubitus","1","Colorectal","60.8","Minor","Abdominal / GI","Open","Colectomy / Bowel Resection","Benign/Non-malignant | Primary | Lateral Decubitus","Est.Duration:1-3hr"
"Hamartoma of lung right","Lung lobectomy","Major resection","Videoscopic","Left lateral decubitus","1","Major resection","67.2","Major","Thoracic","Laparoscopic","Thoracic Resection","Benign/Non-malignant | Primary | Lateral Decubitus","Est.Duration:2-4hr"
"Liposarcoma of retroperitoneum","Excision","Others","Open","Supine","1","CraniTumorSkullBase","66.9","Minor","Neuro / Spine","Open","Craniotomy","Malignancy | Primary | Supine","Est.Duration:1-3hr"
"Pseudomyxoma peritonei","Exploratory laparotomy","Others","Open","Lithotomy","1","Others","73.4","Major","Soft Tissue / Access / Misc","Open","Other Procedure","Benign/Non-malignant | Primary | Lithotomy","Est.Duration:2-4hr"
"Incompetent internal os of cervix in pregnancy","McDonald operation","Others","Open","Lithotomy","1","Others","62.4","Major","Soft Tissue / Access / Misc","Open","Other Procedure","Benign/Non-malignant | Primary | Lithotomy","Est.Duration:<2hr"
"Congenital cystic adenomatoid malformation of lung","Lung sgmentectomy","Minor resection","Videoscopic","Left lateral decubitus","1","CraniVessel","54.1","Major","Neuro / Spine","Laparoscopic","Craniotomy","Benign/Non-malignant | Primary | Lateral Decubitus","Est.Duration:2-4hr"
"Early gastric cancer","Pylorus preserving gastrectomy","Stomach","Videoscopic","Lithotomy","1","Stomach","78.6","Major","Abdominal / GI","Laparoscopic","Gastric Resection","Malignancy | Primary | Lithotomy","Est.Duration:2-5hr"
"Angiomyolipoma","Excision","Others","Videoscopic","Left lateral decubitus","1","CraniTumorSkullBase","71.3","Minor","Neuro / Spine","Laparoscopic","Craniotomy","Benign/Non-malignant | Primary | Lateral Decubitus","Est.Duration:1-3hr"
"Malignant neoplasm of renal pelvis right","Transurethral resection of bladder tumor","Minor resection","Videoscopic","Lithotomy","1","Minor resection","73.7","Minor","Urology","Laparoscopic","Cystoscopy / TURBT","Malignancy | Primary | Lithotomy","Est.Duration:<2hr"
"Condyloma acuminata","Excision","Colorectal","Open","Prone","1","CraniTumorSkullBase","70.2","Minor","Neuro / Spine","Open","Colectomy / Bowel Resection","Benign/Non-malignant | Primary | Prone","Est.Duration:1-3hr"
"Parathyroid adenoma","Subtotal parathyroidectomy","Thyroid","Open","Supine","1","Thyroid","77.4","Major","ENT / Head & Neck","Open","Thyroid / Parathyroid","Benign/Non-malignant | Primary | Supine","Est.Duration:1-3hr"
"Epithelial ovarian cancer unknown stage","Oophorectomy","Minor resection","Videoscopic","Lithotomy","1","Minor resection","60.0","Major","Abdominal / GI","Laparoscopic","Other Procedure","Malignancy | Primary | Lithotomy","Est.Duration:1-3hr"
"Cecal volvulus","Exploratory laparotomy","Others","Open","Lithotomy","1","Others","78.9","Major","Soft Tissue / Access / Misc","Open","Other Procedure","Benign/Non-malignant | Primary | Lithotomy","Est.Duration:2-4hr"
"thyroid nodule","Total thyroidectomy","Thyroid","Open","Supine","1","Thyroid","77.1","Major","ENT / Head & Neck","Open","Thyroid / Parathyroid","Benign/Non-malignant | Primary | Supine","Est.Duration:2-4hr"
"Non-Hodgkin Lymphoma","Lung wedge resection","Minor resection","Videoscopic","Right lateral decubitus","1","Minor resection","73.4","Major","Thoracic","Laparoscopic","Thoracic Resection","Malignancy | Primary | Lateral Decubitus","Est.Duration:2-4hr"
"Dyspnea","Hernia repair","Colorectal","Open","Supine","1","Colorectal","80.2","Minor","Abdominal / GI","Open","Colectomy / Bowel Resection","Benign/Non-malignant | Revision | Supine","Est.Duration:<2hr"
"Benign neoplasm of breast right","Wide excision","Others","Open","Supine","1","Others","63.0","Minor","Soft Tissue / Access / Misc","Open","Other Procedure","Malignancy | Primary | Supine","Est.Duration:<2hr"
"Lung cancer left","Lung lobectomy","Major resection","Open","Left lateral decubitus","1","Major resection","71.5","Major","Thoracic","Open","Thoracic Resection","Malignancy | Primary | Lateral Decubitus","Est.Duration:2-4hr"
"Familial adenomatous polyposis","Total proctocolectomy","Colorectal","Open","Lithotomy","1","Colorectal","69.0","Major","Abdominal / GI","Open","Colectomy / Bowel Resection","Benign/Non-malignant | Primary | Lithotomy","Est.Duration:3-6hr"
"Colorectal cancer","Anterior resection","Colorectal","Open","Supine","1","Colorectal","74.0","Major","Abdominal / GI","Open","Colectomy / Bowel Resection","Malignancy | Primary | Supine","Est.Duration:1-3hr"
"Gallbladder stone Without mention of obstruction","Cholecystectomy","Biliary/Pancreas","Videoscopic","Supine","1","Biliary/Pancreas","60.2","Major","Abdominal / GI","Laparoscopic","Cystoscopy / TURBT","Benign/Non-malignant | Primary | Supine","Est.Duration:<2hr"
"Acute acalculous cholecystitis","Cholecystectomy","Biliary/Pancreas","Videoscopic","Supine","1","Biliary/Pancreas","65.0","Major","Abdominal / GI","Laparoscopic","Cystoscopy / TURBT","Benign/Non-malignant | Primary | Supine","Est.Duration:<2hr"
"Epithelial ovarian cancer unknown stage unspecified side","Staging laparotomy","Minor resection","Open","Lithotomy","1","CraniNoS","53.5","Major","Neuro / Spine","Open","Craniotomy","Malignancy | Primary | Lithotomy","Est.Duration:2-5hr"
"Esophageal stenosis","Esophagectomy","Others","Open","Supine","1","Others","59.2","Major","Soft Tissue / Access / Misc","Open","Thoracic Resection","Benign/Non-malignant | Primary | Supine","Est.Duration:>6hr"
"Rectal cancer","Ileostomy repair","Colorectal","Open","Left lateral decubitus","1","Colorectal","75.7","Minor","Abdominal / GI","Open","Colectomy / Bowel Resection","Malignancy | Revision | Lateral Decubitus","Est.Duration:<2hr"
"Metastatic cancer to the inguinal area","Inguinal lymph node dissection","Colorectal","Open","Supine","1","Colorectal","70.6","Major","Abdominal / GI","Open","Colectomy / Bowel Resection","Malignancy | Primary | Supine","Est.Duration:1-3hr"
"Breech presentation of fetus","Cesarean section","Others","Open","Supine","1","Others","66.5","Major","Abdominal / GI","Open","Other Procedure","Benign/Non-malignant | Primary | Supine","Est.Duration:<2hr"
"Pancreas transplant status","Exploratory laparotomy","Others","Open","Supine","1","Others","71.3","Major","Soft Tissue / Access / Misc","Open","Other Procedure","Benign/Non-malignant | Primary | Supine","Est.Duration:2-4hr"
"Metastatic cancer to the liver","Liver segmentectomy","Hepatic","Videoscopic","Lithotomy","1","Hepatic","68.6","Major","Abdominal / GI","Laparoscopic","Hepatobiliary / Pancreatic Resection","Malignancy | Primary | Lithotomy","Est.Duration:2-5hr"
"Adrenal gland disease","Adrenalectomy","Others","Videoscopic","Supine","1","Others","67.3","Major","Abdominal / GI","Laparoscopic","Other Procedure","Benign/Non-malignant | Primary | Supine","Est.Duration:1-3hr"
"Vestibular schwannoma","Incisional hernia repair","Colorectal","Open","Supine","1","Colorectal","72.5","Minor","Abdominal / GI","Open","Colectomy / Bowel Resection","Benign/Non-malignant | Revision | Supine","Est.Duration:<2hr"
"Undifferentiated pleomorphic sarcoma of pelvis","Exploratory laparotomy","Others","Open","Lithotomy","1","Others","64.6","Major","Soft Tissue / Access / Misc","Open","Other Procedure","Malignancy | Primary | Lithotomy","Est.Duration:2-4hr"
"Crohn's disease severe","Exploratory laparotomy","Others","Open","Supine","1","Others","73.4","Major","Soft Tissue / Access / Misc","Open","Other Procedure","Benign/Non-malignant | Primary | Supine","Est.Duration:2-4hr"
"Cervical cancer unknown stage","Pelvic tumorectomy","Major resection","Robotic","Lithotomy","1","Major resection","67.5","Major","Abdominal / GI","Robotic","Other Procedure","Malignancy | Primary | Lithotomy","Est.Duration:2-5hr"
"Hemangioendothelioma, benign other sites","Excision","Others","Open","Supine","1","Others","56.7","Minor","Soft Tissue / Access / Misc","Open","Other Procedure","Benign/Non-malignant | Primary | Supine","Est.Duration:1-3hr"
"Hyperparathyroidism","Subtotal parathyroidectomy","Thyroid","Open","Supine","1","Thyroid","76.2","Major","ENT / Head & Neck","Open","Thyroid / Parathyroid","Benign/Non-malignant | Primary | Supine","Est.Duration:1-3hr"
"Appendiceal cancer","Hemicolectomy","Colorectal","Open","Lithotomy","1","Colorectal","69.1","Major","Abdominal / GI","Open","Colectomy / Bowel Resection","Malignancy | Primary | Lithotomy","Est.Duration:2-4hr"
"Lung abscess","Exploration of wound","Others","Open","Left lateral decubitus","1","Others","79.5","Minor","Soft Tissue / Access / Misc","Open","Other Procedure","Benign/Non-malignant | Primary | Lateral Decubitus","Est.Duration:1-3hr"
"Colon cancer","Lung segmentectomy","Minor resection","Videoscopic","Right lateral decubitus","1","Minor resection","78.2","Major","Thoracic","Laparoscopic","Thoracic Resection","Malignancy | Primary | Lateral Decubitus","Est.Duration:2-4hr"
"Neuroendocrine carcinoma","Radical excision of cervical lymph nodes","Others","Open","Supine","1","Others","73.7","Major","Soft Tissue / Access / Misc","Open","Other Procedure","Malignancy | Primary | Supine","Est.Duration:1-3hr"
"Vesicovaginal fistula","Ileostomy repair","Colorectal","Open","Supine","1","Colorectal","69.9","Minor","Abdominal / GI","Open","Colectomy / Bowel Resection","Benign/Non-malignant | Revision | Supine","Est.Duration:<2hr"
"Colon cancer","Hemicolectomy","Colorectal","Videoscopic","Trendelenburg","1","Colorectal","74.0","Major","Abdominal / GI","Laparoscopic","Colectomy / Bowel Resection","Malignancy | Primary | Trendelenburg","Est.Duration:2-4hr"
"Hydrosalpinx","Salpingectomy","Minor resection","Videoscopic","Lithotomy","1","Minor resection","74.0","Major","Abdominal / GI","Laparoscopic","Other Procedure","Benign/Non-malignant | Primary | Lithotomy","Est.Duration:1-3hr"
"Neuroendocrine tumor of rectum, G1","Low anterior resection","Colorectal","Open","Lithotomy","1","Colorectal","68.4","Major","Abdominal / GI","Open","Colectomy / Bowel Resection","Malignancy | Primary | Lithotomy","Est.Duration:2-4hr"
"Osteosarcoma","Transverse loop colostomy","Colorectal","Open","Supine","1","Colorectal","71.0","Major","Abdominal / GI","Open","Colectomy / Bowel Resection","Malignancy | Primary | Supine","Est.Duration:<2hr"
"Atherosclerosis obliterans without gangrene","Arteriovenous fistula","Vascular","Open","Supine","1","Vascular","69.8","Major","Vascular","Open","Vascular Reconstruction","Benign/Non-malignant | Primary | Supine","Est.Duration:1-3hr"
"Rectal carcinoid tumor, malignant","Transanal endoscopic microsurgery","Colorectal","Open","Lithotomy","1","Colorectal","74.0","Minor","Abdominal / GI","Open","Colectomy / Bowel Resection","Malignancy | Primary | Lithotomy","Est.Duration:1-3hr"
"Pulmonary tuberculosis, confirmed by culture only with cavitation","Decortication","Others","Videoscopic","Left lateral decubitus","1","MRIAblation","56.5","Major","Neuro / Spine","Laparoscopic","Thoracic Resection","Benign/Non-malignant | Primary | Lateral Decubitus","Est.Duration:3-6hr"
"Lymphoma","Biopsy","Others","Videoscopic","Supine","1","BiopsyMuscleNerve","71.5","Minor","Soft Tissue / Access / Misc","Laparoscopic","Access / Drainage Procedures","Malignancy | Primary | Supine","Est.Duration:<2hr"
"Metastatic cancer to the abdomen","Debulking surgery","Others","Open","Supine","1","Others","65.7","Major","Soft Tissue / Access / Misc","Open","Other Procedure","Malignancy | Primary | Supine","Est.Duration:2-5hr"
"Gastrointestinal stromal tumor","Exploratory laparotomy","Others","Open","Lithotomy","1","Others","69.6","Major","Soft Tissue / Access / Misc","Open","Other Procedure","Malignancy | Primary | Lithotomy","Est.Duration:2-4hr"
"Hyperoxaluria","Exploratory laparotomy","Others","Open","Supine","1","Others","79.8","Major","Soft Tissue / Access / Misc","Open","Other Procedure","Benign/Non-malignant | Primary | Supine","Est.Duration:2-4hr"
"Adenocarcinoma of colon","Hemicolectomy","Colorectal","Open","Supine","1","Colorectal","66.3","Major","Abdominal / GI","Open","Colectomy / Bowel Resection","Malignancy | Primary | Supine","Est.Duration:2-4hr"
"Adenocarcinoma of lung left","Lung wedge resection","Minor resection","Videoscopic","Left lateral decubitus","1","Minor resection","69.7","Major","Thoracic","Laparoscopic","Thoracic Resection","Malignancy | Primary | Lateral Decubitus","Est.Duration:2-4hr"
"Duodenal cancer","Pancreaticoduodenectomy","Biliary/Pancreas","Open","Supine","1","Biliary/Pancreas","78.7","Major","Abdominal / GI","Open","Hepatobiliary / Pancreatic Resection","Malignancy | Primary | Supine","Est.Duration:>6hr"
"Pulmonary fibrosis","Lung transplantation","Transplantation","Open","Supine","1","Transplantation","74.7","Major","Thoracic","Open","Thoracic Resection","Benign/Non-malignant | Primary | Transplant/Reconstruction | Supine","Est.Duration:>6hr"
"Atypical carcinoid tumor","Lung lobectomy","Major resection","Videoscopic","Left lateral decubitus","1","Major resection","66.7","Major","Thoracic","Laparoscopic","Thoracic Resection","Malignancy | Primary | Lateral Decubitus","Est.Duration:2-4hr"
"Adrenal gland disease","Adrenalectomy","Others","Videoscopic","Left lateral decubitus","1","Others","67.3","Major","Abdominal / GI","Laparoscopic","Other Procedure","Benign/Non-malignant | Primary | Lateral Decubitus","Est.Duration:1-3hr"
"Thymoma","Exploration","Others","Videoscopic","Right lateral decubitus","1","Others","78.1","Minor","Soft Tissue / Access / Misc","Laparoscopic","Other Procedure","Benign/Non-malignant | Primary | Lateral Decubitus","Est.Duration:2-4hr"
"liposarcoma","Exploratory laparotomy","Others","Open","Supine","1","Others","81.6","Major","Soft Tissue / Access / Misc","Open","Other Procedure","Malignancy | Primary | Supine","Est.Duration:2-4hr"
"Small intestine obstruction","Exploratory laparotomy","Others","Open","Supine","1","Others","70.9","Major","Soft Tissue / Access / Misc","Open","Other Procedure","Benign/Non-malignant | Primary | Supine","Est.Duration:2-4hr"
"Lung cancer right","Biopsy","Minor resection","Videoscopic","Right lateral decubitus","1","BiopsyMuscleNerve","66.7","Minor","Soft Tissue / Access / Misc","Laparoscopic","Access / Drainage Procedures","Malignancy | Primary | Lateral Decubitus","Est.Duration:<2hr"
"Lung cancer unspecified side","Lung lobectomy","Major resection","Open","Left lateral decubitus","1","Major resection","64.9","Major","Thoracic","Open","Thoracic Resection","Malignancy | Primary | Lateral Decubitus","Est.Duration:2-4hr"
"Premature rupture of membrane early preterm (less than 34 weeks)","McDonald operation","Others","Open","Trendelenburg","1","Others","50.7","Major","Soft Tissue / Access / Misc","Open","Other Procedure","Benign/Non-malignant | Primary | Trendelenburg","Est.Duration:<2hr"
"Myelofibrosis","Splenectomy","Biliary/Pancreas","Open","Supine","1","Biliary/Pancreas","70.9","Major","Abdominal / GI","Open","Hepatobiliary / Pancreatic Resection","Benign/Non-malignant | Primary | Supine","Est.Duration:1-3hr"
"Hemoptysis","Lung wedge resection","Minor resection","Videoscopic","Right lateral decubitus","1","Minor resection","81.5","Major","Thoracic","Laparoscopic","Thoracic Resection","Benign/Non-malignant | Primary | Lateral Decubitus","Est.Duration:2-4hr"
"Colorectal cancer","Exploratory laparotomy","Others","Open","Lithotomy","1","Others","76.6","Major","Soft Tissue / Access / Misc","Open","Other Procedure","Malignancy | Primary | Lithotomy","Est.Duration:2-4hr"
"Paget's disease of breast left","Simple mastectomy","Breast","Open","Supine","1","Breast","56.9","Major","ENT / Head & Neck","Open","Breast Surgery","Benign/Non-malignant | Primary | Supine","Est.Duration:1-3hr"
"Morbid obesity","Gastric bypass","Stomach","Open","Supine","1","Vascular","57.2","Major","Vascular","Open","Bariatric Surgery","Benign/Non-malignant | Primary | Supine","Est.Duration:2-5hr"
"Hypertensive heart disease","Incisional hernia repair","Colorectal","Open","Supine","1","Colorectal","72.5","Minor","Abdominal / GI","Open","Colectomy / Bowel Resection","Benign/Non-malignant | Revision | Supine","Est.Duration:<2hr"
"Mediastinal cyst","Excision","Others","Videoscopic","Right lateral decubitus","1","CraniTumorSkullBase","67.9","Minor","Neuro / Spine","Laparoscopic","Craniotomy","Benign/Non-malignant | Primary | Lateral Decubitus","Est.Duration:1-3hr"
"Hepatocellular carcinoma","Peritoneal mass excision","Others","Videoscopic","Lithotomy","1","Others","73.5","Major","Soft Tissue / Access / Misc","Laparoscopic","Other Procedure","Malignancy | Primary | Lithotomy","Est.Duration:1-3hr"
"Kidney transplant status","Incisional hernia repair","Colorectal","Open","Supine","1","Colorectal","73.5","Minor","Abdominal / GI","Open","Colectomy / Bowel Resection","Benign/Non-malignant | Revision | Supine","Est.Duration:<2hr"
"Colon cancer, descending","Hartmann procedure","Colorectal","Open","Lithotomy","1","Colorectal","70.3","Major","Abdominal / GI","Open","Colectomy / Bowel Resection","Malignancy | Primary | Lithotomy","Est.Duration:2-4hr"
"Adenocarcinoma of ampulla of vater","Pylorus preserving pancreaticoduodenectomy","Biliary/Pancreas","Open","Supine","1","Biliary/Pancreas","76.4","Major","Abdominal / GI","Open","Hepatobiliary / Pancreatic Resection","Malignancy | Primary | Supine","Est.Duration:>6hr"
"Obturator hernia","Hernia repair","Colorectal","Open","Supine","1","Colorectal","70.5","Minor","Abdominal / GI","Open","Colectomy / Bowel Resection","Benign/Non-malignant | Revision | Supine","Est.Duration:<2hr"
"Malignant thymoma, type B1","Plication","Others","Videoscopic","Left lateral decubitus","1","Others","61.4","Minor","Soft Tissue / Access / Misc","Laparoscopic","Other Procedure","Malignancy | Primary | Lateral Decubitus","Est.Duration:2-4hr"
"Cholangiocarcinoma, intrahepatic","Liver bisegmentectomy","Hepatic","Open","Supine","1","Hepatic","68.6","Major","Abdominal / GI","Open","Hepatobiliary / Pancreatic Resection","Malignancy | Primary | Supine","Est.Duration:3-6hr"
"Villous adenoma, colon","Hemicolectomy","Colorectal","Open","Supine","1","Colorectal","67.3","Major","Abdominal / GI","Open","Colectomy / Bowel Resection","Benign/Non-malignant | Primary | Supine","Est.Duration:2-4hr"
"Intraductal papillary mucinous neoplasm of pancreas, malignant","Pylorus preserving pancreaticoduodenectomy","Biliary/Pancreas","Open","Supine","1","Biliary/Pancreas","52.8","Major","Abdominal / GI","Open","Hepatobiliary / Pancreatic Resection","Malignancy | Primary | Supine","Est.Duration:>6hr"
"Ampulla of vater cancer","Wide excision","Others","Open","Supine","1","Others","66.3","Minor","Soft Tissue / Access / Misc","Open","Other Procedure","Malignancy | Primary | Supine","Est.Duration:<2hr"
"Appendiceal cancer","Hemicolectomy","Colorectal","Videoscopic","Lithotomy","1","Colorectal","69.1","Major","Abdominal / GI","Laparoscopic","Colectomy / Bowel Resection","Malignancy | Primary | Lithotomy","Est.Duration:2-4hr"
"Colon cancer, hepatic flexure","Subtotal colectomy","Colorectal","Open","Lithotomy","1","Colorectal","67.9","Major","Abdominal / GI","Open","Colectomy / Bowel Resection","Malignancy | Primary | Lithotomy","Est.Duration:2-4hr"
"Gastric perforation","Exploratory laparotomy","Others","Open","Supine","1","Others","75.2","Major","Soft Tissue / Access / Misc","Open","Other Procedure","Benign/Non-malignant | Primary | Supine","Est.Duration:2-4hr"
"Metastatic cancer to the thorax","Resection of rib","Others","Open","Prone","1","Stomach","67.9","Major","Abdominal / GI","Open","Other Procedure","Malignancy | Primary | Prone","Est.Duration:2-4hr"
"Acute cholecystitis","Cholecystectomy","Biliary/Pancreas","Videoscopic","Lithotomy","1","Biliary/Pancreas","70.3","Major","Abdominal / GI","Laparoscopic","Cystoscopy / TURBT","Benign/Non-malignant | Primary | Lithotomy","Est.Duration:<2hr"
"Vulvar cancer unknown stage","Pelvic tumorectomy","Major resection","Robotic","Lithotomy","1","Major resection","68.3","Major","Thoracic","Robotic","Other Procedure","Malignancy | Primary | Lithotomy","Est.Duration:2-5hr"
"Superior mesenteric artery thrombosis","Exploratory laparotomy","Others","Open","Supine","1","Others","67.1","Major","Soft Tissue / Access / Misc","Open","Other Procedure","Benign/Non-malignant | Primary | Supine","Est.Duration:2-4hr"
"Hepatocellular carcinoma","Excision","Biliary/Pancreas","Open","Supine","1","CraniTumorSkullBase","71.1","Minor","Neuro / Spine","Open","Craniotomy","Malignancy | Primary | Supine","Est.Duration:1-3hr"
"Metastatic cancer to the lung left","Exploratory thoracotomy","Others","Open","Right lateral decubitus","1","Others","68.6","Major","Soft Tissue / Access / Misc","Open","Other Procedure","Malignancy | Primary | Lateral Decubitus","Est.Duration:2-5hr"
"Rectourethral fistula","Transplantation of gracilis muscle","Colorectal","Open","Lithotomy","1","Colorectal","79.6","Major","Abdominal / GI","Open","Colectomy / Bowel Resection","Benign/Non-malignant | Primary | Transplant/Reconstruction | Lithotomy","Est.Duration:<2hr"
"Thyroid nodule","Thyroid isthmectomy","Thyroid","Open","Supine","1","Thyroid","77.1","Major","ENT / Head & Neck","Open","Thyroid / Parathyroid","Benign/Non-malignant | Primary | Supine","Est.Duration:2-4hr"
"Renovascular hypertension","Aortorenal bypass","Vascular","Open","Supine","1","Vascular","61.6","Major","Vascular","Open","Vascular Reconstruction","Benign/Non-malignant | Primary | Supine","Est.Duration:3-6hr"
"Colon cancer","Low anterior resection","Colorectal","Videoscopic","Supine","1","Colorectal","80.7","Major","Abdominal / GI","Laparoscopic","Colectomy / Bowel Resection","Malignancy | Primary | Supine","Est.Duration:2-4hr"
"Direct inguinal hernia not specified as recurrent","Hernia repair","Colorectal","Open","Supine","1","Colorectal","58.7","Minor","Abdominal / GI","Open","Colectomy / Bowel Resection","Benign/Non-malignant | Revision | Supine","Est.Duration:<2hr"
"Ductal carcinoma in situ of breast right","Mastectomy","Breast","Open","Supine","1","Breast","56.9","Major","ENT / Head & Neck","Open","Breast Surgery","Malignancy | Primary | Supine","Est.Duration:3-6hr"
"Thyroid nodule","Adrenalectomy","Others","Open","Supine","1","Others","72.1","Major","Abdominal / GI","Open","Other Procedure","Benign/Non-malignant | Primary | Supine","Est.Duration:1-3hr"
"Cholangiocarcinoma, extrahepatic","Cholecystectomy","Biliary/Pancreas","Videoscopic","Supine","1","Biliary/Pancreas","64.6","Major","Abdominal / GI","Laparoscopic","Cystoscopy / TURBT","Malignancy | Primary | Supine","Est.Duration:<2hr"
"Pancreatic cancer","Total pancreatectomy","Biliary/Pancreas","Open","Supine","1","Biliary/Pancreas","75.4","Major","Abdominal / GI","Open","Hepatobiliary / Pancreatic Resection","Malignancy | Primary | Supine","Est.Duration:3-6hr"
"Colon obstruction","Exploratory laparotomy","Others","Open","Supine","1","Others","76.6","Major","Soft Tissue / Access / Misc","Open","Other Procedure","Benign/Non-malignant | Primary | Supine","Est.Duration:2-4hr"
"Colorectal cancer","Incisional hernia repair","Colorectal","Open","Supine","1","Colorectal","68.4","Minor","Abdominal / GI","Open","Colectomy / Bowel Resection","Malignancy | Revision | Supine","Est.Duration:<2hr"
"Thyroid cancer","Biopsy","Minor resection","Videoscopic","Right lateral decubitus","1","BiopsyBrain","73.1","Minor","Neuro / Spine","Laparoscopic","Access / Drainage Procedures","Malignancy | Primary | Lateral Decubitus","Est.Duration:<2hr"
"Duodenal cancer","Small bowel segmental resection","Stomach","Open","Supine","1","Stomach","63.4","Major","Abdominal / GI","Open","Colectomy / Bowel Resection","Malignancy | Primary | Supine","Est.Duration:1-3hr"
"Peripheral artery occlusive disease involving arteries below knee","Bleeding control","Others","Open","Supine","1","Others","50.3","Minor","Soft Tissue / Access / Misc","Open","Other Procedure","Benign/Non-malignant | Primary | Supine","Est.Duration:1-3hr"
"Non-small cell lung cancer right","Biopsy","Minor resection","Videoscopic","Left lateral decubitus","1","BiopsyMuscleNerve","61.0","Minor","Soft Tissue / Access / Misc","Laparoscopic","Access / Drainage Procedures","Malignancy | Primary | Lateral Decubitus","Est.Duration:<2hr"
"Abdominal hernia","Incisional hernia repair","Colorectal","Open","Supine","1","Colorectal","70.8","Minor","Abdominal / GI","Open","Colectomy / Bowel Resection","Benign/Non-malignant | Revision | Supine","Est.Duration:<2hr"
"Cholecystitis","Segmental resection of bile duct","Biliary/Pancreas","Open","Supine","1","Biliary/Pancreas","75.6","Major","Abdominal / GI","Open","Hepatobiliary / Pancreatic Resection","Benign/Non-malignant | Primary | Supine","Est.Duration:>6hr"
"bronchiectasis","Lung sgmentectomy","Minor resection","Videoscopic","Right lateral decubitus","1","Minor resection","75.6","Major","Thoracic","Laparoscopic","Thoracic Resection","Benign/Non-malignant | Primary | Lateral Decubitus","Est.Duration:2-4hr"
"Colorectal polyp","Cholecystectomy","Biliary/Pancreas","Videoscopic","Supine","1","Biliary/Pancreas","72.4","Major","Abdominal / GI","Laparoscopic","Cystoscopy / TURBT","Benign/Non-malignant | Primary | Supine","Est.Duration:<2hr"
"desmoid tumor, FAP","Exploratory laparotomy","Others","Open","Supine","1","Others","76.6","Major","Soft Tissue / Access / Misc","Open","Other Procedure","Malignancy | Primary | Supine","Est.Duration:2-4hr"
"Kidney transplant status","Exploratory laparotomy","Others","Open","Supine","1","Others","72.3","Major","Soft Tissue / Access / Misc","Open","Other Procedure","Benign/Non-malignant | Primary | Supine","Est.Duration:2-4hr"
"Abdominal hernia","Hernia repair","Colorectal","Open","Right lateral decubitus","1","Colorectal","70.5","Minor","Abdominal / GI","Open","Colectomy / Bowel Resection","Benign/Non-malignant | Revision | Lateral Decubitus","Est.Duration:<2hr"
"Papillary thyroid carcinoma","Total thyroidectomy","Thyroid","Open","Supine","1","Thyroid","69.0","Major","ENT / Head & Neck","Open","Thyroid / Parathyroid","Malignancy | Primary | Supine","Est.Duration:2-4hr"
"Ileus","Adhesiolysis","Others","Videoscopic","Supine","1","Others","82.7","Major","Soft Tissue / Access / Misc","Laparoscopic","Other Procedure","Benign/Non-malignant | Primary | Supine","Est.Duration:1-3hr"
"Dyspepsia","Gastrojejunostomy","Stomach","Videoscopic","Supine","1","Stomach","80.7","Major","Abdominal / GI","Laparoscopic","Gastric Resection","Benign/Non-malignant | Primary | Supine","Est.Duration:2-4hr"
"Neoplasm of appendix, uncertain behavior","Appendectomy","Colorectal","Videoscopic","Supine","1","Colorectal","60.0","Major","Abdominal / GI","Laparoscopic","Colectomy / Bowel Resection","Malignancy | Primary | Supine","Est.Duration:<2hr"
"Pelvic abscess, male","Exploratory laparotomy","Others","Open","Supine","1","Others","75.2","Major","Soft Tissue / Access / Misc","Open","Other Procedure","Benign/Non-malignant | Primary | Supine","Est.Duration:2-4hr"
"Granulomatous mastitis","Incision and drainage","Others","Open","Supine","1","Others","72.8","Minor","Soft Tissue / Access / Misc","Open","Access / Drainage Procedures","Benign/Non-malignant | Primary | Supine","Est.Duration:<2hr"
"Chronic cough","Hernia repair","Colorectal","Open","Supine","1","Colorectal","73.0","Minor","Abdominal / GI","Open","Colectomy / Bowel Resection","Benign/Non-malignant | Revision | Supine","Est.Duration:<2hr"
"Early gastric cancer","Pylorus preserving gastrectomy","Stomach","Videoscopic","Reverse Trendelenburg","1","Stomach","78.6","Major","Abdominal / GI","Laparoscopic","Gastric Resection","Malignancy | Primary | Trendelenburg","Est.Duration:2-5hr"
"Mediastinal mass","Thymectomy","Others","Videoscopic","Left lateral decubitus","1","Others","67.3","Major","Soft Tissue / Access / Misc","Laparoscopic","Thoracic Resection","Benign/Non-malignant | Primary | Lateral Decubitus","Est.Duration:2-5hr"
"Squamous cell carcinoma of lung","Lung bilobectomy","Major resection","Videoscopic","Left lateral decubitus","1","Major resection","65.3","Major","Thoracic","Laparoscopic","Thoracic Resection","Malignancy | Primary | Lateral Decubitus","Est.Duration:2-5hr"
"Nontuberculous mycobacterial infection","Lung sgmentectomy","Minor resection","Videoscopic","Left lateral decubitus","1","Minor resection","63.8","Major","Thoracic","Laparoscopic","Thoracic Resection","Benign/Non-malignant | Primary | Lateral Decubitus","Est.Duration:2-4hr"
"Benign neoplasm of breast right","Excision","Breast","Open","Supine","1","Others","58.4","Minor","Soft Tissue / Access / Misc","Open","Breast Surgery","Malignancy | Primary | Supine","Est.Duration:1-3hr"
"Wilson' disease","Exploratory laparotomy","Others","Open","Supine","1","Others","78.9","Major","Soft Tissue / Access / Misc","Open","Other Procedure","Benign/Non-malignant | Primary | Supine","Est.Duration:2-4hr"
"Lymph node metastasis","Paraaortic lymph node dissection","Others","Open","Supine","1","Others","88.0","Major","Soft Tissue / Access / Misc","Open","Other Procedure","Malignancy | Primary | Supine","Est.Duration:2-4hr"
"malignant fibrous histiocytoma","Lung wedge resection","Minor resection","Videoscopic","Left lateral decubitus","1","Minor resection","68.4","Major","Thoracic","Laparoscopic","Thoracic Resection","Malignancy | Primary | Lateral Decubitus","Est.Duration:2-4hr"
"Colon cancer","Extended hemicolectomy","Colorectal","Open","Supine","1","Colorectal","80.7","Major","Abdominal / GI","Open","Colectomy / Bowel Resection","Malignancy | Primary | Supine","Est.Duration:1-3hr"
"Ileus","Ileostomy","Colorectal","Open","Supine","1","Colorectal","79.2","Major","Abdominal / GI","Open","Colectomy / Bowel Resection","Benign/Non-malignant | Primary | Supine","Est.Duration:1-3hr"
"Abnormal findings on diagnostic imaging of lung","Lung wedge resection","Minor resection","Videoscopic","Left lateral decubitus","1","Minor resection","63.3","Major","Thoracic","Laparoscopic","Thoracic Resection","Benign/Non-malignant | Primary | Lateral Decubitus","Est.Duration:2-4hr"
"End stage renal disease","Embolectomy","Vascular","Open","Supine","1","Vascular","64.3","Major","Vascular","Open","Vascular Reconstruction","Benign/Non-malignant | Primary | Supine","Est.Duration:2-4hr"
"Rectal cancer","Anterior resection","Colorectal","Videoscopic","Lithotomy","1","Colorectal","60.2","Major","Abdominal / GI","Laparoscopic","Colectomy / Bowel Resection","Malignancy | Primary | Lithotomy","Est.Duration:1-3hr"
"Metastatic cancer to the liver","Liver segmentectomy","Hepatic","Videoscopic","Lithotomy","1","Hepatic","68.6","Major","Abdominal / GI","Laparoscopic","Hepatobiliary / Pancreatic Resection","Malignancy | Primary | Lithotomy","Est.Duration:2-5hr"
"Gallbladder cholesterol polyp","Cholecystectomy","Biliary/Pancreas","Videoscopic","Supine","1","Biliary/Pancreas","65.3","Major","Abdominal / GI","Laparoscopic","Cystoscopy / TURBT","Benign/Non-malignant | Primary | Supine","Est.Duration:<2hr"
"Acute appendicitis with perforation","Ileocolectomy","Colorectal","Open","Supine","1","Colorectal","61.8","Major","Abdominal / GI","Open","Colectomy / Bowel Resection","Benign/Non-malignant | Primary | Supine","Est.Duration:1-3hr"
"Kidney donor, live related","Donor nephrectomy","Transplantation","Videoscopic","Left kidney","1","Transplantation","71.2","Major","Urology","Laparoscopic","Transplant / Major Reconstruction","Benign/Non-malignant | Primary | Lateral Kidney","Est.Duration:2-4hr"
"Solitary pulmonary nodule","Lung wedge resection","Minor resection","Videoscopic","Supine","1","Minor resection","70.6","Major","Thoracic","Laparoscopic","Thoracic Resection","Benign/Non-malignant | Primary | Supine","Est.Duration:2-4hr"
"Inguinal hernia not specified as recurrent","Colostomy","Colorectal","Open","Supine","1","CraniNoS","57.2","Major","Neuro / Spine","Open","Colectomy / Bowel Resection","Benign/Non-malignant | Primary | Supine","Est.Duration:<2hr"
"Early gastric cancer, adenocarcinoma","Total gastrectomy","Stomach","Videoscopic","Supine","1","Stomach","64.7","Major","Abdominal / GI","Laparoscopic","Gastric Resection","Malignancy | Primary | Supine","Est.Duration:2-5hr"
"Empyema with bronchopleural fistula","Debridement of wound","Others","Videoscopic","Right lateral decubitus","1","Others","66.6","Minor","Soft Tissue / Access / Misc","Laparoscopic","Other Procedure","Benign/Non-malignant | Primary | Lateral Decubitus","Est.Duration:<2hr"
"varicose vein of lower extremities","Ligation and stripping","Vascular","Open","Supine","1","Vascular","68.1","Minor","Vascular","Open","Vascular Reconstruction","Benign/Non-malignant | Primary | Supine","Est.Duration:1-3hr"
"Hepatocellular carcinoma","Liver segmentectomy","Hepatic","Videoscopic","Supine","1","Hepatic","70.5","Major","Abdominal / GI","Laparoscopic","Hepatobiliary / Pancreatic Resection","Malignancy | Primary | Supine","Est.Duration:2-5hr"
"Unspecified gastric cancer","Total gastrectomy","Stomach","Robotic","Supine","1","Stomach","68.1","Major","Abdominal / GI","Robotic","Gastric Resection","Malignancy | Primary | Supine","Est.Duration:2-5hr"
"Lung cancer","Lung bilobectomy","Major resection","Videoscopic","Left lateral decubitus","1","Major resection","77.7","Major","Thoracic","Laparoscopic","Thoracic Resection","Malignancy | Primary | Lateral Decubitus","Est.Duration:2-5hr"
"Abnormal chest CT, lung nodule","Lung sgmentectomy","Minor resection","Videoscopic","Supine","1","Minor resection","66.8","Major","Thoracic","Laparoscopic","Thoracic Resection","Benign/Non-malignant | Primary | Supine","Est.Duration:2-4hr"
"Lung cancer right","Metastasectomy","Minor resection","Videoscopic","Right lateral decubitus","1","Minor resection","70.8","Major","Thoracic","Laparoscopic","Other Procedure","Malignancy | Primary | Lateral Decubitus","Est.Duration:1-3hr"
"Neuroendocrine tumor of duodenum, G1","Pylorus preserving pancreaticoduodenectomy","Biliary/Pancreas","Open","Supine","1","Biliary/Pancreas","76.0","Major","Abdominal / GI","Open","Hepatobiliary / Pancreatic Resection","Malignancy | Primary | Supine","Est.Duration:>6hr"
"Unspecified gastric cancer","Distal gastrectomy","Stomach","Videoscopic","Reverse Trendelenburg","1","Stomach","68.8","Major","Abdominal / GI","Laparoscopic","Gastric Resection","Malignancy | Primary | Trendelenburg","Est.Duration:2-5hr"
"Colon cancer, sigmoid","Subtotal colectomy","Colorectal","Open","Lithotomy","1","Colorectal","72.0","Major","Abdominal / GI","Open","Colectomy / Bowel Resection","Malignancy | Primary | Lithotomy","Est.Duration:2-4hr"
"hamartoma of lung, Right","Lung sgmentectomy","Minor resection","Videoscopic","Left lateral decubitus","1","Minor resection","69.6","Major","Thoracic","Laparoscopic","Thoracic Resection","Benign/Non-malignant | Primary | Lateral Decubitus","Est.Duration:2-4hr"
"Esophageal cancer","Exploratory laparotomy","Others","Open","Supine","1","Others","76.6","Major","Soft Tissue / Access / Misc","Open","Other Procedure","Malignancy | Primary | Supine","Est.Duration:2-4hr"
"Intraductal papillary mucinous neoplasm of pancreas, borderline","Subtotal pancreatectomy","Biliary/Pancreas","Open","Supine","1","Biliary/Pancreas","51.2","Major","Abdominal / GI","Open","Hepatobiliary / Pancreatic Resection","Malignancy | Primary | Supine","Est.Duration:1-3hr"
"Cervical cancer, stage 1B1","Pelvic tumorectomy","Major resection","Robotic","Lithotomy","1","Major resection","69.3","Major","Abdominal / GI","Robotic","Other Procedure","Malignancy | Primary | Lithotomy","Est.Duration:2-5hr"
"Solid pseudopapillary tumor of pancreas, malignant","Spleen preserving distal pancreatectomy","Biliary/Pancreas","Videoscopic","Supine","1","Biliary/Pancreas","70.8","Major","Abdominal / GI","Laparoscopic","Hepatobiliary / Pancreatic Resection","Malignancy | Primary | Supine","Est.Duration:1-3hr"
"Liver cirrhosis with esophageal varix Unspecified","Liver transplantation","Transplantation","Open","Supine","1","Transplantation","68.2","Major","Abdominal / GI","Open","Hepatobiliary / Pancreatic Resection","Benign/Non-malignant | Primary | Transplant/Reconstruction | Supine","Est.Duration:>6hr"
"Kidney donor, live related","Donor nephrectomy","Transplantation","Videoscopic","Left lateral decubitus","1","Transplantation","71.2","Major","Urology","Laparoscopic","Transplant / Major Reconstruction","Benign/Non-malignant | Primary | Lateral Decubitus","Est.Duration:2-4hr"
"Hepatocellular carcinoma","Removal of complicated graft","Vascular","Open","Supine","1","Vascular","62.4","Minor","Vascular","Open","Access / Drainage Procedures","Malignancy | Primary | Supine","Est.Duration:1-3hr"
"Mediastinal mass","Excision","Others","Videoscopic","Supine","1","Others","56.4","Minor","Soft Tissue / Access / Misc","Laparoscopic","Other Procedure","Benign/Non-malignant | Primary | Supine","Est.Duration:1-3hr"
"Thyroid nodule","Total thyroidectomy","Thyroid","Videoscopic","Supine","1","Thyroid","77.1","Major","ENT / Head & Neck","Laparoscopic","Thyroid / Parathyroid","Benign/Non-malignant | Primary | Supine","Est.Duration:2-4hr"
"Cervical cancer unknown stage","Radical hysterectomy","Major resection","Videoscopic","Lithotomy","1","Major resection","68.8","Major","Abdominal / GI","Laparoscopic","Other Procedure","Malignancy | Primary | Lithotomy","Est.Duration:1-3hr"
"Adenocarcinoma of anus","Exploratory laparotomy","Others","Open","Lithotomy","1","Others","73.4","Major","Soft Tissue / Access / Misc","Open","Other Procedure","Malignancy | Primary | Lithotomy","Est.Duration:2-4hr"
"Phyllodes tumor of breast, benign left","Excision","Others","Open","Supine","1","Others","57.0","Minor","Soft Tissue / Access / Misc","Open","Other Procedure","Malignancy | Primary | Supine","Est.Duration:1-3hr"
"Foreign body in anus and rectum","Low anterior resection","Colorectal","Open","Lithotomy","1","Colorectal","69.2","Major","Abdominal / GI","Open","Colectomy / Bowel Resection","Benign/Non-malignant | Primary | Lithotomy","Est.Duration:2-4hr"
"Tubular adenoma, colon","Hemicolectomy","Colorectal","Open","Supine","1","Colorectal","67.3","Major","Abdominal / GI","Open","Colectomy / Bowel Resection","Benign/Non-malignant | Primary | Supine","Est.Duration:2-4hr"
"Colon cancer, sigmoid","subtotal colectomy","Colorectal","Videoscopic","Lithotomy","1","Colorectal","72.0","Major","Abdominal / GI","Laparoscopic","Colectomy / Bowel Resection","Malignancy | Primary | Lithotomy","Est.Duration:2-4hr"
"Unspecified gastric cancer","Pylorus preserving gastrectomy","Stomach","Videoscopic","Supine","1","Stomach","75.4","Major","Abdominal / GI","Laparoscopic","Gastric Resection","Malignancy | Primary | Supine","Est.Duration:2-5hr"
"Malignant neoplasm of liver","Hemihepatectomy","Hepatic","Videoscopic","Lithotomy","1","Hepatic","66.1","Major","Abdominal / GI","Laparoscopic","Hepatobiliary / Pancreatic Resection","Malignancy | Primary | Lithotomy","Est.Duration:3-6hr"
"Breast cancer right","Biopsy","Minor resection","Videoscopic","Right lateral decubitus","1","BiopsyBrain","68.7","Minor","Neuro / Spine","Laparoscopic","Access / Drainage Procedures","Malignancy | Primary | Lateral Decubitus","Est.Duration:<2hr"
"Autosomal dominant polycystic kidney disease","Bleeding control","Others","Open","Supine","1","Others","61.6","Minor","Soft Tissue / Access / Misc","Open","Other Procedure","Benign/Non-malignant | Primary | Supine","Est.Duration:1-3hr"
"Rectal cancer","Abdominoperineal resection","Colorectal","Videoscopic","Lithotomy","1","Colorectal","81.8","Major","Abdominal / GI","Laparoscopic","Colectomy / Bowel Resection","Malignancy | Primary | Lithotomy","Est.Duration:3-6hr"
"Superior mesenteric artery syndrome","Exploratory laparotomy","Others","Open","Supine","1","Others","67.7","Major","Soft Tissue / Access / Misc","Open","Other Procedure","Benign/Non-malignant | Primary | Supine","Est.Duration:2-4hr"
"Incisional hernia","Hernia repair","Colorectal","Open","Supine","1","Colorectal","73.6","Minor","Abdominal / GI","Open","Colectomy / Bowel Resection","Benign/Non-malignant | Revision | Supine","Est.Duration:<2hr"
"Infiltrating lobular carcinoma of breast left","Mastectomy","Breast","Open","Supine","1","Breast","56.9","Major","ENT / Head & Neck","Open","Breast Surgery","Malignancy | Primary | Supine","Est.Duration:3-6hr"
"Antenatal care for normal pregnancy 34 weeks or more pregnant","Cesarean section","Others","Open","Lithotomy","1","Others","50.5","Major","Abdominal / GI","Open","Other Procedure","Benign/Non-malignant | Primary | Lithotomy","Est.Duration:<2hr"
"Colorectal cancer","Total colectomy","Colorectal","Videoscopic","Lithotomy","1","Colorectal","71.6","Major","Abdominal / GI","Laparoscopic","Colectomy / Bowel Resection","Malignancy | Primary | Lithotomy","Est.Duration:2-4hr"
"Hydrocele","Excision","Others","Open","Supine","1","Others","71.1","Minor","Soft Tissue / Access / Misc","Open","Other Procedure","Benign/Non-malignant | Primary | Supine","Est.Duration:1-3hr"
"colon cancer","subtotal colectomy","Colorectal","Open","Lithotomy","1","Colorectal","78.2","Major","Abdominal / GI","Open","Colectomy / Bowel Resection","Malignancy | Primary | Lithotomy","Est.Duration:2-4hr"
"Colon disease","Anterior resection","Colorectal","Open","Lithotomy","1","Colorectal","62.4","Major","Abdominal / GI","Open","Colectomy / Bowel Resection","Benign/Non-malignant | Primary | Lithotomy","Est.Duration:1-3hr"
"Cervical cancer","Wide excision","Others","Open","Lithotomy","1","Others","71.3","Minor","Abdominal / GI","Open","Other Procedure","Malignancy | Primary | Lithotomy","Est.Duration:<2hr"
"Duodenal perforation","Diagnostic laparoscopy","Others","Videoscopic","Supine","1","Others","74.6","Minor","Soft Tissue / Access / Misc","Laparoscopic","Other Procedure","Benign/Non-malignant | Primary | Supine","Est.Duration:2-5hr"
"Ovarian cyst, right","Salpingo-oophorectomy","Minor resection","Videoscopic","Lithotomy","1","Minor resection","75.3","Major","Abdominal / GI","Laparoscopic","Other Procedure","Benign/Non-malignant | Primary | Lithotomy","Est.Duration:1-3hr"
"Pelvic mass","Radical hysterectomy","Major resection","Videoscopic","Lithotomy","1","Major resection","80.5","Major","Abdominal / GI","Laparoscopic","Other Procedure","Benign/Non-malignant | Primary | Lithotomy","Est.Duration:1-3hr"
"Pancreatic head cancer","Pylorus preserving pancreaticoduodenectomy","Biliary/Pancreas","Open","Supine","1","Biliary/Pancreas","81.6","Major","Abdominal / GI","Open","Hepatobiliary / Pancreatic Resection","Malignancy | Primary | Supine","Est.Duration:>6hr"
"Ovarian cyst","Ovarian cystectomy","Major resection","Videoscopic","Prone","1","Major resection","78.2","Major","Abdominal / GI","Laparoscopic","Cystoscopy / TURBT","Benign/Non-malignant | Primary | Prone","Est.Duration:1-3hr"
"Hepatocellular carcinoma","Excision","Others","Open","Lithotomy","1","CraniTumorSkullBase","71.1","Minor","Neuro / Spine","Open","Craniotomy","Malignancy | Primary | Lithotomy","Est.Duration:1-3hr"
"Colon cancer, rectosigmoid","Metastasectomy","Minor resection","Videoscopic","Right lateral decubitus","1","Minor resection","66.2","Major","Thoracic","Laparoscopic","Other Procedure","Malignancy | Primary | Lateral Decubitus","Est.Duration:1-3hr"
"Infiltrating ductal carcinoma of breast right","Wide excision","Others","Open","Supine","1","Others","59.5","Minor","Soft Tissue / Access / Misc","Open","Other Procedure","Malignancy | Primary | Supine","Est.Duration:<2hr"
"Ileostomy prolapse","Ileostomy repair","Colorectal","Open","Supine","1","Colorectal","57.7","Minor","Abdominal / GI","Open","Colectomy / Bowel Resection","Benign/Non-malignant | Revision | Supine","Est.Duration:<2hr"
"Incompetent internal os of cervix in pregnancy 22~34 weeks pregnant","McDonald operation","Others","Open","Lithotomy","1","Others","50.5","Major","Soft Tissue / Access / Misc","Open","Other Procedure","Benign/Non-malignant | Primary | Lithotomy","Est.Duration:<2hr"
"breast cancer","Excision","Others","Open","Supine","1","CraniTumorSkullBase","75.0","Minor","Neuro / Spine","Open","Craniotomy","Malignancy | Primary | Supine","Est.Duration:1-3hr"
"Colonic adenoma","Hemicolectomy","Colorectal","Videoscopic","Lithotomy","1","Colorectal","71.3","Major","Abdominal / GI","Laparoscopic","Colectomy / Bowel Resection","Benign/Non-malignant | Primary | Lithotomy","Est.Duration:2-4hr"
"Hemangiopericytoma","Exploratory laparotomy","Others","Open","Supine","1","Others","75.9","Major","Soft Tissue / Access / Misc","Open","Other Procedure","Benign/Non-malignant | Primary | Supine","Est.Duration:2-4hr"
"Mucinous cystic neoplasm of pancreas, benign","Distal pancreatectomy","Biliary/Pancreas","Videoscopic","Supine","1","Biliary/Pancreas","64.8","Major","Abdominal / GI","Laparoscopic","Hepatobiliary / Pancreatic Resection","Malignancy | Primary | Supine","Est.Duration:2-4hr"
"Lung cancer right","Bleeding control","Others","Videoscopic","Left lateral decubitus","1","Others","72.5","Minor","Soft Tissue / Access / Misc","Laparoscopic","Other Procedure","Malignancy | Primary | Lateral Decubitus","Est.Duration:1-3hr"
"Taste disorder","Ligation and stripping","Vascular","Open","Supine","1","Vascular","78.9","Minor","Vascular","Open","Vascular Reconstruction","Benign/Non-malignant | Primary | Supine","Est.Duration:1-3hr"
"Cholangiocarcinoma, intrahepatic","Exploratory laparotomy","Others","Open","Supine","1","Others","69.2","Major","Soft Tissue / Access / Misc","Open","Other Procedure","Malignancy | Primary | Supine","Est.Duration:2-4hr"
"Rectal cancer","Hartmann procedure","Colorectal","Videoscopic","Lithotomy","1","Colorectal","77.3","Major","Abdominal / GI","Laparoscopic","Colectomy / Bowel Resection","Malignancy | Primary | Lithotomy","Est.Duration:2-4hr"
"Malignant neoplasm of appendix","Cecectomy","Colorectal","Open","Supine","1","Colorectal","59.7","Major","Abdominal / GI","Open","Colectomy / Bowel Resection","Malignancy | Primary | Supine","Est.Duration:1-3hr"
"Adenocarcinoma of lung","Lung lobectomy","Major resection","Videoscopic","Left lateral decubitus","1","Major resection","67.7","Major","Thoracic","Laparoscopic","Thoracic Resection","Malignancy | Primary | Lateral Decubitus","Est.Duration:2-4hr"
"Mesothelioma of pleura","Pleurodesis","Others","Open","Right lateral decubitus","1","Others","64.8","Minor","Soft Tissue / Access / Misc","Open","Other Procedure","Benign/Non-malignant | Primary | Lateral Decubitus","Est.Duration:<2hr"
"Intraductal papilloma of breast left","Wide excision","Others","Open","Supine","1","Others","61.5","Minor","Soft Tissue / Access / Misc","Open","Other Procedure","Benign/Non-malignant | Primary | Supine","Est.Duration:<2hr"
"Duodenal perforation","Extended hemihepatectomy","Hepatic","Open","Supine","1","Hepatic","75.7","Major","Abdominal / GI","Open","Hepatobiliary / Pancreatic Resection","Benign/Non-malignant | Primary | Supine","Est.Duration:3-6hr"
"Prostate cancer","Excision","Others","Open","Supine","1","CraniTumorSkullBase","71.8","Minor","Neuro / Spine","Open","Craniotomy","Malignancy | Primary | Supine","Est.Duration:1-3hr"
"Colon cancer","Extended hemicolectomy","Colorectal","Videoscopic","Lithotomy","1","Colorectal","80.7","Major","Abdominal / GI","Laparoscopic","Colectomy / Bowel Resection","Malignancy | Primary | Lithotomy","Est.Duration:1-3hr"
"Intestinal perforation","Exploratory laparotomy","Others","Open","Supine","1","Others","73.4","Major","Soft Tissue / Access / Misc","Open","Other Procedure","Benign/Non-malignant | Primary | Supine","Est.Duration:2-4hr"
"Abnormal findings on diagnostic imaging of lung","Lung wedge resection","Minor resection","Videoscopic","Supine","1","Minor resection","63.3","Major","Thoracic","Laparoscopic","Thoracic Resection","Benign/Non-malignant | Primary | Supine","Est.Duration:2-4hr"
"Colon cancer, ascending","subtotal colectomy","Colorectal","Open","Supine","1","Colorectal","70.8","Major","Abdominal / GI","Open","Colectomy / Bowel Resection","Malignancy | Primary | Supine","Est.Duration:2-4hr"
"adhesive ileus","Exploratory laparotomy","Others","Open","Supine","1","Others","78.9","Major","Soft Tissue / Access / Misc","Open","Other Procedure","Benign/Non-malignant | Primary | Supine","Est.Duration:2-4hr"
"Symptomatic gallbladder stone","Cholecystectomy","Biliary/Pancreas","Videoscopic","Trendelenburg","1","Biliary/Pancreas","65.3","Major","Abdominal / GI","Laparoscopic","Cystoscopy / TURBT","Benign/Non-malignant | Primary | Trendelenburg","Est.Duration:<2hr"
"Metastatic cancer to the pleura","Resection of chest wall with reconstruction","Others","Open","Right lateral decubitus","1","Others","77.8","Major","Soft Tissue / Access / Misc","Open","Other Procedure","Malignancy | Primary | Transplant/Reconstruction | Lateral Decubitus","Est.Duration:1-3hr"
"Advanced gastric cancer, signet ring cell carcinoma","Total gastrectomy","Stomach","Videoscopic","Supine","1","Spine","52.0","Major","Neuro / Spine","Laparoscopic","Spine Fusion / Decompression","Malignancy | Primary | Supine","Est.Duration:2-5hr"
"Malignant peripheral nerve sheath tumor","Lung wedge resection","Others","Videoscopic","Right lateral decubitus","1","Minor resection","65.3","Major","Thoracic","Laparoscopic","Thoracic Resection","Malignancy | Primary | Lateral Decubitus","Est.Duration:2-4hr"
"Ovarian cyst","Radical hysterectomy","Major resection","Videoscopic","Trendelenburg","1","Major resection","79.5","Major","Abdominal / GI","Laparoscopic","Other Procedure","Benign/Non-malignant | Primary | Trendelenburg","Est.Duration:1-3hr"
"Tuberculous pleurisy without mention of bacteriology and histology without cavitation or unspecified","Decortication","Others","Open","Right lateral decubitus","1","Others","49.4","Major","Soft Tissue / Access / Misc","Open","Thoracic Resection","Benign/Non-malignant | Primary | Lateral Decubitus","Est.Duration:3-6hr"
"Fibrous dysplasia of chest wall","Excision","Others","Open","Left lateral decubitus","1","PituitaryTSA","61.5","Minor","Neuro / Spine","Open","Other Procedure","Benign/Non-malignant | Primary | Lateral Decubitus","Est.Duration:1-3hr"
"Abdominal distension","Colostomy","Colorectal","Open","Supine","1","Colorectal","65.6","Major","Abdominal / GI","Open","Colectomy / Bowel Resection","Benign/Non-malignant | Primary | Supine","Est.Duration:<2hr"
"hepatocellular carcinoma","Liver transplantation","Transplantation","Open","Supine","1","Transplantation","71.7","Major","Abdominal / GI","Open","Hepatobiliary / Pancreatic Resection","Malignancy | Primary | Transplant/Reconstruction | Supine","Est.Duration:>6hr"
"Duodenal polyp","Peritoneal mass excision","Others","Videoscopic","Supine","1","Others","80.0","Major","Soft Tissue / Access / Misc","Laparoscopic","Other Procedure","Benign/Non-malignant | Primary | Supine","Est.Duration:1-3hr"
"Colon cancer, ascending","Hemicolectomy","Colorectal","Videoscopic","Trendelenburg","1","Colorectal","66.8","Major","Abdominal / GI","Laparoscopic","Colectomy / Bowel Resection","Malignancy | Primary | Trendelenburg","Est.Duration:2-4hr"
"Early gastric cancer","Radical prostatectomy","Stomach","Open","Supine","1","Major resection","74.0","Major","Urology","Open","Gastric Resection","Malignancy | Primary | Supine","Est.Duration:2-5hr"
"Common bile duct cancer, distal","Liver sectionectomy","Hepatic","Open","Supine","1","Biliary/Pancreas","76.8","Major","Abdominal / GI","Open","Hepatobiliary / Pancreatic Resection","Malignancy | Primary | Supine","Est.Duration:2-5hr"
"Pelvic abscess, female","Exploratory laparotomy","Others","Open","Lithotomy","1","Others","74.0","Major","Soft Tissue / Access / Misc","Open","Other Procedure","Benign/Non-malignant | Primary | Lithotomy","Est.Duration:2-4hr"
"Liposarcoma of retroperitoneum","Debulking surgery","Others","Open","Supine","1","Others","66.4","Major","Soft Tissue / Access / Misc","Open","Other Procedure","Malignancy | Primary | Supine","Est.Duration:2-5hr"
"Early gastric cancer","Total gastrectomy","Stomach","Robotic","Reverse Trendelenburg","1","Stomach","71.3","Major","Abdominal / GI","Robotic","Gastric Resection","Malignancy | Primary | Trendelenburg","Est.Duration:2-5hr"
"Disorder of kidney and ureter","Nephrectomy","Major resection","Robotic","Supine","1","Major resection","62.0","Major","Urology","Robotic","Other Procedure","Benign/Non-malignant | Primary | Supine","Est.Duration:2-4hr"
"End stage renal disease","Nephrectomy","Vascular","Open","Supine","1","Major resection","64.3","Major","Urology","Open","Vascular Reconstruction","Benign/Non-malignant | Primary | Supine","Est.Duration:2-4hr"
"Breast disease","Excision","Breast","Open","Supine","1","CraniTumorSkullBase","69.8","Minor","Neuro / Spine","Open","Craniotomy","Benign/Non-malignant | Primary | Supine","Est.Duration:1-3hr"
"hepatocellular carcinoma","Peritoneal mass excision","Others","Videoscopic","Lithotomy","1","Others","73.5","Major","Soft Tissue / Access / Misc","Laparoscopic","Other Procedure","Malignancy | Primary | Lithotomy","Est.Duration:1-3hr"
"Fibrocystic disease of breast","Excision","Others","Open","Supine","1","CraniTumorSkullBase","69.9","Minor","Neuro / Spine","Open","Craniotomy","Benign/Non-malignant | Primary | Supine","Est.Duration:1-3hr"
"End stage renal disease","Reposition of continuous ambulatory peritoneal dialysis catheter","Stomach","Videoscopic","Supine","1","Stomach","75.3","Minor","Abdominal / GI","Laparoscopic","Access / Drainage Procedures","Benign/Non-malignant | Primary | Supine","Est.Duration:<2hr"
"Advanced gastric cancer","Distal gastrectomy","Stomach","Videoscopic","Lithotomy","1","Stomach","70.3","Major","Abdominal / GI","Laparoscopic","Gastric Resection","Malignancy | Primary | Lithotomy","Est.Duration:2-5hr"
"Mediastinal mass","Excision","Others","Videoscopic","Right lateral decubitus","1","Others","56.4","Minor","Soft Tissue / Access / Misc","Laparoscopic","Other Procedure","Benign/Non-malignant | Primary | Lateral Decubitus","Est.Duration:1-3hr"
"Hepatocellular carcinoma","Liver segmentectomy","Hepatic","Videoscopic","Prone","1","Hepatic","70.5","Major","Abdominal / GI","Laparoscopic","Hepatobiliary / Pancreatic Resection","Malignancy | Primary | Prone","Est.Duration:2-5hr"
"Malignant neoplasm of anorectal junction","Low anterior resection","Colorectal","Open","Lithotomy","1","Colorectal","66.2","Major","Abdominal / GI","Open","Colectomy / Bowel Resection","Malignancy | Primary | Lithotomy","Est.Duration:2-4hr"
"Portal vein thrombosis","Embolectomy","Vascular","Open","Supine","1","Vascular","64.8","Major","Vascular","Open","Vascular Reconstruction","Benign/Non-malignant | Primary | Supine","Est.Duration:2-4hr"
"Ground-glass opacity","Lung sgmentectomy","Minor resection","Videoscopic","Left lateral decubitus","1","Minor resection","71.3","Major","Thoracic","Laparoscopic","Thoracic Resection","Benign/Non-malignant | Primary | Lateral Decubitus","Est.Duration:2-4hr"
"Infiltrating ductal carcinoma of breast left","Radical mastectomy","Breast","Open","Supine","1","Breast","62.9","Major","ENT / Head & Neck","Open","Breast Surgery","Malignancy | Primary | Supine","Est.Duration:1-3hr"
"Gastrointestinal stromal tumor of small intestine, benign","Small bowel segmental resection","Stomach","Videoscopic","Supine","1","Stomach","52.2","Major","Abdominal / GI","Laparoscopic","Colectomy / Bowel Resection","Malignancy | Primary | Supine","Est.Duration:1-3hr"
"Benign neoplasm of female breast unspecified side","Excision","Breast","Open","Supine","1","Others","55.2","Minor","Soft Tissue / Access / Misc","Open","Breast Surgery","Malignancy | Primary | Supine","Est.Duration:1-3hr"
"Gallbladder cancer","Radical cholecystectomy","Biliary/Pancreas","Open","Lithotomy","1","Biliary/Pancreas","76.5","Major","Abdominal / GI","Open","Cystoscopy / TURBT","Malignancy | Primary | Lithotomy","Est.Duration:3-6hr"
"Metastatic cancer to the liver","Hemihepatectomy","Hepatic","Open","Supine","1","Hepatic","65.0","Major","Abdominal / GI","Open","Hepatobiliary / Pancreatic Resection","Malignancy | Primary | Supine","Est.Duration:3-6hr"
"Gallbladder adenomyoma","Cholecystectomy","Biliary/Pancreas","Videoscopic","Supine","1","Biliary/Pancreas","68.5","Major","Abdominal / GI","Laparoscopic","Cystoscopy / TURBT","Benign/Non-malignant | Primary | Supine","Est.Duration:<2hr"
"Lung cancer left","Lung wedge resection","Minor resection","Videoscopic","Right lateral decubitus","1","Minor resection","76.1","Major","Thoracic","Laparoscopic","Thoracic Resection","Malignancy | Primary | Lateral Decubitus","Est.Duration:2-4hr"
"Bronchopleural fistula","Incision and drainage","Others","Open","Right lateral decubitus","1","Others","72.8","Minor","Soft Tissue / Access / Misc","Open","Access / Drainage Procedures","Benign/Non-malignant | Primary | Lateral Decubitus","Est.Duration:<2hr"
"Rectal cancer","Transanal endoscopic microsurgery","Colorectal","Open","Prone","1","Colorectal","59.7","Minor","Abdominal / GI","Open","Colectomy / Bowel Resection","Malignancy | Primary | Prone","Est.Duration:1-3hr"
"Choledochal cyst","Choledochal cyst excision","Biliary/Pancreas","Open","Supine","1","Biliary/Pancreas","79.0","Major","Abdominal / GI","Open","Hepatobiliary / Pancreatic Resection","Benign/Non-malignant | Primary | Supine","Est.Duration:2-5hr"
"Chronic kidney disease, stage 5","Percutaneous biopsy","Vascular","Open","Supine","1","Vascular","67.8","Minor","Vascular","Open","Access / Drainage Procedures","Benign/Non-malignant | Primary | Supine","Est.Duration:<2hr"
"Liver function tests abnormality","Ligation and stripping","Vascular","Open","Prone","1","Vascular","68.8","Minor","Vascular","Open","Vascular Reconstruction","Benign/Non-malignant | Primary | Prone","Est.Duration:1-3hr"
"Early gastric cancer","Hernia repair","Colorectal","Open","Supine","1","Colorectal","67.9","Minor","Abdominal / GI","Open","Colectomy / Bowel Resection","Malignancy | Revision | Supine","Est.Duration:<2hr"
"Colon cancer, sigmoid","Ileostomy repair","Colorectal","Open","Lithotomy","1","Colorectal","70.5","Minor","Abdominal / GI","Open","Colectomy / Bowel Resection","Malignancy | Revision | Lithotomy","Est.Duration:<2hr"
"Mirizzi syndrome without obstruction","Cholecystectomy","Biliary/Pancreas","Videoscopic","Supine","1","Biliary/Pancreas","63.0","Major","Abdominal / GI","Laparoscopic","Cystoscopy / TURBT","Benign/Non-malignant | Primary | Supine","Est.Duration:<2hr"
"Paraganglioma","Adrenalectomy","Others","Open","Supine","1","Others","73.0","Major","Abdominal / GI","Open","Other Procedure","Benign/Non-malignant | Primary | Supine","Est.Duration:1-3hr"
"Common bile duct disease","Cholecystectomy","Biliary/Pancreas","Videoscopic","Supine","1","Biliary/Pancreas","74.2","Major","Abdominal / GI","Laparoscopic","Cystoscopy / TURBT","Benign/Non-malignant | Primary | Supine","Est.Duration:<2hr"
"Enterocutaneous fistula","Exploratory laparotomy","Others","Open","Supine","1","Others","72.9","Major","Soft Tissue / Access / Misc","Open","Other Procedure","Benign/Non-malignant | Primary | Supine","Est.Duration:2-4hr"
"Fournier's gangrene, male","Incision and drainage","Colorectal","Open","Supine","1","Others","71.7","Minor","Soft Tissue / Access / Misc","Open","Colectomy / Bowel Resection","Benign/Non-malignant | Primary | Supine","Est.Duration:<2hr"
"Endometrial cancer unknown stage","Staging operation","Minor resection","Videoscopic","Lithotomy","1","Minor resection","65.7","Major","Abdominal / GI","Laparoscopic","Other Procedure","Malignancy | Primary | Lithotomy","Est.Duration:2-5hr"
"Hepatocellular carcinoma","Excision","Others","Open","Right lateral decubitus","1","CraniTumorSkullBase","71.1","Minor","Neuro / Spine","Open","Craniotomy","Malignancy | Primary | Lateral Decubitus","Est.Duration:1-3hr"
"Colon cancer","Extended hemicolectomy","Colorectal","Open","Supine","1","Colorectal","80.7","Major","Abdominal / GI","Open","Colectomy / Bowel Resection","Malignancy | Primary | Supine","Est.Duration:1-3hr"
"Liver cirrhosis with hepatitis B Child-Pugh A","Liver transplantation","Transplantation","Open","Supine","1","Transplantation","68.2","Major","Abdominal / GI","Open","Hepatobiliary / Pancreatic Resection","Benign/Non-malignant | Primary | Transplant/Reconstruction | Supine","Est.Duration:>6hr"
"Neuroendocrine tumor of pancreas, G2","Pylorus preserving pancreaticoduodenectomy","Biliary/Pancreas","Open","Supine","1","Biliary/Pancreas","76.0","Major","Abdominal / GI","Open","Hepatobiliary / Pancreatic Resection","Malignancy | Primary | Supine","Est.Duration:>6hr"
"Endometrial cancer, stage 1A","Total hysterectomy","Major resection","Videoscopic","Lithotomy","1","Major resection","68.3","Major","Abdominal / GI","Laparoscopic","Other Procedure","Malignancy | Primary | Lithotomy","Est.Duration:2-4hr"
"Symptomatic gallbladder stone without obstruction","Cholecystectomy","Biliary/Pancreas","Robotic","Supine","1","Biliary/Pancreas","62.8","Major","Abdominal / GI","Robotic","Cystoscopy / TURBT","Benign/Non-malignant | Primary | Supine","Est.Duration:<2hr"
"Lipoleiomyoma of uterus","Radical hysterectomy","Major resection","Videoscopic","Lithotomy","1","Major resection","71.6","Major","Abdominal / GI","Laparoscopic","Other Procedure","Benign/Non-malignant | Primary | Lithotomy","Est.Duration:1-3hr"
"Liver cirrhosis with hepatitis B Unspecified","Segmental resection of colon","Colorectal","Videoscopic","Lithotomy","1","Colorectal","67.9","Major","Abdominal / GI","Laparoscopic","Colectomy / Bowel Resection","Benign/Non-malignant | Primary | Lithotomy","Est.Duration:2-4hr"
"Peripheral artery occlusive disease involving arteries below knee","Embolectomy","Vascular","Open","Supine","1","Vascular","49.7","Major","Vascular","Open","Vascular Reconstruction","Benign/Non-malignant | Primary | Supine","Est.Duration:2-4hr"
"Pelvic mass","Exploratory laparotomy","Others","Open","Supine","1","Others","81.6","Major","Soft Tissue / Access / Misc","Open","Other Procedure","Benign/Non-malignant | Primary | Supine","Est.Duration:2-4hr"
"Atrioventricular block","Excision","Others","Open","Supine","1","CraniTumorSkullBase","71.4","Minor","Neuro / Spine","Open","Craniotomy","Benign/Non-malignant | Primary | Supine","Est.Duration:1-3hr"
"Pelvic mass","Excision","Others","Open","Prone","1","CraniTumorSkullBase","69.9","Minor","Neuro / Spine","Open","Craniotomy","Benign/Non-malignant | Primary | Prone","Est.Duration:1-3hr"
"rectal cancer","Transanal excision","Colorectal","Open","Prone","1","Colorectal","77.3","Minor","Abdominal / GI","Open","Colectomy / Bowel Resection","Malignancy | Primary | Prone","Est.Duration:<2hr"
"Cystic disease of liver","Marsupialization","Hepatic","Videoscopic","Supine","1","Hepatic","68.8","Minor","Abdominal / GI","Laparoscopic","Hepatobiliary / Pancreatic Resection","Benign/Non-malignant | Primary | Supine","Est.Duration:1-3hr"
"Vulvar cancer unknown stage","Exploratory laparotomy","Others","Open","Lithotomy","1","Others","70.9","Major","Soft Tissue / Access / Misc","Open","Other Procedure","Malignancy | Primary | Lithotomy","Est.Duration:2-4hr"
"Invasive thymoma","Thymectomy","Others","Robotic","Supine","1","Others","67.3","Major","Soft Tissue / Access / Misc","Robotic","Thoracic Resection","Benign/Non-malignant | Primary | Supine","Est.Duration:2-5hr"
"Mucinous cystic neoplasm of pancreas, malignant","Distal pancreatectomy","Biliary/Pancreas","Videoscopic","Supine","1","Biliary/Pancreas","64.1","Major","Abdominal / GI","Laparoscopic","Hepatobiliary / Pancreatic Resection","Malignancy | Primary | Supine","Est.Duration:2-4hr"
"Acute acalculous cholecystitis","Cholecystectomy","Biliary/Pancreas","Videoscopic","Supine","1","Biliary/Pancreas","65.0","Major","Abdominal / GI","Laparoscopic","Cystoscopy / TURBT","Benign/Non-malignant | Primary | Supine","Est.Duration:<2hr"
"Liver cirrhosis with hepatitis B Child-Pugh A","Liver segmentectomy","Hepatic","Open","Supine","1","Hepatic","68.6","Major","Abdominal / GI","Open","Hepatobiliary / Pancreatic Resection","Benign/Non-malignant | Primary | Supine","Est.Duration:2-5hr"
"Lymphoma","Biopsy","Others","Open","Supine","1","BiopsyMuscleNerve","71.5","Minor","Soft Tissue / Access / Misc","Open","Access / Drainage Procedures","Malignancy | Primary | Supine","Est.Duration:<2hr"
"Intraductal papillary mucinous neoplasm, benign","Distal pancreatectomy","Biliary/Pancreas","Open","Supine","1","Biliary/Pancreas","64.1","Major","Abdominal / GI","Open","Hepatobiliary / Pancreatic Resection","Malignancy | Primary | Supine","Est.Duration:2-4hr"
"Hepatoid adenocarcinoma","Hemihepatectomy","Hepatic","Videoscopic","Lithotomy","1","Hepatic","68.0","Major","Abdominal / GI","Laparoscopic","Hepatobiliary / Pancreatic Resection","Malignancy | Primary | Lithotomy","Est.Duration:3-6hr"
"gallbladder stone","Cholecystectomy","Biliary/Pancreas","Videoscopic","Supine","1","Biliary/Pancreas","71.6","Major","Abdominal / GI","Laparoscopic","Cystoscopy / TURBT","Benign/Non-malignant | Primary | Supine","Est.Duration:<2hr"
"Congenital cystic adenomatoid malformation of lung","Lung lobectomy","Major resection","Videoscopic","Right lateral decubitus","1","CraniVessel","56.5","Major","Neuro / Spine","Laparoscopic","Craniotomy","Benign/Non-malignant | Primary | Lateral Decubitus","Est.Duration:2-4hr"
"Abdominal mass","Exploratory laparotomy","Others","Open","Lithotomy","1","Others","78.9","Major","Soft Tissue / Access / Misc","Open","Other Procedure","Benign/Non-malignant | Primary | Lithotomy","Est.Duration:2-4hr"
"Intraductal papillary mucinous neoplasm of bile duct, malignant","Hemihepatectomy","Hepatic","Open","Supine","1","Hepatic","50.3","Major","Abdominal / GI","Open","Hepatobiliary / Pancreatic Resection","Malignancy | Primary | Supine","Est.Duration:3-6hr"
"early gastric cancer","Remnant total gastrectomy","Stomach","Open","Supine","1","Stomach","76.3","Major","Abdominal / GI","Open","Gastric Resection","Malignancy | Revision | Supine","Est.Duration:2-5hr"
"Gallbladder cancer","Hepatic hilar resection","Hepatic","Open","Left lateral decubitus","1","Biliary/Pancreas","76.5","Major","Abdominal / GI","Open","Hepatobiliary / Pancreatic Resection","Malignancy | Primary | Lateral Decubitus","Est.Duration:2-5hr"
"Pilonidal sinus with abscess","Excision","Colorectal","Open","Prone","1","Others","59.2","Minor","Soft Tissue / Access / Misc","Open","Colectomy / Bowel Resection","Benign/Non-malignant | Primary | Prone","Est.Duration:1-3hr"
"Rectal cancer","Biopsy","Minor resection","Videoscopic","Left lateral decubitus","1","BiopsyBrain","68.2","Minor","Neuro / Spine","Laparoscopic","Access / Drainage Procedures","Malignancy | Primary | Lateral Decubitus","Est.Duration:<2hr"
"Breast cancer unspecified side","Breast-conserving surgery","Breast","Open","Lithotomy","1","Breast","56.9","Major","ENT / Head & Neck","Open","Breast Surgery","Malignancy | Primary | Lithotomy","Est.Duration:1-3hr"
"Common bile duct stone without obstruction","Debridement of wound","Others","Open","Left lateral decubitus","1","Others","64.5","Minor","Soft Tissue / Access / Misc","Open","Other Procedure","Benign/Non-malignant | Primary | Lateral Decubitus","Est.Duration:<2hr"
"Acute peritonitis","Exploratory laparotomy","Others","Open","Supine","1","Others","76.6","Major","Soft Tissue / Access / Misc","Open","Other Procedure","Benign/Non-malignant | Primary | Supine","Est.Duration:2-4hr"
"Adenocarcinoma of gallbladder","Gastric wedge resection","Stomach","Videoscopic","Supine","1","Stomach","70.6","Major","Abdominal / GI","Laparoscopic","Gastric Resection","Malignancy | Primary | Supine","Est.Duration:1-3hr"
"Macrodactyly","Ligation and stripping","Vascular","Open","Supine","1","Vascular","72.0","Minor","Vascular","Open","Vascular Reconstruction","Benign/Non-malignant | Primary | Supine","Est.Duration:1-3hr"
"Colorectal cancer","Ileostomy repair","Colorectal","Open","Supine","1","Colorectal","72.5","Minor","Abdominal / GI","Open","Colectomy / Bowel Resection","Malignancy | Revision | Supine","Est.Duration:<2hr"
"Breast cancer unspecified side","Excision","Others","Open","Left lateral decubitus","1","CraniTumorSkullBase","65.6","Minor","Neuro / Spine","Open","Craniotomy","Malignancy | Primary | Lateral Decubitus","Est.Duration:1-3hr"
"Lung transplant status","Sternal fixation","Others","Open","Supine","1","Others","69.3","Major","Soft Tissue / Access / Misc","Open","Other Procedure","Benign/Non-malignant | Primary | Supine","Est.Duration:1-3hr"
"Chronic pancreatitis","Gastrojejunostomy","Stomach","Open","Supine","1","Stomach","71.3","Major","Abdominal / GI","Open","Gastric Resection","Benign/Non-malignant | Primary | Supine","Est.Duration:2-4hr"
"Urethral caruncle","Excision","Minor resection","Open","Lithotomy","1","CraniTumorSkullBase","69.4","Minor","Neuro / Spine","Open","Craniotomy","Benign/Non-malignant | Primary | Lithotomy","Est.Duration:1-3hr"
"Rectovaginal fistula","Exploratory laparotomy","Others","Open","Prone","1","Others","74.6","Major","Soft Tissue / Access / Misc","Open","Other Procedure","Benign/Non-malignant | Primary | Prone","Est.Duration:2-4hr"
"Epithelial ovarian cancer unknown stage unspecified side","Salpingo-oophorectomy","Minor resection","Videoscopic","Lithotomy","1","Minor resection","51.2","Major","Abdominal / GI","Laparoscopic","Other Procedure","Malignancy | Primary | Lithotomy","Est.Duration:1-3hr"
"Metastatic cancer to the liver","Cholecystectomy","Biliary/Pancreas","Open","Supine","1","Biliary/Pancreas","65.0","Major","Abdominal / GI","Open","Cystoscopy / TURBT","Malignancy | Primary | Supine","Est.Duration:<2hr"
"Colon cancer","subtotal colectomy","Colorectal","Open","Lithotomy","1","Colorectal","78.2","Major","Abdominal / GI","Open","Colectomy / Bowel Resection","Malignancy | Primary | Lithotomy","Est.Duration:2-4hr"
"Lipoma","Excision","Others","Open","Supine","1","Others","75.7","Minor","Soft Tissue / Access / Misc","Open","Other Procedure","Benign/Non-malignant | Primary | Supine","Est.Duration:1-3hr"
"Non-small cell lung cancer right","Lung wedge resection","Minor resection","Videoscopic","Left lateral decubitus","1","Minor resection","67.6","Major","Thoracic","Laparoscopic","Thoracic Resection","Malignancy | Primary | Lateral Decubitus","Est.Duration:2-4hr"
"Colon cancer","Incisional hernia repair","Colorectal","Videoscopic","Supine","1","Colorectal","81.7","Minor","Abdominal / GI","Laparoscopic","Colectomy / Bowel Resection","Malignancy | Revision | Supine","Est.Duration:<2hr"
"Lupus nephritis","Exploratory laparotomy","Others","Open","Supine","1","Others","78.1","Major","Soft Tissue / Access / Misc","Open","Other Procedure","Benign/Non-malignant | Primary | Supine","Est.Duration:2-4hr"
"Familial adenomatous polyposis","Ileostomy repair","Colorectal","Open","Supine","1","Colorectal","65.7","Minor","Abdominal / GI","Open","Colectomy / Bowel Resection","Benign/Non-malignant | Revision | Supine","Est.Duration:<2hr"
"Chronic kidney disease","Pylorus preserving pancreaticoduodenectomy","Biliary/Pancreas","Open","Supine","1","Biliary/Pancreas","81.6","Major","Abdominal / GI","Open","Hepatobiliary / Pancreatic Resection","Benign/Non-malignant | Primary | Supine","Est.Duration:>6hr"
"Tonsillar cancer","Metastasectomy","Minor resection","Videoscopic","Right lateral decubitus","1","Minor resection","71.5","Major","Thoracic","Laparoscopic","Other Procedure","Malignancy | Primary | Lateral Decubitus","Est.Duration:1-3hr"
"Kidney transplant status","Closure of arteriovenous fistula","Vascular","Open","Supine","1","Vascular","77.2","Minor","Vascular","Open","Vascular Reconstruction","Benign/Non-malignant | Primary | Supine","Est.Duration:1-3hr"
"Unspecified gastric cancer","Total gastrectomy","Stomach","Videoscopic","Supine","1","Stomach","68.1","Major","Abdominal / GI","Laparoscopic","Gastric Resection","Malignancy | Primary | Supine","Est.Duration:2-5hr"
"Gastrointestinal stromal tumor","Exploratory laparotomy","Others","Open","Supine","1","Others","69.6","Major","Soft Tissue / Access / Misc","Open","Other Procedure","Malignancy | Primary | Supine","Est.Duration:2-4hr"
"colon cancer","Liver sectionectomy","Hepatic","Videoscopic","Supine","1","Hepatic","78.9","Major","Abdominal / GI","Laparoscopic","Hepatobiliary / Pancreatic Resection","Malignancy | Primary | Supine","Est.Duration:2-5hr"
"Abnormal chest CT, lung nodule","Biopsy","Minor resection","Videoscopic","Left lateral decubitus","1","BiopsyMuscleNerve","62.9","Minor","Soft Tissue / Access / Misc","Laparoscopic","Access / Drainage Procedures","Benign/Non-malignant | Primary | Lateral Decubitus","Est.Duration:<2hr"
"Ductal carcinoma in situ of breast with microinvasion left","Total mastectomy","Breast","Open","Supine","1","Breast","50.6","Major","ENT / Head & Neck","Open","Breast Surgery","Malignancy | Primary | Supine","Est.Duration:<2hr"
"Metastatic cancer to the liver","Liver sectionectomy","Hepatic","Open","Supine","1","Hepatic","64.8","Major","Abdominal / GI","Open","Hepatobiliary / Pancreatic Resection","Malignancy | Primary | Supine","Est.Duration:2-5hr"
"Tubulovillous adenoma, rectum","Low anterior resection","Colorectal","Videoscopic","Lithotomy","1","Colorectal","70.4","Major","Abdominal / GI","Laparoscopic","Colectomy / Bowel Resection","Benign/Non-malignant | Primary | Lithotomy","Est.Duration:2-4hr"
"Mastitis","Incision and drainage","Others","Open","Supine","1","Others","84.4","Minor","Soft Tissue / Access / Misc","Open","Access / Drainage Procedures","Benign/Non-malignant | Primary | Supine","Est.Duration:<2hr"
"Endometrial cancer unknown stage","Total hysterectomy","Major resection","Videoscopic","Lithotomy","1","Major resection","66.4","Major","Abdominal / GI","Laparoscopic","Other Procedure","Malignancy | Primary | Lithotomy","Est.Duration:2-4hr"
"Aneurysm, abdominal aorta, s/p Aortoiliac bypass","Adhesiolysis","Others","Open","Supine","1","Others","58.6","Major","Soft Tissue / Access / Misc","Open","Other Procedure","Benign/Non-malignant | Primary | Supine","Est.Duration:1-3hr"
"Colon cancer","subtotal colectomy","Colorectal","Videoscopic","Supine","1","Colorectal","78.2","Major","Abdominal / GI","Laparoscopic","Colectomy / Bowel Resection","Malignancy | Primary | Supine","Est.Duration:2-4hr"
"Malignant melanoma","Inguinal lymph node dissection","Colorectal","Open","Supine","1","Colorectal","79.8","Major","Abdominal / GI","Open","Colectomy / Bowel Resection","Malignancy | Primary | Supine","Est.Duration:1-3hr"
"Living liver donor","Bleeding control","Others","Open","Supine","1","Others","71.8","Minor","Soft Tissue / Access / Misc","Open","Other Procedure","Benign/Non-malignant | Primary | Supine","Est.Duration:1-3hr"
"Adenocarcinoma of rectum","Ileostomy repair","Colorectal","Open","Supine","1","Colorectal","68.3","Minor","Abdominal / GI","Open","Colectomy / Bowel Resection","Malignancy | Revision | Supine","Est.Duration:<2hr"
"Cecal cancer","Hemicolectomy","Colorectal","Videoscopic","Supine","1","Colorectal","74.0","Major","Abdominal / GI","Laparoscopic","Colectomy / Bowel Resection","Malignancy | Primary | Supine","Est.Duration:2-4hr"
"Diabetic footwith multiple complications","Arteriovenous fistula","Vascular","Open","Supine","1","Vascular","70.5","Major","Vascular","Open","Vascular Reconstruction","Benign/Non-malignant | Primary | Supine","Est.Duration:1-3hr"
"Colorectal polyp","Hemicolectomy","Colorectal","Videoscopic","Trendelenburg","1","Colorectal","70.5","Major","Abdominal / GI","Laparoscopic","Colectomy / Bowel Resection","Benign/Non-malignant | Primary | Trendelenburg","Est.Duration:2-4hr"
"Small cell lung cancer unspecified side","Lung wedge resection","Minor resection","Videoscopic","Left lateral decubitus","1","Minor resection","65.3","Major","Thoracic","Laparoscopic","Thoracic Resection","Malignancy | Primary | Lateral Decubitus","Est.Duration:2-4hr"
"Mediastinal lymphadenopathy","Mediastinal lymph node dissection","Others","Videoscopic","Left lateral decubitus","1","Others","90.5","Major","Soft Tissue / Access / Misc","Laparoscopic","Other Procedure","Benign/Non-malignant | Primary | Lateral Decubitus","Est.Duration:1-3hr"
"Chronic renal failure","Insertion of continuous ambulatory peritoneal dialysis catheter","Stomach","Videoscopic","Supine","1","Stomach","74.4","Minor","Abdominal / GI","Laparoscopic","Access / Drainage Procedures","Benign/Non-malignant | Primary | Supine","Est.Duration:2-4hr"
"Carcinoma in situ of bladder","Transurethral resection of bladder tumor","Minor resection","Videoscopic","Lithotomy","1","Minor resection","78.1","Minor","Urology","Laparoscopic","Cystoscopy / TURBT","Malignancy | Primary | Lithotomy","Est.Duration:<2hr"
"Rectal cancer","Ileostomy","Colorectal","Open","Lithotomy","1","Colorectal","55.2","Major","Abdominal / GI","Open","Colectomy / Bowel Resection","Malignancy | Primary | Lithotomy","Est.Duration:1-3hr"
"Abnormal chest CT, lung","Biopsy","Others","Videoscopic","Right lateral decubitus","1","BiopsyBrain","66.9","Minor","Neuro / Spine","Laparoscopic","Access / Drainage Procedures","Benign/Non-malignant | Primary | Lateral Decubitus","Est.Duration:<2hr"
"Prostate cancer","Biopsy","Others","Videoscopic","Supine","1","BiopsyBrain","70.5","Minor","Neuro / Spine","Laparoscopic","Access / Drainage Procedures","Malignancy | Primary | Supine","Est.Duration:<2hr"
"Colorectal polyp","Transanal excision","Colorectal","Open","Prone","1","Colorectal","74.7","Minor","Abdominal / GI","Open","Colectomy / Bowel Resection","Benign/Non-malignant | Primary | Prone","Est.Duration:<2hr"
"Colon cancer","Total colectomy","Colorectal","Videoscopic","Lithotomy","1","Colorectal","75.9","Major","Abdominal / GI","Laparoscopic","Colectomy / Bowel Resection","Malignancy | Primary | Lithotomy","Est.Duration:2-4hr"
"Melanoma","Inguinal lymph node dissection","Colorectal","Open","Supine","1","Colorectal","88.0","Major","Abdominal / GI","Open","Colectomy / Bowel Resection","Benign/Non-malignant | Primary | Supine","Est.Duration:1-3hr"
"Endometrial cancer unknown stage","Exploratory laparotomy","Major resection","Open","Lithotomy","1","Others","68.8","Major","Abdominal / GI","Open","Other Procedure","Malignancy | Primary | Lithotomy","Est.Duration:2-4hr"
"Metastatic cancer to the lung","Metastasectomy","Minor resection","Open","Supine","1","Minor resection","64.5","Major","Thoracic","Open","Other Procedure","Malignancy | Primary | Supine","Est.Duration:1-3hr"
"Abdominal hernia","Hernia repair","Others","Open","Supine","1","Colorectal","70.5","Minor","Abdominal / GI","Open","Other Procedure","Benign/Non-malignant | Revision | Supine","Est.Duration:<2hr"
"Villous adenoma, colon","Hemicolectomy","Colorectal","Videoscopic","Lithotomy","1","Colorectal","67.3","Major","Abdominal / GI","Laparoscopic","Colectomy / Bowel Resection","Benign/Non-malignant | Primary | Lithotomy","Est.Duration:2-4hr"
"thyroid nodule","Thyroid lobectomy","Thyroid","Open","Supine","1","Thyroid","75.6","Major","ENT / Head & Neck","Open","Thyroid / Parathyroid","Benign/Non-malignant | Primary | Supine","Est.Duration:1-3hr"
"Post traumatic pain syndrome","Ligation and stripping","Vascular","Open","Supine","1","Vascular","70.4","Minor","Vascular","Open","Vascular Reconstruction","Benign/Non-malignant | Primary | Supine","Est.Duration:1-3hr"
"Right inguinal hernia, Not specified as recurrent","Hernia repair","Colorectal","Open","Supine","1","Colorectal","58.9","Minor","Abdominal / GI","Open","Colectomy / Bowel Resection","Benign/Non-malignant | Revision | Supine","Est.Duration:<2hr"
"Pheochromocytoma","Adrenalectomy","Others","Videoscopic","Right lateral decubitus","1","Others","70.5","Major","Abdominal / GI","Laparoscopic","Other Procedure","Benign/Non-malignant | Primary | Lateral Decubitus","Est.Duration:1-3hr"
"Abnormal electrocardiogram","Parathyroidectomy","Thyroid","Open","Supine","1","Thyroid","66.4","Major","ENT / Head & Neck","Open","Thyroid / Parathyroid","Benign/Non-malignant | Primary | Supine","Est.Duration:1-3hr"
"Gastric submucosal tumor, benign","Gastric wedge resection","Stomach","Videoscopic","Left lateral decubitus","1","Stomach","69.7","Major","Abdominal / GI","Laparoscopic","Gastric Resection","Malignancy | Primary | Lateral Decubitus","Est.Duration:1-3hr"
"Sarcoma","Exploratory laparotomy","Others","Open","Supine","1","Others","86.1","Major","Soft Tissue / Access / Misc","Open","Other Procedure","Malignancy | Primary | Supine","Est.Duration:2-4hr"
"Lung cancer left","Sleeve lobectomy","Major resection","Videoscopic","Right lateral decubitus","1","Major resection","73.2","Major","Thoracic","Laparoscopic","Bariatric Surgery","Malignancy | Primary | Lateral Decubitus","Est.Duration:3-6hr"
"Colon cancer","Transanal excision","Colorectal","Open","Prone","1","Colorectal","78.2","Minor","Abdominal / GI","Open","Colectomy / Bowel Resection","Malignancy | Primary | Prone","Est.Duration:<2hr"
"Pelvic mass","Salpingo-oophorectomy","Minor resection","Videoscopic","Lithotomy","1","Minor resection","81.1","Major","Abdominal / GI","Laparoscopic","Other Procedure","Benign/Non-malignant | Primary | Lithotomy","Est.Duration:1-3hr"
"Colitis","subtotal colectomy","Colorectal","Open","Lithotomy","1","Colorectal","92.0","Major","Abdominal / GI","Open","Colectomy / Bowel Resection","Benign/Non-malignant | Primary | Lithotomy","Est.Duration:2-4hr"
"Gastric submucosal tumor, unknown behavior","Closure of wound","Others","Open","Supine","1","MiscellaneousOther","62.4","Minor","Soft Tissue / Access / Misc","Open","Other Procedure","Malignancy | Primary | Supine","Est.Duration:<2hr"
"Pancreatic cancer","Pancreatosplenectomy","Biliary/Pancreas","Open","Supine","1","Biliary/Pancreas","75.4","Major","Abdominal / GI","Open","Hepatobiliary / Pancreatic Resection","Malignancy | Primary | Supine","Est.Duration:2-5hr"
"Morbid obesity","Distal gastrectomy","Stomach","Videoscopic","Supine","1","Stomach","62.8","Major","Abdominal / GI","Laparoscopic","Gastric Resection","Benign/Non-malignant | Primary | Supine","Est.Duration:2-5hr"
"Enterocutaneous fistula","Fistulectomy","Colorectal","Open","Supine","1","Colorectal","65.3","Major","Abdominal / GI","Open","Colectomy / Bowel Resection","Benign/Non-malignant | Primary | Supine","Est.Duration:<2hr"
"Chronic hepatitis B","Liver transplantation","Transplantation","Open","Supine","1","Transplantation","74.6","Major","Abdominal / GI","Open","Hepatobiliary / Pancreatic Resection","Benign/Non-malignant | Primary | Transplant/Reconstruction | Supine","Est.Duration:>6hr"
"Crohn's disease unspecified","Small bowel segmental resection","Stomach","Open","Supine","1","Stomach","63.4","Major","Abdominal / GI","Open","Colectomy / Bowel Resection","Benign/Non-malignant | Primary | Supine","Est.Duration:1-3hr"
"Liver cirrhosis with hepatitis B Child-Pugh B","Diagnostic laparoscopy","Others","Videoscopic","Supine","1","Others","64.8","Minor","Soft Tissue / Access / Misc","Laparoscopic","Other Procedure","Benign/Non-malignant | Primary | Supine","Est.Duration:2-5hr"
"Colon perforation","Colostomy repair","Colorectal","Open","Supine","1","Colorectal","72.5","Minor","Abdominal / GI","Open","Colectomy / Bowel Resection","Benign/Non-malignant | Revision | Supine","Est.Duration:<2hr"
"Cholangiocarcinoma, extrahepatic","Pancreaticoduodenectomy","Biliary/Pancreas","Open","Supine","1","Biliary/Pancreas","69.7","Major","Abdominal / GI","Open","Hepatobiliary / Pancreatic Resection","Malignancy | Primary | Supine","Est.Duration:>6hr"
"Neuroendocrine tumor of pancreas, G3","Pylorus preserving pancreaticoduodenectomy","Biliary/Pancreas","Open","Supine","1","Biliary/Pancreas","76.0","Major","Abdominal / GI","Open","Hepatobiliary / Pancreatic Resection","Malignancy | Primary | Supine","Est.Duration:>6hr"
"Endometrial cancer unknown stage","Total hysterectomy","Major resection","Robotic","Lithotomy","1","Major resection","66.4","Major","Abdominal / GI","Robotic","Other Procedure","Malignancy | Primary | Lithotomy","Est.Duration:2-4hr"
"Lung cancer unspecified side","Lung bilobectomy","Major resection","Videoscopic","Left lateral decubitus","1","Major resection","66.5","Major","Thoracic","Laparoscopic","Thoracic Resection","Malignancy | Primary | Lateral Decubitus","Est.Duration:2-5hr"
"Anal polyp","Transanal excision","Colorectal","Open","Prone","1","Colorectal","80.3","Minor","Abdominal / GI","Open","Colectomy / Bowel Resection","Benign/Non-malignant | Primary | Prone","Est.Duration:<2hr"
"End stage renal disease","Vascular bypass","Vascular","Open","Supine","1","Vascular","56.2","Major","Vascular","Open","Vascular Reconstruction","Benign/Non-malignant | Primary | Supine","Est.Duration:2-5hr"
"Leiomyosarcoma","Excision","Others","Open","Supine","1","CraniTumorSkullBase","71.7","Minor","Neuro / Spine","Open","Craniotomy","Malignancy | Primary | Supine","Est.Duration:1-3hr"
"Kidney transplant status","Arteriovenous fistula thrombectomy","Vascular","Open","Supine","1","Vascular","78.0","Major","Vascular","Open","Vascular Reconstruction","Benign/Non-malignant | Primary | Supine","Est.Duration:2-4hr"
"Cervical cancer, stage 1A1","Radical hysterectomy","Major resection","Robotic","Lithotomy","1","Major resection","70.6","Major","Abdominal / GI","Robotic","Other Procedure","Malignancy | Primary | Lithotomy","Est.Duration:1-3hr"
"Appendix polyp","Cecectomy","Colorectal","Open","Supine","1","Colorectal","67.5","Major","Abdominal / GI","Open","Colectomy / Bowel Resection","Benign/Non-malignant | Primary | Supine","Est.Duration:1-3hr"
"Hydropneumothorax","Bullectomy","Minor resection","Videoscopic","Right lateral decubitus","1","Minor resection","66.6","Minor","Thoracic","Laparoscopic","Other Procedure","Benign/Non-malignant | Primary | Lateral Decubitus","Est.Duration:<2hr"
"Undifferentiated pleomorphic sarcoma, pelvis","Exploratory laparotomy","Others","Open","Lithotomy","1","Others","65.3","Major","Soft Tissue / Access / Misc","Open","Other Procedure","Malignancy | Primary | Lithotomy","Est.Duration:2-4hr"
"Crohn's disease","Exploratory laparotomy","Others","Open","Lithotomy","1","Others","78.1","Major","Soft Tissue / Access / Misc","Open","Other Procedure","Benign/Non-malignant | Primary | Lithotomy","Est.Duration:2-4hr"
"Tubular adenoma, colon","Anterior resection","Colorectal","Open","Lithotomy","1","Colorectal","62.2","Major","Abdominal / GI","Open","Colectomy / Bowel Resection","Benign/Non-malignant | Primary | Lithotomy","Est.Duration:1-3hr"
"Renal cell carcinoma unspecified side","Exploratory laparotomy","Others","Open","Lithotomy","1","Others","67.1","Major","Soft Tissue / Access / Misc","Open","Other Procedure","Malignancy | Primary | Lithotomy","Est.Duration:2-4hr"
"Lobular carcinoma in situ of breast right","Breast-conserving surgery","Breast","Open","Supine","1","Breast","56.9","Major","ENT / Head & Neck","Open","Breast Surgery","Malignancy | Primary | Supine","Est.Duration:1-3hr"
"Ovarian cyst","Pelvic tumorectomy","Major resection","Robotic","Supine","1","Major resection","78.2","Major","Abdominal / GI","Robotic","Other Procedure","Benign/Non-malignant | Primary | Supine","Est.Duration:2-5hr"
"Ulcerative colitis","Total proctocolectomy","Colorectal","Open","Lithotomy","1","Colorectal","75.3","Major","Abdominal / GI","Open","Colectomy / Bowel Resection","Benign/Non-malignant | Primary | Lithotomy","Est.Duration:3-6hr"
"Injury of portal or splenic vein other and unspecified injuries","Splenectomy","Biliary/Pancreas","Open","Supine","1","MVD","56.1","Major","Neuro / Spine","Open","Hepatobiliary / Pancreatic Resection","Benign/Non-malignant | Primary | Supine","Est.Duration:1-3hr"
"Lymphoma","Small bowel segmental resection","Stomach","Open","Supine","1","Stomach","63.0","Major","Abdominal / GI","Open","Colectomy / Bowel Resection","Malignancy | Primary | Supine","Est.Duration:1-3hr"
"Gallbladder cancer","Cholecystectomy","Biliary/Pancreas","Open","Supine","1","Biliary/Pancreas","70.9","Major","Abdominal / GI","Open","Cystoscopy / TURBT","Malignancy | Primary | Supine","Est.Duration:<2hr"
"Invasive breast cancer right","Metastasectomy","Minor resection","Videoscopic","Left lateral decubitus","1","Minor resection","64.9","Major","Thoracic","Laparoscopic","Other Procedure","Malignancy | Primary | Lateral Decubitus","Est.Duration:1-3hr"
"Gallbladder stone with acute cholecystitis","Cholecystectomy","Biliary/Pancreas","Videoscopic","Supine","1","Biliary/Pancreas","61.4","Major","Abdominal / GI","Laparoscopic","Cystoscopy / TURBT","Benign/Non-malignant | Primary | Supine","Est.Duration:<2hr"
"Lung nodule","Lung wedge resection","Minor resection","Videoscopic","Left lateral decubitus","1","Minor resection","80.5","Major","Thoracic","Laparoscopic","Thoracic Resection","Benign/Non-malignant | Primary | Lateral Decubitus","Est.Duration:2-4hr"
"Kidney donor, live unrelated","Donor nephrectomy","Transplantation","Videoscopic","Supine","1","Transplantation","71.2","Major","Urology","Laparoscopic","Transplant / Major Reconstruction","Benign/Non-malignant | Primary | Supine","Est.Duration:2-4hr"
"Marginal zone B-cell lymphoma","Total thyroidectomy","Thyroid","Open","Supine","1","Thyroid","68.2","Major","ENT / Head & Neck","Open","Thyroid / Parathyroid","Malignancy | Primary | Supine","Est.Duration:2-4hr"
"Pancreatic pseudocyst","Distal pancreatectomy","Biliary/Pancreas","Open","Supine","1","Biliary/Pancreas","73.4","Major","Abdominal / GI","Open","Hepatobiliary / Pancreatic Resection","Benign/Non-malignant | Primary | Supine","Est.Duration:2-4hr"
"Common bile duct stone without obstruction","Cholecystectomy","Biliary/Pancreas","Videoscopic","Supine","1","Biliary/Pancreas","61.4","Major","Abdominal / GI","Laparoscopic","Cystoscopy / TURBT","Benign/Non-malignant | Primary | Supine","Est.Duration:<2hr"
"Acute cholangitis","Exploration of common bile duct","Biliary/Pancreas","Videoscopic","Supine","1","Biliary/Pancreas","80.9","Minor","Abdominal / GI","Laparoscopic","Hepatobiliary / Pancreatic Resection","Benign/Non-malignant | Primary | Supine","Est.Duration:3-6hr"
"Follicular thyroid carcinoma, minimally invasive","Completion thyroidectomy","Thyroid","Open","Supine","1","Thyroid","65.3","Major","ENT / Head & Neck","Open","Thyroid / Parathyroid","Malignancy | Revision | Supine","Est.Duration:1-3hr"
"Kidney donor, live unrelated","Donor nephrectomy","Transplantation","Videoscopic","Left lateral decubitus","1","Transplantation","71.2","Major","Urology","Laparoscopic","Transplant / Major Reconstruction","Benign/Non-malignant | Primary | Lateral Decubitus","Est.Duration:2-4hr"
"Liver function tests abnormality","Total thyroidectomy","Thyroid","Open","Supine","1","Thyroid","67.0","Major","ENT / Head & Neck","Open","Thyroid / Parathyroid","Benign/Non-malignant | Primary | Supine","Est.Duration:2-4hr"
"Chondromyxoid fibroma","Resection of sternum","Others","Open","Supine","1","Others","72.8","Major","Soft Tissue / Access / Misc","Open","Other Procedure","Benign/Non-malignant | Primary | Supine","Est.Duration:2-4hr"
"Malignant neoplasm of lung","Excision","Others","Open","Supine","1","CraniTumorSkullBase","66.1","Minor","Neuro / Spine","Open","Craniotomy","Malignancy | Primary | Supine","Est.Duration:1-3hr"
"Pleural empyema","Debridement of wound","Others","Videoscopic","Left lateral decubitus","1","Others","76.9","Minor","Soft Tissue / Access / Misc","Laparoscopic","Other Procedure","Benign/Non-malignant | Primary | Lateral Decubitus","Est.Duration:<2hr"
"Cholangiocarcinoma, intrahepatic","Hemihepatectomy","Hepatic","Videoscopic","Reverse Trendelenburg","1","Hepatic","64.6","Major","Abdominal / GI","Laparoscopic","Hepatobiliary / Pancreatic Resection","Malignancy | Primary | Trendelenburg","Est.Duration:3-6hr"
"Gastrointestinal stromal tumor of stomach","Lung wedge resection","Stomach","Open","Supine","1","Minor resection","64.8","Major","Thoracic","Open","Gastric Resection","Malignancy | Primary | Supine","Est.Duration:2-4hr"
"Medullary thyroid carcinoma","Mediastinal lymph node dissection","Others","Videoscopic","Left lateral decubitus","1","Others","68.1","Major","Soft Tissue / Access / Misc","Laparoscopic","Other Procedure","Malignancy | Primary | Lateral Decubitus","Est.Duration:1-3hr"
"Abdominal pain","Exploratory laparotomy","Others","Open","Supine","1","Others","78.9","Major","Soft Tissue / Access / Misc","Open","Other Procedure","Benign/Non-malignant | Primary | Supine","Est.Duration:2-4hr"
"Nonfunctioning adrenal adenoma","Adrenalectomy","Others","Videoscopic","Prone","1","Others","63.4","Major","Abdominal / GI","Laparoscopic","Other Procedure","Benign/Non-malignant | Primary | Prone","Est.Duration:1-3hr"
"Renal cell carcinoma left","Metastasectomy","Minor resection","Videoscopic","Right lateral decubitus","1","Minor resection","66.2","Major","Thoracic","Laparoscopic","Other Procedure","Malignancy | Primary | Lateral Decubitus","Est.Duration:1-3hr"
"Thymoma","Lung wedge resection","Minor resection","Videoscopic","Supine","1","Minor resection","85.1","Major","Thoracic","Laparoscopic","Thoracic Resection","Benign/Non-malignant | Primary | Supine","Est.Duration:2-4hr"
"end stage renal disease","Removal of permanent catheter","Vascular","Open","Supine","1","Vascular","76.5","Minor","Vascular","Open","Access / Drainage Procedures","Benign/Non-malignant | Primary | Supine","Est.Duration:<2hr"
"Pancreatic cancer","Wound revision","Others","Open","Supine","1","Others","70.8","Minor","Soft Tissue / Access / Misc","Open","Other Procedure","Malignancy | Revision | Supine","Est.Duration:<2hr"
"Ductal carcinoma in situ of breast with microinvasion unspecified side","Simple mastectomy","Breast","Open","Supine","1","Breast","50.3","Major","ENT / Head & Neck","Open","Breast Surgery","Malignancy | Primary | Supine","Est.Duration:1-3hr"
"Duodenal obstruction","Small bowel segmental resection","Stomach","Open","Supine","1","Stomach","63.4","Major","Abdominal / GI","Open","Colectomy / Bowel Resection","Benign/Non-malignant | Primary | Supine","Est.Duration:1-3hr"
"Adenocarcinoma of unknown primary site","Excision","Others","Open","Left lateral decubitus","1","PituitaryTSA","61.4","Minor","Neuro / Spine","Open","Other Procedure","Malignancy | Primary | Lateral Decubitus","Est.Duration:1-3hr"
"Hemothorax","Bleeding control","Others","Videoscopic","Left lateral decubitus","1","Others","78.8","Minor","Soft Tissue / Access / Misc","Laparoscopic","Other Procedure","Benign/Non-malignant | Primary | Lateral Decubitus","Est.Duration:1-3hr"
"Chronic cholecystitis","Cholecystectomy","Biliary/Pancreas","Robotic","Supine","1","Biliary/Pancreas","69.1","Major","Abdominal / GI","Robotic","Cystoscopy / TURBT","Benign/Non-malignant | Primary | Supine","Est.Duration:<2hr"
"Liver recipient","Liver transplantation","Transplantation","Open","Supine","1","Transplantation","68.0","Major","Abdominal / GI","Open","Hepatobiliary / Pancreatic Resection","Benign/Non-malignant | Primary | Transplant/Reconstruction | Supine","Est.Duration:>6hr"
"Colon cancer, sigmoid","Low anterior resection","Colorectal","Open","Supine","1","Colorectal","74.6","Major","Abdominal / GI","Open","Colectomy / Bowel Resection","Malignancy | Primary | Supine","Est.Duration:2-4hr"
"Gastric submucosal tumor, malignant early","Lung wedge resection","Stomach","Open","Supine","1","Minor resection","65.0","Major","Thoracic","Open","Gastric Resection","Malignancy | Primary | Supine","Est.Duration:2-4hr"
"Parathyroid disease","Parathyroidectomy","Thyroid","Open","Supine","1","Thyroid","66.4","Major","ENT / Head & Neck","Open","Thyroid / Parathyroid","Benign/Non-malignant | Primary | Supine","Est.Duration:1-3hr"
"Nontuberculous mycobacterial infection","Clagett procedure","Others","Open","Left lateral decubitus","1","Others","63.8","Major","Soft Tissue / Access / Misc","Open","Other Procedure","Benign/Non-malignant | Primary | Lateral Decubitus","Est.Duration:<2hr"
"Malignant gastric outlet obstruction","Pancreaticoduodenectomy","Biliary/Pancreas","Open","Supine","1","Biliary/Pancreas","67.9","Major","Abdominal / GI","Open","Hepatobiliary / Pancreatic Resection","Malignancy | Primary | Supine","Est.Duration:>6hr"
"Lung cancer right","Lung lobectomy","Major resection","Robotic","Left lateral decubitus","1","Major resection","70.8","Major","Thoracic","Robotic","Thoracic Resection","Malignancy | Primary | Lateral Decubitus","Est.Duration:2-4hr"
"Colon cancer, sigmoid","Lung wedge resection","Minor resection","Videoscopic","Right lateral decubitus","1","Minor resection","73.4","Major","Thoracic","Laparoscopic","Thoracic Resection","Malignancy | Primary | Lateral Decubitus","Est.Duration:2-4hr"
"Malignant neoplasm of ureter left","Nephroureterectomy","Major resection","Open","Right lateral decubitus","1","Major resection","66.0","Major","Urology","Open","Other Procedure","Malignancy | Primary | Lateral Decubitus","Est.Duration:1-3hr"
"Osteosarcoma","Inguinal lymph node dissection","Colorectal","Open","Supine","1","Colorectal","84.3","Major","Abdominal / GI","Open","Colectomy / Bowel Resection","Malignancy | Primary | Supine","Est.Duration:1-3hr"
"Unspecified gastric cancer","Total gastrectomy","Stomach","Videoscopic","Supine","1","Stomach","68.1","Major","Abdominal / GI","Laparoscopic","Gastric Resection","Malignancy | Primary | Supine","Est.Duration:2-5hr"
"Neoplasm of gastrointestine, uncertain behavior","Small bowel segmental resection","Stomach","Videoscopic","Supine","1","Stomach","68.7","Major","Abdominal / GI","Laparoscopic","Colectomy / Bowel Resection","Malignancy | Primary | Supine","Est.Duration:1-3hr"
"Intussusception","Exploratory laparotomy","Others","Open","Supine","1","Others","78.1","Major","Soft Tissue / Access / Misc","Open","Other Procedure","Benign/Non-malignant | Primary | Supine","Est.Duration:2-4hr"
"Colon cancer","Anterior resection","Colorectal","Videoscopic","Trendelenburg","1","Colorectal","60.2","Major","Abdominal / GI","Laparoscopic","Colectomy / Bowel Resection","Malignancy | Primary | Trendelenburg","Est.Duration:1-3hr"
"Arteriovenous fistula malfunction","Arteriovenous fistula thrombectomy","Vascular","Open","Supine","1","Vascular","93.3","Major","Vascular","Open","Vascular Reconstruction","Benign/Non-malignant | Primary | Supine","Est.Duration:2-4hr"
"Ileus","Adhesiolysis","Others","Open","Lithotomy","1","Others","82.7","Major","Soft Tissue / Access / Misc","Open","Other Procedure","Benign/Non-malignant | Primary | Lithotomy","Est.Duration:1-3hr"
"Vulvar cancer unknown stage","Excision","Others","Open","Lithotomy","1","CraniTumorSkullBase","66.2","Minor","Neuro / Spine","Open","Craniotomy","Malignancy | Primary | Lithotomy","Est.Duration:1-3hr"
"Malignant neoplasm of pancreas tail","Distal pancreatectomy","Biliary/Pancreas","Open","Supine","1","Biliary/Pancreas","67.2","Major","Abdominal / GI","Open","Hepatobiliary / Pancreatic Resection","Malignancy | Primary | Supine","Est.Duration:2-4hr"
"Pelvic mass","Diagnostic laparoscopy","Minor resection","Videoscopic","Lithotomy","1","Others","81.6","Minor","Soft Tissue / Access / Misc","Laparoscopic","Other Procedure","Benign/Non-malignant | Primary | Lithotomy","Est.Duration:2-5hr"
"Pelvic mass","Excision","Colorectal","Open","Lithotomy","1","CraniTumorSkullBase","69.9","Minor","Neuro / Spine","Open","Colectomy / Bowel Resection","Benign/Non-malignant | Primary | Lithotomy","Est.Duration:1-3hr"
"Pancreatic disease","Pancreaticoduodenectomy","Biliary/Pancreas","Open","Supine","1","Biliary/Pancreas","76.5","Major","Abdominal / GI","Open","Hepatobiliary / Pancreatic Resection","Benign/Non-malignant | Primary | Supine","Est.Duration:>6hr"
"Gastric submucosal tumor, malignant unspecified","Gastric wedge resection","Stomach","Videoscopic","Supine","1","Stomach","65.1","Major","Abdominal / GI","Laparoscopic","Gastric Resection","Malignancy | Primary | Supine","Est.Duration:1-3hr"
"Esophageal cancer","Incision and drainage","Others","Open","Supine","1","Others","76.0","Minor","Soft Tissue / Access / Misc","Open","Access / Drainage Procedures","Malignancy | Primary | Supine","Est.Duration:<2hr"
"Hepatocellular carcinoma","Lung wedge resection","Minor resection","Videoscopic","Right lateral decubitus","1","Minor resection","71.1","Major","Thoracic","Laparoscopic","Thoracic Resection","Malignancy | Primary | Lateral Decubitus","Est.Duration:2-4hr"
"End stage renal disease","Removal of Hickman catheter","Vascular","Open","Supine","1","Vascular","75.5","Minor","Vascular","Open","Access / Drainage Procedures","Benign/Non-malignant | Primary | Supine","Est.Duration:<2hr"
"Hemoptysis","Lung lobectomy","Major resection","Open","Left lateral decubitus","1","Major resection","77.1","Major","Thoracic","Open","Thoracic Resection","Benign/Non-malignant | Primary | Lateral Decubitus","Est.Duration:2-4hr"
"Cecal cancer","Hemicolectomy","Colorectal","Open","Lithotomy","1","Colorectal","74.0","Major","Abdominal / GI","Open","Colectomy / Bowel Resection","Malignancy | Primary | Lithotomy","Est.Duration:2-4hr"
"Phyllodes tumor of breast, benign unspecified side","Excision","Breast","Open","Supine","1","Others","55.2","Minor","Soft Tissue / Access / Misc","Open","Breast Surgery","Malignancy | Primary | Supine","Est.Duration:1-3hr"
"Non-small cell lung cancer right","Lung lobectomy","Major resection","Videoscopic","Left lateral decubitus","1","Major resection","63.5","Major","Thoracic","Laparoscopic","Thoracic Resection","Malignancy | Primary | Lateral Decubitus","Est.Duration:2-4hr"
"Breast cancer right","Mastectomy","Breast","Open","Supine","1","Breast","65.3","Major","ENT / Head & Neck","Open","Breast Surgery","Malignancy | Primary | Supine","Est.Duration:3-6hr"
"Intraductal papillary mucinous neoplasm of pancreas, benign","Distal pancreatectomy","Biliary/Pancreas","Videoscopic","Supine","1","Biliary/Pancreas","51.2","Major","Abdominal / GI","Laparoscopic","Hepatobiliary / Pancreatic Resection","Malignancy | Primary | Supine","Est.Duration:2-4hr"
"Intussusception","Hemicolectomy","Colorectal","Videoscopic","Lithotomy","1","Colorectal","71.3","Major","Abdominal / GI","Laparoscopic","Colectomy / Bowel Resection","Benign/Non-malignant | Primary | Lithotomy","Est.Duration:2-4hr"
"Esophageal cancer","Total esophagectomy","Others","Open","Left lateral decubitus","1","Others","74.7","Major","Soft Tissue / Access / Misc","Open","Thoracic Resection","Malignancy | Primary | Lateral Decubitus","Est.Duration:>6hr"
"Liposarcoma","Debulking surgery","Others","Open","Supine","1","Others","78.5","Major","Soft Tissue / Access / Misc","Open","Other Procedure","Malignancy | Primary | Supine","Est.Duration:2-5hr"
"Breast cancer right","Mediastinal lymph node dissection","Others","Videoscopic","Right lateral decubitus","1","Others","68.1","Major","Soft Tissue / Access / Misc","Laparoscopic","Other Procedure","Malignancy | Primary | Lateral Decubitus","Est.Duration:1-3hr"
"Breast cancer right","Lung wedge resection","Minor resection","Videoscopic","Right lateral decubitus","1","Minor resection","74.0","Major","Thoracic","Laparoscopic","Thoracic Resection","Malignancy | Primary | Lateral Decubitus","Est.Duration:2-4hr"
"Atherosclerosis of lower limb with intermittent claudication","Arteriovenous fistula","Vascular","Open","Supine","1","Vascular","51.9","Major","Vascular","Open","Vascular Reconstruction","Benign/Non-malignant | Primary | Supine","Est.Duration:1-3hr"
"Adenocarcinoma of colon","Low anterior resection","Colorectal","Open","Lithotomy","1","Colorectal","68.6","Major","Abdominal / GI","Open","Colectomy / Bowel Resection","Malignancy | Primary | Lithotomy","Est.Duration:2-4hr"
"Intraductal papillary mucinous neoplasm of pancreas, moderate dysplasia","Spleen preserving distal pancreatectomy","Biliary/Pancreas","Videoscopic","Supine","1","Biliary/Pancreas","52.3","Major","Abdominal / GI","Laparoscopic","Hepatobiliary / Pancreatic Resection","Malignancy | Primary | Supine","Est.Duration:1-3hr"
"Adenocarcinoma of prostate","Radical prostatectomy","Major resection","Robotic","Lithotomy","1","Major resection","70.8","Major","Urology","Robotic","Other Procedure","Malignancy | Primary | Lithotomy","Est.Duration:2-5hr"
"Pleural empyema","Elosser operation","Others","Open","Left lateral decubitus","1","Others","74.8","Major","Soft Tissue / Access / Misc","Open","Other Procedure","Benign/Non-malignant | Primary | Lateral Decubitus","Est.Duration:1-3hr"
"Cervical cancer unknown stage","Radical parametrectomy","Major resection","Robotic","Lithotomy","1","Major resection","70.0","Major","Abdominal / GI","Robotic","Other Procedure","Malignancy | Primary | Lithotomy","Est.Duration:3-6hr"
"Arteriovenous fistula malfunction","Arteriovenous fistula","Vascular","Open","Supine","1","Vascular","95.3","Major","Vascular","Open","Vascular Reconstruction","Benign/Non-malignant | Primary | Supine","Est.Duration:1-3hr"
"Rectal prolapse","Rectal prolapse operation","Colorectal","Open","Supine","1","Colorectal","75.3","Minor","Abdominal / GI","Open","Colectomy / Bowel Resection","Benign/Non-malignant | Primary | Supine","Est.Duration:1-3hr"
"Rectal cancer","Transanal endoscopic microsurgery","Colorectal","Open","Right lateral decubitus","1","Colorectal","59.7","Minor","Abdominal / GI","Open","Colectomy / Bowel Resection","Malignancy | Primary | Lateral Decubitus","Est.Duration:1-3hr"
"Choledochal cyst","Revision of small intestine anastomosis","Stomach","Open","Supine","1","Stomach","60.3","Major","Abdominal / GI","Open","Colectomy / Bowel Resection","Benign/Non-malignant | Revision | Supine","Est.Duration:2-4hr"
"Alcoholic liver cirrhosis with ascites","Bleeding control","Others","Open","Supine","1","Others","63.1","Minor","Soft Tissue / Access / Misc","Open","Other Procedure","Benign/Non-malignant | Primary | Supine","Est.Duration:1-3hr"
"Gastric subepithelial mass","Gastric wedge resection","Stomach","Videoscopic","Supine","1","Stomach","71.9","Major","Abdominal / GI","Laparoscopic","Gastric Resection","Benign/Non-malignant | Primary | Supine","Est.Duration:1-3hr"
"Colorectal polyp","Hemicolectomy","Colorectal","Videoscopic","Lithotomy","1","Colorectal","70.5","Major","Abdominal / GI","Laparoscopic","Colectomy / Bowel Resection","Benign/Non-malignant | Primary | Lithotomy","Est.Duration:2-4hr"
"Gastrointestinal stromal tumor of rectum, malignant","Excision","Others","Open","Supine","1","PituitaryTSA","61.3","Minor","Neuro / Spine","Open","Other Procedure","Malignancy | Primary | Supine","Est.Duration:1-3hr"
"Renal cell carcinoma left","Cholecystectomy","Biliary/Pancreas","Videoscopic","Supine","1","Biliary/Pancreas","67.0","Major","Abdominal / GI","Laparoscopic","Cystoscopy / TURBT","Malignancy | Primary | Supine","Est.Duration:<2hr"
"Rectovaginal fistula","Ileostomy repair","Colorectal","Open","Supine","1","Colorectal","70.5","Minor","Abdominal / GI","Open","Colectomy / Bowel Resection","Benign/Non-malignant | Revision | Supine","Est.Duration:<2hr"
"bladder cancer","Transurethral resection of bladder tumor","Minor resection","Videoscopic","Lithotomy","1","Minor resection","85.8","Minor","Urology","Laparoscopic","Cystoscopy / TURBT","Malignancy | Primary | Lithotomy","Est.Duration:<2hr"
"Crohn's disease unspecified","Incision and drainage","Others","Open","Prone","1","Others","70.3","Minor","Soft Tissue / Access / Misc","Open","Access / Drainage Procedures","Benign/Non-malignant | Primary | Prone","Est.Duration:<2hr"
"Congenital cystic adenomatoid malformation of lung","Lung lobectomy","Major resection","Videoscopic","Left lateral decubitus","1","CraniVessel","56.5","Major","Neuro / Spine","Laparoscopic","Craniotomy","Benign/Non-malignant | Primary | Lateral Decubitus","Est.Duration:2-4hr"
"Gallbladder anomaly","Cholecystectomy","Biliary/Pancreas","Videoscopic","Supine","1","Biliary/Pancreas","70.3","Major","Abdominal / GI","Laparoscopic","Cystoscopy / TURBT","Benign/Non-malignant | Primary | Supine","Est.Duration:<2hr"
"Gastric diverticulum","Hepaticojejunostomy","Biliary/Pancreas","Robotic","Supine","1","Biliary/Pancreas","72.7","Major","Abdominal / GI","Robotic","Hepatobiliary / Pancreatic Resection","Benign/Non-malignant | Primary | Supine","Est.Duration:3-6hr"
"Acute peritonitis","Diagnostic laparoscopy","Others","Videoscopic","Supine","1","Others","76.6","Minor","Soft Tissue / Access / Misc","Laparoscopic","Other Procedure","Benign/Non-malignant | Primary | Supine","Est.Duration:2-5hr"
"Fallopian tubal cancer, stage 4","Colostomy","Others","Open","Supine","1","Colorectal","63.6","Major","Abdominal / GI","Open","Access / Drainage Procedures","Malignancy | Primary | Supine","Est.Duration:<2hr"
"Renal cell carcinoma","Metastasectomy","Minor resection","Videoscopic","Left lateral decubitus","1","Minor resection","68.8","Major","Thoracic","Laparoscopic","Other Procedure","Malignancy | Primary | Lateral Decubitus","Est.Duration:1-3hr"
"Unspecified gastric cancer","Gastrojejunostomy","Stomach","Videoscopic","Supine","1","Stomach","68.1","Major","Abdominal / GI","Laparoscopic","Gastric Resection","Malignancy | Primary | Supine","Est.Duration:2-4hr"
"Early gastric cancer","Total gastrectomy","Stomach","Robotic","Supine","1","Stomach","71.3","Major","Abdominal / GI","Robotic","Gastric Resection","Malignancy | Primary | Supine","Est.Duration:2-5hr"
"Varicose vein of lower limb with inflammation","Ligation and stripping","Vascular","Open","Supine","1","Vascular","64.8","Minor","Vascular","Open","Vascular Reconstruction","Benign/Non-malignant | Primary | Supine","Est.Duration:1-3hr"
"Ductal carcinoma in situ of breast unspecified side","Simple mastectomy","Breast","Open","Supine","1","MVD","54.4","Major","Neuro / Spine","Open","Breast Surgery","Malignancy | Primary | Supine","Est.Duration:1-3hr"
"Ischemic colitis","Total colectomy","Colorectal","Open","Supine","1","Colorectal","72.4","Major","Abdominal / GI","Open","Colectomy / Bowel Resection","Benign/Non-malignant | Primary | Supine","Est.Duration:2-4hr"
"Injury of colon with open wound, other and unspecified injuries","Colostomy repair","Colorectal","Open","Supine","1","Colorectal","50.4","Minor","Abdominal / GI","Open","Colectomy / Bowel Resection","Benign/Non-malignant | Revision | Supine","Est.Duration:<2hr"
"Endometrial cancer unknown stage","Pelvic tumorectomy","Major resection","Robotic","Supine","1","Major resection","66.4","Major","Abdominal / GI","Robotic","Other Procedure","Malignancy | Primary | Supine","Est.Duration:2-5hr"
"Ovarian cancer","Hartmann procedure","Colorectal","Open","Lithotomy","1","Major resection","55.4","Major","Abdominal / GI","Open","Colectomy / Bowel Resection","Malignancy | Primary | Lithotomy","Est.Duration:2-4hr"
"Breast cancer left","Metastasectomy","Minor resection","Videoscopic","Right lateral decubitus","1","Minor resection","70.1","Major","Thoracic","Laparoscopic","Other Procedure","Malignancy | Primary | Lateral Decubitus","Est.Duration:1-3hr"
"Other trauma of chest wall","Incision and drainage","Others","Open","Supine","1","Others","70.8","Minor","Soft Tissue / Access / Misc","Open","Access / Drainage Procedures","Benign/Non-malignant | Primary | Supine","Est.Duration:<2hr"
"Bilateral inguinal hernia recurrent","Hernia repair","Colorectal","Open","Supine","1","Colorectal","61.8","Minor","Abdominal / GI","Open","Colectomy / Bowel Resection","Benign/Non-malignant | Revision | Supine","Est.Duration:<2hr"
"Pelvic mass","Excision","Others","Open","Supine","1","CraniTumorSkullBase","69.9","Minor","Neuro / Spine","Open","Craniotomy","Benign/Non-malignant | Primary | Supine","Est.Duration:1-3hr"
"Ischemic colitis","Ileostomy repair","Colorectal","Open","Supine","1","Colorectal","73.2","Minor","Abdominal / GI","Open","Colectomy / Bowel Resection","Benign/Non-malignant | Revision | Supine","Est.Duration:<2hr"
"Rectal cancer","Colostomy","Colorectal","Open","Lithotomy","1","Colorectal","57.1","Major","Abdominal / GI","Open","Colectomy / Bowel Resection","Malignancy | Primary | Lithotomy","Est.Duration:<2hr"
"Congestive heart failure, diastolic","Incisional hernia repair","Colorectal","Open","Supine","1","Colorectal","69.2","Minor","Abdominal / GI","Open","Colectomy / Bowel Resection","Benign/Non-malignant | Revision | Supine","Est.Duration:<2hr"
"Hyperhidrosis","Thoracic sympathectomy","Others","Videoscopic","Sitting","1","Others","79.8","Major","Soft Tissue / Access / Misc","Laparoscopic","Other Procedure","Benign/Non-malignant | Primary | Sitting","Est.Duration:<2hr"
"Empyema necessitatis","Empyemectomy","Minor resection","Open","Left lateral decubitus","1","Minor resection","66.9","Major","Thoracic","Open","Other Procedure","Benign/Non-malignant | Primary | Lateral Decubitus","Est.Duration:2-5hr"
"Hematochezia","Anterior resection","Colorectal","Open","Supine","1","Colorectal","66.6","Major","Abdominal / GI","Open","Colectomy / Bowel Resection","Benign/Non-malignant | Primary | Supine","Est.Duration:1-3hr"
"Mediastinal germ cell tumor","Excision","Others","Open","Supine","1","CraniTumorSkullBase","67.6","Minor","Neuro / Spine","Open","Craniotomy","Malignancy | Primary | Supine","Est.Duration:1-3hr"
"Pericardial cyst","Excision","Others","Open","Left lateral decubitus","1","CraniTumorSkullBase","65.8","Minor","Neuro / Spine","Open","Craniotomy","Benign/Non-malignant | Primary | Lateral Decubitus","Est.Duration:1-3hr"
"Empyema without bronchopleural fistula","Clagett procedure","Others","Open","Supine","1","Others","63.8","Major","Soft Tissue / Access / Misc","Open","Other Procedure","Benign/Non-malignant | Primary | Supine","Est.Duration:<2hr"
"Gynecomastia","Simple mastectomy","Breast","Open","Supine","1","Breast","95.6","Major","ENT / Head & Neck","Open","Breast Surgery","Benign/Non-malignant | Primary | Supine","Est.Duration:1-3hr"
"Breast cancer right","Biopsy","Others","Videoscopic","Supine","1","BiopsyBrain","68.7","Minor","Neuro / Spine","Laparoscopic","Access / Drainage Procedures","Malignancy | Primary | Supine","Est.Duration:<2hr"
"Lung cancer unspecified side","Ovarian cystectomy","Major resection","Videoscopic","Lithotomy","1","Major resection","67.9","Major","Abdominal / GI","Laparoscopic","Cystoscopy / TURBT","Malignancy | Primary | Lithotomy","Est.Duration:1-3hr"
"Breast cancer right","Completion mastectomy","Breast","Open","Supine","1","Breast","74.6","Major","ENT / Head & Neck","Open","Breast Surgery","Malignancy | Revision | Supine","Est.Duration:<1hr"
"Lymphoma","Excision","Others","Open","Prone","1","Others","72.5","Minor","Soft Tissue / Access / Misc","Open","Other Procedure","Malignancy | Primary | Prone","Est.Duration:1-3hr"
"Breast cancer left","Arteriovenous fistula","Vascular","Open","Supine","1","Vascular","84.9","Major","Vascular","Open","Vascular Reconstruction","Malignancy | Primary | Supine","Est.Duration:1-3hr"
"Lung cancer","Lung sgmentectomy","Minor resection","Videoscopic","Right lateral decubitus","1","Minor resection","78.5","Major","Thoracic","Laparoscopic","Thoracic Resection","Malignancy | Primary | Lateral Decubitus","Est.Duration:2-4hr"
"Arteriovenous fistula, acquired","Arteriovenous fistula","Vascular","Open","Supine","1","Vascular","95.3","Major","Vascular","Open","Vascular Reconstruction","Benign/Non-malignant | Primary | Supine","Est.Duration:1-3hr"
"Pleural effusion","Peritoneal mass excision","Others","Videoscopic","Lithotomy","1","Others","78.4","Major","Soft Tissue / Access / Misc","Laparoscopic","Other Procedure","Benign/Non-malignant | Primary | Lithotomy","Est.Duration:1-3hr"
"Epithelial ovarian cancer unknown stage unspecified side","Excision","Others","Videoscopic","Lithotomy","1","CraniNoS","52.6","Minor","Neuro / Spine","Laparoscopic","Craniotomy","Malignancy | Primary | Lithotomy","Est.Duration:1-3hr"
"Aortic aneurysm","Endovascular aneurysmal repair","Vascular","Open","Supine","1","Vascular","56.5","Major","Vascular","Open","Vascular Reconstruction","Benign/Non-malignant | Revision | Supine","Est.Duration:2-5hr"
"Giant cell tumor","Metastasectomy","Minor resection","Videoscopic","Left lateral decubitus","1","Minor resection","71.5","Major","Thoracic","Laparoscopic","Other Procedure","Malignancy | Primary | Lateral Decubitus","Est.Duration:1-3hr"
"Colon cancer, rectosigmoid","Debulking surgery","Others","Open","Lithotomy","1","Others","68.6","Major","Soft Tissue / Access / Misc","Open","Other Procedure","Malignancy | Primary | Lithotomy","Est.Duration:2-5hr"
"Mediastinal cyst","Excision","Others","Open","Left lateral decubitus","1","CraniTumorSkullBase","67.9","Minor","Neuro / Spine","Open","Craniotomy","Benign/Non-malignant | Primary | Lateral Decubitus","Est.Duration:1-3hr"
"Thyroglossal duct cyst","Excision","Others","Videoscopic","Supine","1","Others","66.8","Minor","Soft Tissue / Access / Misc","Laparoscopic","Other Procedure","Benign/Non-malignant | Primary | Supine","Est.Duration:1-3hr"
"Duodenal cancer","Distal gastrectomy","Stomach","Videoscopic","Supine","1","Stomach","60.1","Major","Abdominal / GI","Laparoscopic","Gastric Resection","Malignancy | Primary | Supine","Est.Duration:2-5hr"
"Leiomyosarcoma","Exploratory laparotomy","Others","Open","Lithotomy","1","Others","78.9","Major","Soft Tissue / Access / Misc","Open","Other Procedure","Malignancy | Primary | Lithotomy","Est.Duration:2-4hr"
"Lung nodule","Lung wedge resection","Minor resection","Videoscopic","Left lateral decubitus","1","Minor resection","80.5","Major","Thoracic","Laparoscopic","Thoracic Resection","Benign/Non-malignant | Primary | Lateral Decubitus","Est.Duration:2-4hr"
"Breast cancer left","Breast reconstruction","Breast","Open","Supine","1","Breast","75.3","Major","ENT / Head & Neck","Open","Breast Surgery","Malignancy | Primary | Transplant/Reconstruction | Supine","Est.Duration:>6hr"
"Colitis","Appendectomy","Colorectal","Videoscopic","Supine","1","Colorectal","79.2","Major","Abdominal / GI","Laparoscopic","Colectomy / Bowel Resection","Benign/Non-malignant | Primary | Supine","Est.Duration:<2hr"
"Renal cell carcinoma left","Metastasectomy","Minor resection","Videoscopic","Left lateral decubitus","1","Minor resection","66.2","Major","Thoracic","Laparoscopic","Other Procedure","Malignancy | Primary | Lateral Decubitus","Est.Duration:1-3hr"
"Liver cirrhosis Child-Pugh C","Liver transplantation","Transplantation","Open","Supine","1","Transplantation","68.2","Major","Abdominal / GI","Open","Hepatobiliary / Pancreatic Resection","Benign/Non-malignant | Primary | Transplant/Reconstruction | Supine","Est.Duration:>6hr"
"Malignant neoplasm of pleura","Biopsy","Others","Videoscopic","Right lateral decubitus","1","BiopsyBrain","64.6","Minor","Neuro / Spine","Laparoscopic","Access / Drainage Procedures","Malignancy | Primary | Lateral Decubitus","Est.Duration:<2hr"
"Myoma uteri","Myomectomy","Minor resection","Videoscopic","Lithotomy","1","Minor resection","71.6","Major","Abdominal / GI","Laparoscopic","Other Procedure","Benign/Non-malignant | Primary | Lithotomy","Est.Duration:2-4hr"
"Persons encountering health services for prophylactic surgery for risk-factors related to malignant neoplasms","Salpingo-oophorectomy","Minor resection","Videoscopic","Lithotomy","1","Minor resection","49.9","Major","Abdominal / GI","Laparoscopic","Other Procedure","Malignancy | Primary | Lithotomy","Est.Duration:1-3hr"
"Unclassified endometrial cancer","Radical hysterectomy","Major resection","Open","Supine","1","Major resection","68.0","Major","Abdominal / GI","Open","Other Procedure","Malignancy | Primary | Supine","Est.Duration:1-3hr"
"Neuroendocrine tumor of pancreas, G1","Median pancreatectomy","Biliary/Pancreas","Robotic","Supine","1","Biliary/Pancreas","67.2","Major","Abdominal / GI","Robotic","Hepatobiliary / Pancreatic Resection","Malignancy | Primary | Supine","Est.Duration:2-4hr"
"Rectal cancer","Transanal excision","Colorectal","Open","Right lateral decubitus","1","Colorectal","77.3","Minor","Abdominal / GI","Open","Colectomy / Bowel Resection","Malignancy | Primary | Lateral Decubitus","Est.Duration:<2hr"
"Small intestine-small intestine fistula","Exploratory laparotomy","Others","Open","Supine","1","Others","66.5","Major","Soft Tissue / Access / Misc","Open","Other Procedure","Benign/Non-malignant | Primary | Supine","Est.Duration:2-4hr"
"right inguinal hernia","Exploration of wound","Others","Open","Supine","1","MiscellaneousOther","72.8","Minor","Soft Tissue / Access / Misc","Open","Other Procedure","Benign/Non-malignant | Primary | Supine","Est.Duration:1-3hr"
"Pleural empyema","Incision and drainage","Others","Open","Left lateral decubitus","1","Others","77.5","Minor","Soft Tissue / Access / Misc","Open","Access / Drainage Procedures","Benign/Non-malignant | Primary | Lateral Decubitus","Est.Duration:<2hr"
"Repair of inguinal hernia ( right / open / indirect )  : Laparoscopic","Inguinal hernia","Colorectal","Videoscopic","Supine","1","Colorectal","50.4","Minor","Abdominal / GI","Laparoscopic","Colectomy / Bowel Resection","Benign/Non-malignant | Primary | Supine","Est.Duration:1-3hr"
"hemorrhoids","Hemorrhoidectomy","Colorectal","Open","Prone","1","Colorectal","77.7","Minor","Abdominal / GI","Open","Colectomy / Bowel Resection","Benign/Non-malignant | Primary | Prone","Est.Duration:<2hr"
"Abnormal findings on diagnostic imaging of lung","Lung wedge resection","Minor resection","Videoscopic","Right lateral decubitus","1","Minor resection","63.3","Major","Thoracic","Laparoscopic","Thoracic Resection","Benign/Non-malignant | Primary | Lateral Decubitus","Est.Duration:2-4hr"
"Crohn's disease","Total colectomy","Colorectal","Open","Lithotomy","1","Colorectal","73.2","Major","Abdominal / GI","Open","Colectomy / Bowel Resection","Benign/Non-malignant | Primary | Lithotomy","Est.Duration:2-4hr"
"Biliary acute pancreatitis","Cholecystectomy","Biliary/Pancreas","Videoscopic","Supine","1","Biliary/Pancreas","66.6","Major","Abdominal / GI","Laparoscopic","Cystoscopy / TURBT","Benign/Non-malignant | Primary | Supine","Est.Duration:<2hr"
"Malignant neoplasm of salivary gland","Lung lobectomy","Major resection","Videoscopic","Left lateral decubitus","1","Major resection","62.3","Major","Thoracic","Laparoscopic","Thoracic Resection","Malignancy | Primary | Lateral Decubitus","Est.Duration:2-4hr"
"Asymptomatic gallbladder stone without obstruction","Cholecystectomy","Biliary/Pancreas","Videoscopic","Reverse Trendelenburg","1","Others","56.5","Major","Urology","Laparoscopic","Cystoscopy / TURBT","Benign/Non-malignant | Primary | Trendelenburg","Est.Duration:<2hr"
"Anal fissure","Sphincteroplasty","Colorectal","Open","Prone","1","Colorectal","76.7","Minor","Abdominal / GI","Open","Colectomy / Bowel Resection","Benign/Non-malignant | Primary | Prone","Est.Duration:<1hr"
"Unilateral inguinal hernia not specified as recurrent","Hernia repair","Colorectal","Open","Supine","1","PumpSCSPlacementRevision","50.8","Minor","Neuro / Spine","Open","Colectomy / Bowel Resection","Benign/Non-malignant | Revision | Supine","Est.Duration:<2hr"
"Hepatocellular carcinoma","Hemicolectomy","Colorectal","Open","Supine","1","Colorectal","65.8","Major","Abdominal / GI","Open","Colectomy / Bowel Resection","Malignancy | Primary | Supine","Est.Duration:2-4hr"
"Systemic lupus erythematosus","Embolectomy","Vascular","Open","Supine","1","Vascular","62.3","Major","Vascular","Open","Vascular Reconstruction","Benign/Non-malignant | Primary | Supine","Est.Duration:2-4hr"
"Intraductal papillary mucinous neoplasm of pancreas, invasive","Distal pancreatectomy","Biliary/Pancreas","Open","Supine","1","Biliary/Pancreas","51.1","Major","Abdominal / GI","Open","Hepatobiliary / Pancreatic Resection","Malignancy | Primary | Supine","Est.Duration:2-4hr"
"Colonic polyp","Low anterior resection","Colorectal","Open","Lithotomy","1","Colorectal","64.6","Major","Abdominal / GI","Open","Colectomy / Bowel Resection","Benign/Non-malignant | Primary | Lithotomy","Est.Duration:2-4hr"
"Ovarian cyst","Salpingectomy","Minor resection","Videoscopic","Lithotomy","1","Minor resection","74.0","Major","Abdominal / GI","Laparoscopic","Other Procedure","Benign/Non-malignant | Primary | Lithotomy","Est.Duration:1-3hr"
"Pelvic mass","Ovarian cystectomy","Major resection","Videoscopic","Lithotomy","1","Major resection","79.2","Major","Abdominal / GI","Laparoscopic","Cystoscopy / TURBT","Benign/Non-malignant | Primary | Lithotomy","Est.Duration:1-3hr"
"Colon perforation","Hemicolectomy","Colorectal","Open","Supine","1","Colorectal","69.8","Major","Abdominal / GI","Open","Colectomy / Bowel Resection","Benign/Non-malignant | Primary | Supine","Est.Duration:2-4hr"
"Stomach cancer advanced","Subtotal gastrectomy","Stomach","Open","Supine","1","Stomach","60.9","Major","Abdominal / GI","Open","Gastric Resection","Malignancy | Primary | Supine","Est.Duration:2-5hr"
"Diabetes mellitus","Cholecystectomy","Biliary/Pancreas","Videoscopic","Supine","1","Biliary/Pancreas","71.6","Major","Abdominal / GI","Laparoscopic","Cystoscopy / TURBT","Benign/Non-malignant | Primary | Supine","Est.Duration:<2hr"
"descending colon cancer","Exploratory laparotomy","Others","Open","Lithotomy","1","Others","72.9","Major","Soft Tissue / Access / Misc","Open","Other Procedure","Malignancy | Primary | Lithotomy","Est.Duration:2-4hr"
"Malignant neoplasm of retroperitoneum","Excision","Colorectal","Open","Supine","1","PituitaryTSA","61.7","Minor","Neuro / Spine","Open","Colectomy / Bowel Resection","Malignancy | Primary | Supine","Est.Duration:1-3hr"
"Crohn's disease","Exploratory laparotomy","Others","Open","Supine","1","Others","78.1","Major","Soft Tissue / Access / Misc","Open","Other Procedure","Benign/Non-malignant | Primary | Supine","Est.Duration:2-4hr"
"Breast disease","Axillary lymph node dissection","Breast","Open","Supine","1","Breast","56.0","Major","ENT / Head & Neck","Open","Breast Surgery","Benign/Non-malignant | Primary | Supine","Est.Duration:<2hr"
"Hepatocellular carcinoma","Lung wedge resection","Minor resection","Videoscopic","Right lateral decubitus","1","Minor resection","71.1","Major","Thoracic","Laparoscopic","Thoracic Resection","Malignancy | Primary | Lateral Decubitus","Est.Duration:2-4hr"
"Non-small cell lung cancer left","Adrenalectomy","Others","Videoscopic","Right lateral decubitus","1","Others","63.0","Major","Abdominal / GI","Laparoscopic","Other Procedure","Malignancy | Primary | Lateral Decubitus","Est.Duration:1-3hr"
"Abnormal finding on lung imaging","Lung wedge resection","Minor resection","Videoscopic","Supine","1","Minor resection","67.6","Major","Thoracic","Laparoscopic","Thoracic Resection","Benign/Non-malignant | Primary | Supine","Est.Duration:2-4hr"
"Lymph node enlargement","Excision","Others","Open","Supine","1","Others","58.6","Minor","Soft Tissue / Access / Misc","Open","Other Procedure","Benign/Non-malignant | Primary | Supine","Est.Duration:1-3hr"
"Ground-glass opacity","Lung sgmentectomy","Minor resection","Videoscopic","Supine","1","Minor resection","71.3","Major","Thoracic","Laparoscopic","Thoracic Resection","Benign/Non-malignant | Primary | Supine","Est.Duration:2-4hr"
"Invasive bladder cancer","Colostomy","Colorectal","Open","Supine","1","Colorectal","65.6","Major","Abdominal / GI","Open","Colectomy / Bowel Resection","Malignancy | Primary | Supine","Est.Duration:<2hr"
"Lymphoma","Excision","Others","Open","Supine","1","Others","72.5","Minor","Soft Tissue / Access / Misc","Open","Other Procedure","Malignancy | Primary | Supine","Est.Duration:1-3hr"
"Aspergilloma","Lung lobectomy","Major resection","Videoscopic","Left lateral decubitus","1","Major resection","75.0","Major","Thoracic","Laparoscopic","Thoracic Resection","Benign/Non-malignant | Primary | Lateral Decubitus","Est.Duration:2-4hr"
"Lung cancer left","Pneumonectomy","Major resection","Open","Supine","1","Major resection","70.5","Major","Thoracic","Open","Thoracic Resection","Malignancy | Primary | Supine","Est.Duration:3-6hr"
"Lung cancer right","Resection of chest wall with reconstruction","Others","Open","Left lateral decubitus","1","Others","77.8","Major","Soft Tissue / Access / Misc","Open","Other Procedure","Malignancy | Primary | Transplant/Reconstruction | Lateral Decubitus","Est.Duration:1-3hr"
"infiltrating ductal carcinoma of breast","Biopsy","Others","Open","Right lateral decubitus","1","BiopsyBrain","63.7","Minor","Neuro / Spine","Open","Access / Drainage Procedures","Malignancy | Primary | Lateral Decubitus","Est.Duration:<2hr"
"Radiocontrast media hypersensitivity","Anterior resection","Colorectal","Open","Trendelenburg","1","Colorectal","56.2","Major","Abdominal / GI","Open","Colectomy / Bowel Resection","Benign/Non-malignant | Primary | Trendelenburg","Est.Duration:1-3hr"
"Undifferentiated pleomorphic sarcoma of upper limb","Metastasectomy","Minor resection","Videoscopic","Left lateral decubitus","1","ElectrodeLeadPlacement","53.2","Major","Neuro / Spine","Laparoscopic","Other Procedure","Malignancy | Primary | Lateral Decubitus","Est.Duration:1-3hr"
"Hepatoblastoma","Liver transplantation","Transplantation","Open","Supine","1","Transplantation","80.8","Major","Abdominal / GI","Open","Hepatobiliary / Pancreatic Resection","Benign/Non-malignant | Primary | Transplant/Reconstruction | Supine","Est.Duration:>6hr"
"Neuroendocrine tumor of pancreas, G1","Median pancreatectomy","Biliary/Pancreas","Open","Supine","1","Biliary/Pancreas","55.4","Major","Abdominal / GI","Open","Hepatobiliary / Pancreatic Resection","Malignancy | Primary | Supine","Est.Duration:2-4hr"
"Klatskin tumor","Gastrojejunostomy","Stomach","Open","Supine","1","Stomach","75.6","Major","Abdominal / GI","Open","Gastric Resection","Malignancy | Primary | Supine","Est.Duration:2-4hr"
"Endometrial cancer unknown stage","Radical hysterectomy","Major resection","Robotic","Supine","1","Major resection","67.6","Major","Abdominal / GI","Robotic","Other Procedure","Malignancy | Primary | Supine","Est.Duration:1-3hr"
"Keloid scar","Excision","Others","Open","Supine","1","CraniTumorSkullBase","71.1","Minor","Neuro / Spine","Open","Craniotomy","Benign/Non-malignant | Primary | Supine","Est.Duration:1-3hr"
"Endometrial cancer unknown stage","Exploratory laparotomy","Major resection","Open","Supine","1","Others","68.8","Major","Abdominal / GI","Open","Other Procedure","Malignancy | Primary | Supine","Est.Duration:2-4hr"
"Lung nodule","Lung lobectomy","Major resection","Videoscopic","Right lateral decubitus","1","Major resection","76.0","Major","Thoracic","Laparoscopic","Thoracic Resection","Benign/Non-malignant | Primary | Lateral Decubitus","Est.Duration:2-4hr"
"Early gastric cancer (C1690)","Pylorus preserving gastrectomy","Stomach","Robotic","Supine","1","Stomach","75.4","Major","Abdominal / GI","Robotic","Gastric Resection","Malignancy | Primary | Supine","Est.Duration:2-5hr"
"Rectal carcinoid, benign","Transanal excision","Colorectal","Open","Prone","1","Colorectal","70.3","Minor","Abdominal / GI","Open","Colectomy / Bowel Resection","Benign/Non-malignant | Primary | Prone","Est.Duration:<2hr"
"Lymphadenopathy","Biopsy","Colorectal","Videoscopic","Supine","1","BiopsyMuscleNerve","65.8","Minor","Soft Tissue / Access / Misc","Laparoscopic","Colectomy / Bowel Resection","Benign/Non-malignant | Primary | Supine","Est.Duration:<2hr"
"Colon cancer, sigmoid","Anterior resection","Colorectal","Open","Sitting","1","Colorectal","60.2","Major","Abdominal / GI","Open","Colectomy / Bowel Resection","Malignancy | Primary | Sitting","Est.Duration:1-3hr"
"Chronic appendicitis","Appendectomy","Colorectal","Videoscopic","Supine","1","Colorectal","66.9","Major","Abdominal / GI","Laparoscopic","Colectomy / Bowel Resection","Benign/Non-malignant | Primary | Supine","Est.Duration:<2hr"
"Neck mass","Selective neck dissection","Others","Open","Supine","1","Others","87.0","Major","ENT / Head & Neck","Open","Thyroid / Parathyroid","Benign/Non-malignant | Primary | Supine","Est.Duration:1-3hr"
"Intraductal papillary mucinous neoplasm of pancreas, borderline","Distal pancreatectomy","Biliary/Pancreas","Open","Supine","1","Biliary/Pancreas","51.0","Major","Abdominal / GI","Open","Hepatobiliary / Pancreatic Resection","Malignancy | Primary | Supine","Est.Duration:2-4hr"
"Osteosarcoma","Wide excision","Others","Open","Right lateral decubitus","1","Others","69.2","Minor","Soft Tissue / Access / Misc","Open","Other Procedure","Malignancy | Primary | Lateral Decubitus","Est.Duration:<2hr"
"Hepatocellular carcinoma","Hemihepatectomy","Hepatic","Videoscopic","Reverse Trendelenburg","1","Hepatic","67.5","Major","Abdominal / GI","Laparoscopic","Hepatobiliary / Pancreatic Resection","Malignancy | Primary | Trendelenburg","Est.Duration:3-6hr"
"Atrophic vaginitis","Parathyroidectomy","Thyroid","Open","Supine","1","Thyroid","66.4","Major","ENT / Head & Neck","Open","Thyroid / Parathyroid","Benign/Non-malignant | Primary | Supine","Est.Duration:1-3hr"
"Colon cancer, ascending","Excision","Others","Open","Lithotomy","1","CraniTumorSkullBase","68.1","Minor","Neuro / Spine","Open","Craniotomy","Malignancy | Primary | Lithotomy","Est.Duration:1-3hr"
"end stage renal disease","Closure of arteriovenous fistula","Vascular","Open","Supine","1","Vascular","77.7","Minor","Vascular","Open","Vascular Reconstruction","Benign/Non-malignant | Primary | Supine","Est.Duration:1-3hr"
"Extramammary Paget's disease","Transanal excision","Colorectal","Open","Prone","1","Colorectal","67.9","Minor","Abdominal / GI","Open","Colectomy / Bowel Resection","Benign/Non-malignant | Primary | Prone","Est.Duration:<2hr"
"fungus ball","Lung lobectomy","Major resection","Videoscopic","Right lateral decubitus","1","Major resection","76.0","Major","Thoracic","Laparoscopic","Thoracic Resection","Benign/Non-malignant | Primary | Lateral Decubitus","Est.Duration:2-4hr"
"Empyema necessitatis","Debridement of wound","Others","Videoscopic","Left lateral decubitus","1","Others","73.4","Minor","Soft Tissue / Access / Misc","Laparoscopic","Other Procedure","Benign/Non-malignant | Primary | Lateral Decubitus","Est.Duration:<2hr"
"Metastasis of unknown origin","Radical excision of iliac lymph nodes","Colorectal","Open","Lithotomy","1","Colorectal","66.4","Major","Abdominal / GI","Open","Colectomy / Bowel Resection","Malignancy | Primary | Lithotomy","Est.Duration:2-4hr"
"Anal fistula","Exploratory laparotomy","Others","Open","Prone","1","Others","80.7","Major","Soft Tissue / Access / Misc","Open","Other Procedure","Benign/Non-malignant | Primary | Prone","Est.Duration:2-4hr"
"Arteriovenous fistula malfunction","Revision of arteriovenous fistula","Vascular","Open","Supine","1","Vascular","85.9","Minor","Vascular","Open","Vascular Reconstruction","Benign/Non-malignant | Revision | Supine","Est.Duration:2-4hr"
"Gastrointestinal stromal tumor of stomach, benign","Gastric wedge resection","Stomach","Videoscopic","Lithotomy","1","Stomach","64.6","Major","Abdominal / GI","Laparoscopic","Gastric Resection","Malignancy | Primary | Lithotomy","Est.Duration:1-3hr"
"Colon cancer, hepatic flexure","Hemicolectomy","Colorectal","Videoscopic","Supine","1","Colorectal","64.1","Major","Abdominal / GI","Laparoscopic","Colectomy / Bowel Resection","Malignancy | Primary | Supine","Est.Duration:2-4hr"
"Pancreatic cancer","Incisional hernia repair","Colorectal","Open","Supine","1","Colorectal","68.4","Minor","Abdominal / GI","Open","Colectomy / Bowel Resection","Malignancy | Revision | Supine","Est.Duration:<2hr"
"End stage kidney disease on dialysis","Thyroid lobectomy","Thyroid","Open","Supine","1","Thyroid","64.4","Major","ENT / Head & Neck","Open","Thyroid / Parathyroid","Benign/Non-malignant | Primary | Supine","Est.Duration:1-3hr"
"Gallbladder polyp","Extended cholecystectomy","Biliary/Pancreas","Open","Supine","1","Biliary/Pancreas","77.7","Major","Abdominal / GI","Open","Cystoscopy / TURBT","Benign/Non-malignant | Primary | Supine","Est.Duration:2-5hr"
"Osteosarcoma of femur","Lung lobectomy","Major resection","Videoscopic","Right lateral decubitus","1","Major resection","68.2","Major","Thoracic","Laparoscopic","Thoracic Resection","Malignancy | Primary | Lateral Decubitus","Est.Duration:2-4hr"
"Achalasia","Fundoplication","Others","Videoscopic","Supine","1","Others","78.3","Major","Soft Tissue / Access / Misc","Laparoscopic","Other Procedure","Benign/Non-malignant | Primary | Supine","Est.Duration:2-4hr"
"Thromboembolism","Embolectomy","Vascular","Open","Supine","1","Vascular","69.2","Major","Vascular","Open","Vascular Reconstruction","Benign/Non-malignant | Primary | Supine","Est.Duration:2-4hr"
"Thrombosis, inferior vena cava","Resection of inferior vena cava","Vascular","Open","Supine","1","Vascular","74.4","Major","Vascular","Open","Vascular Reconstruction","Benign/Non-malignant | Primary | Supine","Est.Duration:>6hr"
"Gastrointestinal stromal tumor of rectum","Ileostomy repair","Colorectal","Open","Supine","1","Colorectal","62.6","Minor","Abdominal / GI","Open","Colectomy / Bowel Resection","Malignancy | Revision | Supine","Est.Duration:<2hr"
"Malignant melanoma","Biopsy","Minor resection","Videoscopic","Right lateral decubitus","1","BiopsyBrain","68.9","Minor","Neuro / Spine","Laparoscopic","Access / Drainage Procedures","Malignancy | Primary | Lateral Decubitus","Est.Duration:<2hr"
"Hepatocellular carcinoma","Hemihepatectomy","Hepatic","Open","Lithotomy","1","Hepatic","67.5","Major","Abdominal / GI","Open","Hepatobiliary / Pancreatic Resection","Malignancy | Primary | Lithotomy","Est.Duration:3-6hr"
"Embolism and thrombosis, femoral artery","Embolectomy","Vascular","Open","Supine","1","Vascular","59.4","Major","Vascular","Open","Vascular Reconstruction","Benign/Non-malignant | Primary | Supine","Est.Duration:2-4hr"
"Melanoma","Radical excision of iliac lymph nodes","Colorectal","Open","Supine","1","Colorectal","66.0","Major","Abdominal / GI","Open","Colectomy / Bowel Resection","Benign/Non-malignant | Primary | Supine","Est.Duration:2-4hr"
"Crohn's disease","Exploratory laparotomy","Others","Open","Supine","1","Others","78.1","Major","Soft Tissue / Access / Misc","Open","Other Procedure","Benign/Non-malignant | Primary | Supine","Est.Duration:2-4hr"
"Non-small cell lung cancer left","Lung lobectomy","Major resection","Videoscopic","Left lateral decubitus","1","Major resection","63.8","Major","Thoracic","Laparoscopic","Thoracic Resection","Malignancy | Primary | Lateral Decubitus","Est.Duration:2-4hr"
"Renal cell carcinoma unspecified side","Colostomy","Colorectal","Open","Supine","1","Colorectal","62.9","Major","Abdominal / GI","Open","Colectomy / Bowel Resection","Malignancy | Primary | Supine","Est.Duration:<2hr"
"Endometriosis","Excision","Others","Open","Supine","1","CraniTumorSkullBase","67.8","Minor","Neuro / Spine","Open","Craniotomy","Benign/Non-malignant | Primary | Supine","Est.Duration:1-3hr"
"Breast abscess","Cleaning of wound","Others","Open","Supine","1","Others","75.6","Minor","Soft Tissue / Access / Misc","Open","Other Procedure","Benign/Non-malignant | Primary | Supine","Est.Duration:<2hr"
"Myoma uteri","Total hysterectomy","Major resection","Videoscopic","Lithotomy","1","Major resection","79.2","Major","Abdominal / GI","Laparoscopic","Other Procedure","Benign/Non-malignant | Primary | Lithotomy","Est.Duration:2-4hr"
"Diffuse interstitial lung disease","Biopsy","Minor resection","Videoscopic","Right lateral decubitus","1","BiopsyBrain","62.2","Minor","Neuro / Spine","Laparoscopic","Access / Drainage Procedures","Benign/Non-malignant | Primary | Lateral Decubitus","Est.Duration:<2hr"
"Cervical cancer, stage 1A1","Radical hysterectomy","Major resection","Videoscopic","Lithotomy","1","Major resection","70.6","Major","Abdominal / GI","Laparoscopic","Other Procedure","Malignancy | Primary | Lithotomy","Est.Duration:1-3hr"
"Breast cancer unspecified side","Thyroid lobectomy","Thyroid","Open","Supine","1","Thyroid","66.4","Major","ENT / Head & Neck","Open","Thyroid / Parathyroid","Malignancy | Primary | Supine","Est.Duration:1-3hr"
"breast disease","Excision","Breast","Open","Supine","1","CraniTumorSkullBase","69.8","Minor","Neuro / Spine","Open","Craniotomy","Benign/Non-malignant | Primary | Supine","Est.Duration:1-3hr"
"Colon cancer, sigmoid","Paraaortic lymph node dissection","Others","Open","Lithotomy","1","Others","89.7","Major","Soft Tissue / Access / Misc","Open","Other Procedure","Malignancy | Primary | Lithotomy","Est.Duration:2-4hr"
"Lung cancer unspecified side","Sleeve lobectomy","Major resection","Videoscopic","Right lateral decubitus","1","Major resection","66.5","Major","Thoracic","Laparoscopic","Bariatric Surgery","Malignancy | Primary | Lateral Decubitus","Est.Duration:3-6hr"
"Familial adenomatous polyposis","Total proctocolectomy","Colorectal","Videoscopic","Lithotomy","1","Colorectal","69.0","Major","Abdominal / GI","Laparoscopic","Colectomy / Bowel Resection","Benign/Non-malignant | Primary | Lithotomy","Est.Duration:3-6hr"
"Breast cancer right","Metastasectomy","Minor resection","Videoscopic","Left lateral decubitus","1","Minor resection","69.4","Major","Thoracic","Laparoscopic","Other Procedure","Malignancy | Primary | Lateral Decubitus","Est.Duration:1-3hr"
"Indirect inguinal hernia not specified as recurrent","Hernia repair","Colorectal","Open","Supine","1","Colorectal","50.4","Minor","Abdominal / GI","Open","Colectomy / Bowel Resection","Benign/Non-malignant | Revision | Supine","Est.Duration:<2hr"
"Carcinoma in situ of cervix","Hysterectomy","Major resection","Videoscopic","Supine","1","Major resection","63.6","Major","Abdominal / GI","Laparoscopic","Other Procedure","Malignancy | Primary | Supine","Est.Duration:1-3hr"
"Hamartoma","Excision","Others","Videoscopic","Left lateral decubitus","1","CraniTumorSkullBase","73.2","Minor","Neuro / Spine","Laparoscopic","Craniotomy","Benign/Non-malignant | Primary | Lateral Decubitus","Est.Duration:1-3hr"
"hepatocellular carcinoma, status post pei","Bleeding control","Others","Open","Supine","1","Others","62.6","Minor","Soft Tissue / Access / Misc","Open","Other Procedure","Malignancy | Primary | Supine","Est.Duration:1-3hr"
"Choledochal cyst","Excision","Biliary/Pancreas","Open","Lithotomy","1","CraniTumorSkullBase","68.2","Minor","Neuro / Spine","Open","Craniotomy","Benign/Non-malignant | Primary | Lithotomy","Est.Duration:1-3hr"
"Lung cancer right","Biopsy","Others","Videoscopic","Left lateral decubitus","1","BiopsyMuscleNerve","66.7","Minor","Soft Tissue / Access / Misc","Laparoscopic","Access / Drainage Procedures","Malignancy | Primary | Lateral Decubitus","Est.Duration:<2hr"
"Nontuberculous mycobacterial infection","Bleeding control","Others","Videoscopic","Left lateral decubitus","1","Others","63.1","Minor","Soft Tissue / Access / Misc","Laparoscopic","Other Procedure","Benign/Non-malignant | Primary | Lateral Decubitus","Est.Duration:1-3hr"
"Infiltrating lobular carcinoma of breast right","Excision","Others","Open","Supine","1","Stomach","57.0","Minor","Abdominal / GI","Open","Other Procedure","Malignancy | Primary | Supine","Est.Duration:1-3hr"
"Remnant stomach cancer early","Remnant total gastrectomy","Stomach","Open","Supine","1","Stomach","72.1","Major","Abdominal / GI","Open","Gastric Resection","Malignancy | Revision | Supine","Est.Duration:2-5hr"
"Remnant stomach cancer unspecified","Remnant total gastrectomy","Stomach","Videoscopic","Supine","1","Stomach","69.7","Major","Abdominal / GI","Laparoscopic","Gastric Resection","Malignancy | Revision | Supine","Est.Duration:2-5hr"
"Gastrointestinal stromal tumor of stomach","Distal gastrectomy","Stomach","Robotic","Supine","1","Stomach","63.6","Major","Abdominal / GI","Robotic","Gastric Resection","Malignancy | Primary | Supine","Est.Duration:2-5hr"
"Colon cancer, ascending","Low anterior resection","Colorectal","Open","Supine","1","Colorectal","73.4","Major","Abdominal / GI","Open","Colectomy / Bowel Resection","Malignancy | Primary | Supine","Est.Duration:2-4hr"
"Epithelial ovarian cancer, stage 3C","Staging laparotomy","Minor resection","Open","Lithotomy","1","Minor resection","65.7","Major","Abdominal / GI","Open","Other Procedure","Malignancy | Primary | Lithotomy","Est.Duration:2-5hr"
"Biliary colic without obstruction","Cholecystectomy","Biliary/Pancreas","Videoscopic","Supine","1","Biliary/Pancreas","63.9","Major","Abdominal / GI","Laparoscopic","Cystoscopy / TURBT","Benign/Non-malignant | Primary | Supine","Est.Duration:<2hr"
"Right inguinal hernia not specified as recurrent","Hernia repair","Colorectal","Videoscopic","Supine","1","Colorectal","58.9","Minor","Abdominal / GI","Laparoscopic","Colectomy / Bowel Resection","Benign/Non-malignant | Revision | Supine","Est.Duration:<2hr"
"Cervical cancer unknown stage","Pelvic tumorectomy","Major resection","Robotic","Lithotomy","1","Major resection","67.5","Major","Abdominal / GI","Robotic","Other Procedure","Malignancy | Primary | Lithotomy","Est.Duration:2-5hr"
"Hepatocellular carcinoma","Metastasectomy","Minor resection","Videoscopic","Left lateral decubitus","1","Minor resection","66.7","Major","Thoracic","Laparoscopic","Other Procedure","Malignancy | Primary | Lateral Decubitus","Est.Duration:1-3hr"
"Liposarcoma","Ileostomy","Colorectal","Open","Supine","1","Colorectal","76.5","Major","Abdominal / GI","Open","Colectomy / Bowel Resection","Malignancy | Primary | Supine","Est.Duration:1-3hr"
"Ulcerative colitis","Ileostomy repair","Colorectal","Open","Supine","1","Colorectal","71.8","Minor","Abdominal / GI","Open","Colectomy / Bowel Resection","Benign/Non-malignant | Revision | Supine","Est.Duration:<2hr"
"Marginal zone B-cell lymphoma","Biopsy","Minor resection","Videoscopic","Left lateral decubitus","1","BiopsyBrain","64.9","Minor","Neuro / Spine","Laparoscopic","Access / Drainage Procedures","Malignancy | Primary | Lateral Decubitus","Est.Duration:<2hr"
"Rectovaginal fistula","Fistulectomy","Colorectal","Open","Lithotomy","1","Colorectal","66.9","Major","Abdominal / GI","Open","Colectomy / Bowel Resection","Benign/Non-malignant | Primary | Lithotomy","Est.Duration:<2hr"
"End stage renal disease","Removal of continuous ambulatory peritoneal dialysis catheter","Vascular","Open","Supine","1","Vascular","63.8","Minor","Vascular","Open","Access / Drainage Procedures","Benign/Non-malignant | Primary | Supine","Est.Duration:<2hr"
"Mycotic aneurysm","Aortoiliac bypass","Vascular","Open","Supine","1","Vascular","55.6","Major","Vascular","Open","Vascular Reconstruction","Benign/Non-malignant | Primary | Supine","Est.Duration:3-6hr"
"Leiomyosarcoma","Exploratory laparotomy","Others","Open","Supine","1","Others","78.9","Major","Soft Tissue / Access / Misc","Open","Other Procedure","Malignancy | Primary | Supine","Est.Duration:2-4hr"
"Metastatic cancer to the bone","Diagnostic pelviscopy","Minor resection","Videoscopic","Lithotomy","1","Minor resection","69.4","Minor","Thoracic","Laparoscopic","Other Procedure","Malignancy | Primary | Lithotomy","Est.Duration:1-3hr"
"Hepatocellular carcinoma","Hernia repair","Colorectal","Open","Supine","1","Colorectal","65.8","Minor","Abdominal / GI","Open","Colectomy / Bowel Resection","Malignancy | Revision | Supine","Est.Duration:<2hr"
"Nontuberculous mycobacterial infection","Debridement of wound","Others","Open","Right lateral decubitus","1","Others","65.6","Minor","Soft Tissue / Access / Misc","Open","Other Procedure","Benign/Non-malignant | Primary | Lateral Decubitus","Est.Duration:<2hr"
"Pneumoperitoneum","Exploratory laparotomy","Others","Open","Supine","1","Others","77.3","Major","Soft Tissue / Access / Misc","Open","Other Procedure","Benign/Non-malignant | Primary | Supine","Est.Duration:2-4hr"
"End stage kidney disease on dialysis","Removal of permanent catheter","Vascular","Open","Supine","1","Vascular","70.8","Minor","Vascular","Open","Access / Drainage Procedures","Benign/Non-malignant | Primary | Supine","Est.Duration:<2hr"
"Intestinal perforation","Exploratory laparotomy","Others","Open","Supine","1","Others","73.4","Major","Soft Tissue / Access / Misc","Open","Other Procedure","Benign/Non-malignant | Primary | Supine","Est.Duration:2-4hr"
"Postoperative bleeding","Bleeding control","Others","Open","Left lateral decubitus","1","Others","69.3","Minor","Soft Tissue / Access / Misc","Open","Other Procedure","Benign/Non-malignant | Primary | Lateral Decubitus","Est.Duration:1-3hr"
"Metastatic cancer to the peritoneum","Exploratory laparotomy","Others","Open","Supine","1","Others","67.7","Major","Soft Tissue / Access / Misc","Open","Other Procedure","Malignancy | Primary | Supine","Est.Duration:2-4hr"
"Neoplasm of chest wall, uncertain behavior","Excision","Others","Open","Supine","1","PituitaryTSA","66.7","Minor","Neuro / Spine","Open","Other Procedure","Malignancy | Primary | Supine","Est.Duration:1-3hr"
"Hepatocellular carcinoma","Excision","Others","Open","Left lateral decubitus","1","CraniTumorSkullBase","71.1","Minor","Neuro / Spine","Open","Craniotomy","Malignancy | Primary | Lateral Decubitus","Est.Duration:1-3hr"
"Anal bleeding","Anterior resection","Colorectal","Videoscopic","Supine","1","Colorectal","56.2","Major","Abdominal / GI","Laparoscopic","Colectomy / Bowel Resection","Benign/Non-malignant | Primary | Supine","Est.Duration:1-3hr"
"Rectal cancer","Extended hemihepatectomy","Hepatic","Open","Supine","1","Hepatic","80.8","Major","Abdominal / GI","Open","Hepatobiliary / Pancreatic Resection","Malignancy | Primary | Supine","Est.Duration:3-6hr"
"Epithelial ovarian cancer unknown stage unspecified side","Hysterectomy","Major resection","Videoscopic","Supine","1","PumpSCSPlacementRevision","54.0","Major","Neuro / Spine","Laparoscopic","Other Procedure","Malignancy | Primary | Supine","Est.Duration:1-3hr"
"Ileitis","Exploratory laparotomy","Others","Open","Supine","1","Others","86.1","Major","Soft Tissue / Access / Misc","Open","Other Procedure","Benign/Non-malignant | Primary | Supine","Est.Duration:2-4hr"
"Condyloma acuminata","Electrocauterization","Others","Open","Prone","1","Others","74.0","Minor","Soft Tissue / Access / Misc","Open","Other Procedure","Benign/Non-malignant | Primary | Prone","Est.Duration:<1hr"
"breast cancer","Metastasectomy","Minor resection","Videoscopic","Left lateral decubitus","1","Minor resection","74.0","Major","Thoracic","Laparoscopic","Other Procedure","Malignancy | Primary | Lateral Decubitus","Est.Duration:1-3hr"
"Angiosarcoma","Metastasectomy","Minor resection","Videoscopic","Right lateral decubitus","1","Minor resection","75.0","Major","Thoracic","Laparoscopic","Other Procedure","Malignancy | Primary | Lateral Decubitus","Est.Duration:1-3hr"
"Carcinoid tumor of lung right","Excision","Others","Open","Left lateral decubitus","1","CraniTumorSkullBase","67.6","Minor","Neuro / Spine","Open","Craniotomy","Malignancy | Primary | Lateral Decubitus","Est.Duration:1-3hr"
"Colon obstruction","Hemicolectomy","Colorectal","Open","Lithotomy","1","Colorectal","69.8","Major","Abdominal / GI","Open","Colectomy / Bowel Resection","Benign/Non-malignant | Primary | Lithotomy","Est.Duration:2-4hr"
"Nontuberculous mycobacterial infection","Lung wedge resection","Minor resection","Videoscopic","Right lateral decubitus","1","Minor resection","65.6","Major","Thoracic","Laparoscopic","Thoracic Resection","Benign/Non-malignant | Primary | Lateral Decubitus","Est.Duration:2-4hr"
"Colon cancer, sigmoid","Hemihepatectomy","Hepatic","Open","Supine","1","Hepatic","69.7","Major","Abdominal / GI","Open","Hepatobiliary / Pancreatic Resection","Malignancy | Primary | Supine","Est.Duration:3-6hr"
"Esophageal hiatal hernia","Hernia repair","Stomach","Videoscopic","Lithotomy","1","Colorectal","65.8","Minor","Abdominal / GI","Laparoscopic","Gastric Resection","Benign/Non-malignant | Revision | Lithotomy","Est.Duration:<2hr"
"Rectal cancer","Ileostomy","Colorectal","Open","Supine","1","Colorectal","55.2","Major","Abdominal / GI","Open","Colectomy / Bowel Resection","Malignancy | Primary | Supine","Est.Duration:1-3hr"
"Pancreatic cancer","Pancreatosplenectomy","Biliary/Pancreas","Open","Supine","1","Biliary/Pancreas","75.4","Major","Abdominal / GI","Open","Hepatobiliary / Pancreatic Resection","Malignancy | Primary | Supine","Est.Duration:2-5hr"
"Colon cancer, sigmoid","Peritoneal mass excision","Others","Videoscopic","Lithotomy","1","Others","75.7","Major","Soft Tissue / Access / Misc","Laparoscopic","Other Procedure","Malignancy | Primary | Lithotomy","Est.Duration:1-3hr"
"Gastrointestinal stromal tumor","Lung wedge resection","Stomach","Open","Supine","1","Minor resection","68.4","Major","Thoracic","Open","Gastric Resection","Malignancy | Primary | Supine","Est.Duration:2-4hr"
"Hamartoma of lung right","Lung wedge resection","Minor resection","Videoscopic","Left lateral decubitus","1","Minor resection","71.6","Major","Thoracic","Laparoscopic","Thoracic Resection","Benign/Non-malignant | Primary | Lateral Decubitus","Est.Duration:2-4hr"
"Cervical cancer unknown stage","Biopsy","Others","Videoscopic","Left lateral decubitus","1","BiopsyMuscleNerve","57.6","Minor","Soft Tissue / Access / Misc","Laparoscopic","Access / Drainage Procedures","Malignancy | Primary | Lateral Decubitus","Est.Duration:<2hr"
"Crohn's disease moderate","Exploratory laparotomy","Others","Open","Supine","1","Others","72.3","Major","Soft Tissue / Access / Misc","Open","Other Procedure","Benign/Non-malignant | Primary | Supine","Est.Duration:2-4hr"
"Lymphadenitis","Selective neck dissection","Others","Open","Supine","1","Others","84.9","Major","ENT / Head & Neck","Open","Thyroid / Parathyroid","Benign/Non-malignant | Primary | Supine","Est.Duration:1-3hr"
"Pancreatic tail cancer","Distal pancreatectomy","Biliary/Pancreas","Open","Supine","1","Biliary/Pancreas","72.8","Major","Abdominal / GI","Open","Hepatobiliary / Pancreatic Resection","Malignancy | Primary | Supine","Est.Duration:2-4hr"
"Rectal cancer","Metastasectomy","Minor resection","Videoscopic","Left lateral decubitus","1","Minor resection","74.0","Major","Thoracic","Laparoscopic","Other Procedure","Malignancy | Primary | Lateral Decubitus","Est.Duration:1-3hr"
"Hemoptysis","Lung lobectomy","Major resection","Videoscopic","Left lateral decubitus","1","Major resection","77.1","Major","Thoracic","Laparoscopic","Thoracic Resection","Benign/Non-malignant | Primary | Lateral Decubitus","Est.Duration:2-4hr"
"Solitary fibrous tumor","Lung lobectomy","Major resection","Videoscopic","Left lateral decubitus","1","Major resection","67.7","Major","Thoracic","Laparoscopic","Thoracic Resection","Malignancy | Primary | Lateral Decubitus","Est.Duration:2-4hr"
"Tricuspid regurgitation","Bleeding control","Others","Open","Supine","1","Others","68.8","Minor","Soft Tissue / Access / Misc","Open","Other Procedure","Benign/Non-malignant | Primary | Supine","Est.Duration:1-3hr"
"Obesity","Partial gastrectomy","Stomach","Open","Supine","1","Stomach","90.5","Major","Abdominal / GI","Open","Gastric Resection","Benign/Non-malignant | Primary | Supine","Est.Duration:2-5hr"
"Atypical ductal hyperplasia, breast","Excision","Others","Open","Supine","1","PituitaryTSA","65.0","Minor","Neuro / Spine","Open","Other Procedure","Benign/Non-malignant | Primary | Supine","Est.Duration:1-3hr"
"Lung cancer unspecified side","Biopsy","Minor resection","Videoscopic","Right lateral decubitus","1","BiopsyMuscleNerve","57.9","Minor","Soft Tissue / Access / Misc","Laparoscopic","Access / Drainage Procedures","Malignancy | Primary | Lateral Decubitus","Est.Duration:<2hr"
"Antenatal care for high risk pregnancy","Modified Shirodkar operation","Others","Open","Lithotomy","1","Others","69.7","Minor","Soft Tissue / Access / Misc","Open","Other Procedure","Benign/Non-malignant | Primary | Lithotomy","Est.Duration:<2hr"
"Squamous cell papilloma","Transanal excision","Colorectal","Open","Prone","1","Colorectal","70.3","Minor","Abdominal / GI","Open","Colectomy / Bowel Resection","Benign/Non-malignant | Primary | Prone","Est.Duration:<2hr"
"Ampulla of vater cancer","Gastrojejunostomy","Stomach","Open","Supine","1","Stomach","69.6","Major","Abdominal / GI","Open","Gastric Resection","Malignancy | Primary | Supine","Est.Duration:2-4hr"
"Carcinoid tumor of lung right","Lung bilobectomy","Major resection","Videoscopic","Left lateral decubitus","1","Major resection","66.1","Major","Thoracic","Laparoscopic","Thoracic Resection","Malignancy | Primary | Lateral Decubitus","Est.Duration:2-5hr"
"Hepatocellular carcinoma","Mediastinal lymph node dissection","Others","Videoscopic","Supine","1","Others","90.5","Major","Soft Tissue / Access / Misc","Laparoscopic","Other Procedure","Malignancy | Primary | Supine","Est.Duration:1-3hr"
"kidney transplantation","Closure of arteriovenous fistula","Vascular","Open","Supine","1","Vascular","63.6","Minor","Vascular","Open","Vascular Reconstruction","Benign/Non-malignant | Primary | Supine","Est.Duration:1-3hr"
"Bladder cancer","Hernia repair","Colorectal","Open","Supine","1","Colorectal","72.1","Minor","Abdominal / GI","Open","Colectomy / Bowel Resection","Malignancy | Revision | Supine","Est.Duration:<2hr"
"Acute appendicitis with peritoneal abscess","Appendectomy","Colorectal","Open","Supine","1","Colorectal","59.3","Major","Abdominal / GI","Open","Colectomy / Bowel Resection","Benign/Non-malignant | Primary | Supine","Est.Duration:<2hr"
"Mediastinal mass","Excision","Others","Videoscopic","Left lateral decubitus","1","Others","56.4","Minor","Soft Tissue / Access / Misc","Laparoscopic","Other Procedure","Benign/Non-malignant | Primary | Lateral Decubitus","Est.Duration:1-3hr"
"Alcoholic hepatic failure without coma","Liver transplantation","Transplantation","Open","Supine","1","Transplantation","66.2","Major","Abdominal / GI","Open","Hepatobiliary / Pancreatic Resection","Benign/Non-malignant | Primary | Transplant/Reconstruction | Supine","Est.Duration:>6hr"
"Colon cancer, ascending","Metastasectomy","Minor resection","Videoscopic","Left lateral decubitus","1","Minor resection","67.7","Major","Thoracic","Laparoscopic","Other Procedure","Malignancy | Primary | Lateral Decubitus","Est.Duration:1-3hr"
"Pancreatic disease","Spleen preserving distal pancreatectomy","Biliary/Pancreas","Videoscopic","Supine","1","Biliary/Pancreas","83.0","Major","Abdominal / GI","Laparoscopic","Hepatobiliary / Pancreatic Resection","Benign/Non-malignant | Primary | Supine","Est.Duration:1-3hr"
"Rectal cancer","Transanal endoscopic microsurgery","Colorectal","Open","Prone","1","Colorectal","59.7","Minor","Abdominal / GI","Open","Colectomy / Bowel Resection","Malignancy | Primary | Prone","Est.Duration:1-3hr"
"Rectal cancer","Exploratory laparotomy","Others","Open","Prone","1","Others","79.8","Major","Soft Tissue / Access / Misc","Open","Other Procedure","Malignancy | Primary | Prone","Est.Duration:2-4hr"
"Pleural disease","Excision","Others","Videoscopic","Left lateral decubitus","1","CraniTumorSkullBase","68.5","Minor","Neuro / Spine","Laparoscopic","Craniotomy","Benign/Non-malignant | Primary | Lateral Decubitus","Est.Duration:1-3hr"
"Gastrointestinal stromal tumor of duodenum","Pylorus preserving pancreaticoduodenectomy","Biliary/Pancreas","Open","Supine","1","Biliary/Pancreas","73.7","Major","Abdominal / GI","Open","Hepatobiliary / Pancreatic Resection","Malignancy | Primary | Supine","Est.Duration:>6hr"
"Emphysema","Biopsy","Minor resection","Videoscopic","Right lateral decubitus","1","BiopsyMuscleNerve","73.4","Minor","Soft Tissue / Access / Misc","Laparoscopic","Access / Drainage Procedures","Benign/Non-malignant | Primary | Lateral Decubitus","Est.Duration:<2hr"
"Rectal cancer","Excision","Others","Open","Lithotomy","1","CraniTumorSkullBase","71.7","Minor","Neuro / Spine","Open","Craniotomy","Malignancy | Primary | Lithotomy","Est.Duration:1-3hr"
"Bladder cancer","Transurethral resection of bladder tumor","Minor resection","Videoscopic","Lithotomy","1","Minor resection","85.8","Minor","Urology","Laparoscopic","Cystoscopy / TURBT","Malignancy | Primary | Lithotomy","Est.Duration:<2hr"
"Cervical cancer unknown stage","Total hysterectomy","Major resection","Videoscopic","Lithotomy","1","Major resection","67.5","Major","Abdominal / GI","Laparoscopic","Other Procedure","Malignancy | Primary | Lithotomy","Est.Duration:2-4hr"
"Colonic polyp","Segmental resection of colon","Colorectal","Open","Supine","1","Colorectal","82.7","Major","Abdominal / GI","Open","Colectomy / Bowel Resection","Benign/Non-malignant | Primary | Supine","Est.Duration:2-4hr"
"Venous malformation","Ligation and stripping","Vascular","Open","Prone","1","Vascular","75.2","Minor","Vascular","Open","Vascular Reconstruction","Benign/Non-malignant | Primary | Prone","Est.Duration:1-3hr"
"Hepatocellular carcinoma","Hepaticojejunostomy","Biliary/Pancreas","Open","Supine","1","Biliary/Pancreas","70.5","Major","Abdominal / GI","Open","Hepatobiliary / Pancreatic Resection","Malignancy | Primary | Supine","Est.Duration:3-6hr"
"early gastric cancer","Distal gastrectomy","Stomach","Videoscopic","Supine","1","Stomach","72.0","Major","Abdominal / GI","Laparoscopic","Gastric Resection","Malignancy | Primary | Supine","Est.Duration:2-5hr"
"Focal nodular hyperplasia of liver","Liver segmentectomy","Hepatic","Videoscopic","Lithotomy","1","Hepatic","68.6","Major","Abdominal / GI","Laparoscopic","Hepatobiliary / Pancreatic Resection","Benign/Non-malignant | Primary | Lithotomy","Est.Duration:2-5hr"
"Retroperitoneal sarcoma","Excision","Others","Open","Lithotomy","1","CraniTumorSkullBase","72.8","Minor","Neuro / Spine","Open","Craniotomy","Malignancy | Primary | Lithotomy","Est.Duration:1-3hr"
"Pelvic mass","Debulking surgery","Major resection","Open","Lithotomy","1","Others","78.5","Major","Soft Tissue / Access / Misc","Open","Other Procedure","Benign/Non-malignant | Primary | Lithotomy","Est.Duration:2-5hr"
"Invasive bladder cancer","Transurethral resection of bladder tumor","Minor resection","Videoscopic","Lithotomy","1","Minor resection","80.5","Minor","Urology","Laparoscopic","Cystoscopy / TURBT","Malignancy | Primary | Lithotomy","Est.Duration:<2hr"
"Intracranial hemorrhage","Removal of continuous ambulatory peritoneal dialysis catheter","Vascular","Open","Supine","1","Vascular","60.2","Minor","Vascular","Open","Access / Drainage Procedures","Benign/Non-malignant | Primary | Supine","Est.Duration:<2hr"
"Right inguinal hernia","Hernia repair","Colorectal","Open","Lithotomy","1","Colorectal","55.2","Minor","Abdominal / GI","Open","Colectomy / Bowel Resection","Benign/Non-malignant | Revision | Lithotomy","Est.Duration:<2hr"
"Empyema without bronchopleural fistula","Exploration","Others","Videoscopic","Supine","1","Biliary/Pancreas","66.8","Minor","Abdominal / GI","Laparoscopic","Other Procedure","Benign/Non-malignant | Primary | Supine","Est.Duration:2-4hr"
"Condyloma acuminata","Excision","Colorectal","Open","Prone","1","CraniTumorSkullBase","70.2","Minor","Neuro / Spine","Open","Colectomy / Bowel Resection","Benign/Non-malignant | Primary | Prone","Est.Duration:1-3hr"
"Thymic cyst","Thymectomy","Others","Videoscopic","Supine","1","Others","71.6","Major","Soft Tissue / Access / Misc","Laparoscopic","Thoracic Resection","Benign/Non-malignant | Primary | Supine","Est.Duration:2-5hr"
"Deep vein thrombosis","Arteriovenous fistula thrombectomy","Vascular","Open","Supine","1","Vascular","80.1","Major","Vascular","Open","Vascular Reconstruction","Benign/Non-malignant | Primary | Supine","Est.Duration:2-4hr"
"Esophageal perforation","Decortication","Others","Videoscopic","Right lateral decubitus","1","Others","66.8","Major","Soft Tissue / Access / Misc","Laparoscopic","Thoracic Resection","Benign/Non-malignant | Primary | Lateral Decubitus","Est.Duration:3-6hr"
"Unspecified gastric cancer","Total gastrectomy","Stomach","Robotic","Supine","1","Stomach","68.1","Major","Abdominal / GI","Robotic","Gastric Resection","Malignancy | Primary | Supine","Est.Duration:2-5hr"
"Pseudomyxoma peritonei","Debulking surgery","Others","Open","Supine","1","Others","70.1","Major","Soft Tissue / Access / Misc","Open","Other Procedure","Benign/Non-malignant | Primary | Supine","Est.Duration:2-5hr"
"Adenocarcinoma of lung right","Lung wedge resection","Minor resection","Videoscopic","Left lateral decubitus","1","Minor resection","69.2","Major","Thoracic","Laparoscopic","Thoracic Resection","Malignancy | Primary | Lateral Decubitus","Est.Duration:2-4hr"
"Tracheostomy status","Metastasectomy","Minor resection","Videoscopic","Right lateral decubitus","1","Minor resection","69.4","Major","Thoracic","Laparoscopic","Other Procedure","Benign/Non-malignant | Primary | Lateral Decubitus","Est.Duration:1-3hr"
"Advanced gastric cancer","Pancreaticoduodenectomy","Biliary/Pancreas","Open","Supine","1","Biliary/Pancreas","73.4","Major","Abdominal / GI","Open","Hepatobiliary / Pancreatic Resection","Malignancy | Primary | Supine","Est.Duration:>6hr"
"Colorectal cancer","Total colectomy","Colorectal","Open","Right lateral decubitus","1","Colorectal","71.6","Major","Abdominal / GI","Open","Colectomy / Bowel Resection","Malignancy | Primary | Lateral Decubitus","Est.Duration:2-4hr"
"Rectovaginal fistula","Transanal excision","Colorectal","Open","Prone","1","Colorectal","72.0","Minor","Abdominal / GI","Open","Colectomy / Bowel Resection","Benign/Non-malignant | Primary | Prone","Est.Duration:<2hr"
"Unclassified endometrial cancer","Extended hysterectomy","Major resection","Open","Lithotomy","1","Major resection","68.6","Major","Abdominal / GI","Open","Other Procedure","Malignancy | Primary | Lithotomy","Est.Duration:2-4hr"
"Papillary thyroid adenoma","Thyroid lobectomy","Thyroid","Robotic","Supine","1","Thyroid","68.6","Major","ENT / Head & Neck","Robotic","Thyroid / Parathyroid","Benign/Non-malignant | Primary | Supine","Est.Duration:1-3hr"
"Epithelial ovarian cancer unknown stage","Staging laparotomy","Minor resection","Open","Lithotomy","1","Minor resection","64.1","Major","Abdominal / GI","Open","Other Procedure","Malignancy | Primary | Lithotomy","Est.Duration:2-5hr"
"Desmoid tumor in familial adenomatous polyposis","Excision","Others","Open","Supine","1","PituitaryTSA","63.5","Minor","Neuro / Spine","Open","Other Procedure","Malignancy | Primary | Supine","Est.Duration:1-3hr"
"Neuroendocrine tumor of rectum, G1","Transanal excision","Colorectal","Open","Prone","1","Colorectal","66.0","Minor","Abdominal / GI","Open","Colectomy / Bowel Resection","Malignancy | Primary | Prone","Est.Duration:<2hr"
"Ovarian cyst","Salpingo-oophorectomy","Minor resection","Videoscopic","Lithotomy","1","Minor resection","80.1","Major","Abdominal / GI","Laparoscopic","Other Procedure","Benign/Non-malignant | Primary | Lithotomy","Est.Duration:1-3hr"
"thymoma","Metastasectomy","Minor resection","Videoscopic","Left lateral decubitus","1","Minor resection","81.1","Major","Thoracic","Laparoscopic","Other Procedure","Benign/Non-malignant | Primary | Lateral Decubitus","Est.Duration:1-3hr"
"Breast cancer unspecified side","Breast-conserving surgery","Breast","Open","Reverse Trendelenburg","1","Breast","56.9","Major","ENT / Head & Neck","Open","Breast Surgery","Malignancy | Primary | Trendelenburg","Est.Duration:1-3hr"
"Thyroid nodule","Adrenalectomy","Others","Videoscopic","Left lateral decubitus","1","Others","72.1","Major","Abdominal / GI","Laparoscopic","Other Procedure","Benign/Non-malignant | Primary | Lateral Decubitus","Est.Duration:1-3hr"
"Colon cancer, transverse","Hemicolectomy","Colorectal","Videoscopic","Trendelenburg","1","Colorectal","66.3","Major","Abdominal / GI","Laparoscopic","Colectomy / Bowel Resection","Malignancy | Primary | Trendelenburg","Est.Duration:2-4hr"
"Small intestine perforation, nontraumatic","Exploratory laparotomy","Others","Open","Supine","1","Others","66.2","Major","Soft Tissue / Access / Misc","Open","Other Procedure","Benign/Non-malignant | Primary | Supine","Est.Duration:2-4hr"
"Rectal cancer","Excision","Colorectal","Open","Prone","1","CraniTumorSkullBase","71.7","Minor","Neuro / Spine","Open","Colectomy / Bowel Resection","Malignancy | Primary | Prone","Est.Duration:1-3hr"
"Malignant thymoma, type B1","Excision","Others","Videoscopic","Right lateral decubitus","1","Others","60.2","Minor","Soft Tissue / Access / Misc","Laparoscopic","Other Procedure","Malignancy | Primary | Lateral Decubitus","Est.Duration:1-3hr"
"Alcoholic liver cirrhosis without ascites","Liver transplantation","Transplantation","Open","Supine","1","Transplantation","68.2","Major","Abdominal / GI","Open","Hepatobiliary / Pancreatic Resection","Benign/Non-malignant | Primary | Transplant/Reconstruction | Supine","Est.Duration:>6hr"
"Colonic pseudoobstruction","Colostomy","Colorectal","Open","Supine","1","Colorectal","64.2","Major","Abdominal / GI","Open","Colectomy / Bowel Resection","Benign/Non-malignant | Primary | Supine","Est.Duration:<2hr"
"Hepatocellular carcinoma","Liver sectionectomy","Hepatic","Open","Lithotomy","1","Hepatic","70.5","Major","Abdominal / GI","Open","Hepatobiliary / Pancreatic Resection","Malignancy | Primary | Lithotomy","Est.Duration:2-5hr"
"Cecal cancer","Ileocecectomy","Colorectal","Open","Supine","1","Colorectal","74.0","Major","Abdominal / GI","Open","Colectomy / Bowel Resection","Malignancy | Primary | Supine","Est.Duration:1-3hr"
"Ground-glass opacity","Lung sgmentectomy","Minor resection","Videoscopic","Right lateral decubitus","1","Minor resection","71.3","Major","Thoracic","Laparoscopic","Thoracic Resection","Benign/Non-malignant | Primary | Lateral Decubitus","Est.Duration:2-4hr"
"Ovarian cyst torsion, right","Ovarian cystectomy","Major resection","Videoscopic","Lithotomy","1","Major resection","68.8","Major","Abdominal / GI","Laparoscopic","Cystoscopy / TURBT","Benign/Non-malignant | Primary | Lithotomy","Est.Duration:1-3hr"
"Kidney donor","Donor nephrectomy","Transplantation","Videoscopic","Left lateral decubitus","1","Transplantation","72.6","Major","Urology","Laparoscopic","Transplant / Major Reconstruction","Benign/Non-malignant | Primary | Lateral Decubitus","Est.Duration:2-4hr"
"Myoma uteri","Myomectomy","Minor resection","Open","Supine","1","Minor resection","71.6","Major","Abdominal / GI","Open","Other Procedure","Benign/Non-malignant | Primary | Supine","Est.Duration:2-4hr"
"Accessory breast","Wide excision","Others","Open","Supine","1","Others","70.5","Minor","Soft Tissue / Access / Misc","Open","Other Procedure","Benign/Non-malignant | Primary | Supine","Est.Duration:<2hr"
"Gallbladder cancer","Excision","Biliary/Pancreas","Open","Supine","1","CraniTumorSkullBase","64.1","Minor","Neuro / Spine","Open","Craniotomy","Malignancy | Primary | Supine","Est.Duration:1-3hr"
"Choledochal cyst","Choledochal cyst excision","Biliary/Pancreas","Robotic","Supine","1","Biliary/Pancreas","79.0","Major","Abdominal / GI","Robotic","Hepatobiliary / Pancreatic Resection","Benign/Non-malignant | Primary | Supine","Est.Duration:2-5hr"
"Other appendicitis","Appendectomy","Colorectal","Videoscopic","Supine","1","Colorectal","68.1","Major","Abdominal / GI","Laparoscopic","Colectomy / Bowel Resection","Benign/Non-malignant | Primary | Supine","Est.Duration:<2hr"
"Neurogenic tumor","Excision","Others","Open","Lithotomy","1","CraniTumorSkullBase","73.8","Minor","Neuro / Spine","Open","Craniotomy","Malignancy | Primary | Lithotomy","Est.Duration:1-3hr"
"Colon cancer","Exploratory laparotomy","Others","Open","Lithotomy","1","Others","80.7","Major","Soft Tissue / Access / Misc","Open","Other Procedure","Malignancy | Primary | Lithotomy","Est.Duration:2-4hr"
"Metastasis of unknown origin","Exploratory laparotomy","Others","Open","Lithotomy","1","Others","70.4","Major","Soft Tissue / Access / Misc","Open","Other Procedure","Malignancy | Primary | Lithotomy","Est.Duration:2-4hr"
"Colonic polyp","Anal fistulotomy","Colorectal","Open","Prone","1","Colorectal","75.7","Minor","Abdominal / GI","Open","Colectomy / Bowel Resection","Benign/Non-malignant | Primary | Prone","Est.Duration:<2hr"
"Epithelial-myoepithelial carcinoma","Simple mastectomy","Breast","Open","Supine","1","Breast","65.0","Major","ENT / Head & Neck","Open","Breast Surgery","Malignancy | Primary | Supine","Est.Duration:1-3hr"
"Carcinoma in situ of colon","Ileostomy repair","Colorectal","Open","Supine","1","Colorectal","67.3","Minor","Abdominal / GI","Open","Colectomy / Bowel Resection","Malignancy | Revision | Supine","Est.Duration:<2hr"
"Pseudomyxoma peritonei","Exploratory laparotomy","Others","Open","Supine","1","Others","73.4","Major","Soft Tissue / Access / Misc","Open","Other Procedure","Benign/Non-malignant | Primary | Supine","Est.Duration:2-4hr"
"Fulminant hepatitiswithout coma","Liver transplantation","Transplantation","Open","Supine","1","Transplantation","68.6","Major","Abdominal / GI","Open","Hepatobiliary / Pancreatic Resection","Benign/Non-malignant | Primary | Transplant/Reconstruction | Supine","Est.Duration:>6hr"
"Fibrous dysplasia of bone site unspecified","Excision","Others","Open","Right lateral decubitus","1","Others","56.2","Minor","Soft Tissue / Access / Misc","Open","Other Procedure","Benign/Non-malignant | Primary | Lateral Decubitus","Est.Duration:1-3hr"
"Fibrothorax","Decortication","Others","Videoscopic","Right lateral decubitus","1","Others","75.0","Major","Soft Tissue / Access / Misc","Laparoscopic","Thoracic Resection","Benign/Non-malignant | Primary | Lateral Decubitus","Est.Duration:3-6hr"
"Biliary atresia","Arteriovenous fistula thrombectomy","Vascular","Open","Supine","1","Vascular","91.7","Major","Vascular","Open","Vascular Reconstruction","Benign/Non-malignant | Primary | Supine","Est.Duration:2-4hr"
"Mental retardation","Hemorrhoidectomy","Colorectal","Open","Prone","1","Colorectal","71.8","Minor","Abdominal / GI","Open","Colectomy / Bowel Resection","Benign/Non-malignant | Primary | Prone","Est.Duration:<2hr"
"Left inguinal hernia, Not specified as recurrent","Hernia repair","Colorectal","Open","Supine","1","Colorectal","59.1","Minor","Abdominal / GI","Open","Colectomy / Bowel Resection","Benign/Non-malignant | Revision | Supine","Est.Duration:<2hr"
"Mucinous cystadenocarcinoma of pancreas, non-invasive","Pylorus preserving pancreaticoduodenectomy","Biliary/Pancreas","Robotic","Supine","1","Biliary/Pancreas","53.3","Major","Abdominal / GI","Robotic","Hepatobiliary / Pancreatic Resection","Malignancy | Primary | Supine","Est.Duration:>6hr"
"Colonic polyp","Hemicolectomy","Colorectal","Open","Supine","1","Colorectal","73.0","Major","Abdominal / GI","Open","Colectomy / Bowel Resection","Benign/Non-malignant | Primary | Supine","Est.Duration:2-4hr"
"Colorectal cancer","Incisional hernia repair","Colorectal","Open","Supine","1","Colorectal","68.4","Minor","Abdominal / GI","Open","Colectomy / Bowel Resection","Malignancy | Revision | Supine","Est.Duration:<2hr"
"Pelvic mass","Hartmann procedure","Colorectal","Open","Lithotomy","1","Colorectal","79.2","Major","Abdominal / GI","Open","Colectomy / Bowel Resection","Benign/Non-malignant | Primary | Lithotomy","Est.Duration:2-4hr"
"Epiphrenic diverticulum","Diverticulectomy","Others","Videoscopic","Prone","1","Others","68.8","Major","Soft Tissue / Access / Misc","Laparoscopic","Other Procedure","Benign/Non-malignant | Primary | Prone","Est.Duration:2-5hr"
"Mediastinal bronchogenic cyst, acquried","Excision","Others","Videoscopic","Left lateral decubitus","1","PituitaryTSA","65.0","Minor","Neuro / Spine","Laparoscopic","Other Procedure","Benign/Non-malignant | Primary | Lateral Decubitus","Est.Duration:1-3hr"
"Liver retransplantation, living donor","Closure of wound","Others","Open","Supine","1","Others","63.7","Minor","Soft Tissue / Access / Misc","Open","Other Procedure","Benign/Non-malignant | Primary | Supine","Est.Duration:<2hr"
"Carcinoma in situ of rectum","Anterior resection","Colorectal","Open","Lithotomy","1","Colorectal","56.2","Major","Abdominal / GI","Open","Colectomy / Bowel Resection","Malignancy | Primary | Lithotomy","Est.Duration:1-3hr"
"Abnormal chest CT, lung nodule","Exploration","Others","Videoscopic","Right lateral decubitus","1","MiscellaneousOther","71.1","Minor","Soft Tissue / Access / Misc","Laparoscopic","Other Procedure","Benign/Non-malignant | Primary | Lateral Decubitus","Est.Duration:2-4hr"
"Abnormal finding on lung imaging","Lung sgmentectomy","Minor resection","Videoscopic","Left lateral decubitus","1","Minor resection","65.7","Major","Thoracic","Laparoscopic","Thoracic Resection","Benign/Non-malignant | Primary | Lateral Decubitus","Est.Duration:2-4hr"
"Metastatic cancer to the lung","Biopsy","Minor resection","Videoscopic","Right lateral decubitus","1","BiopsyBrain","64.2","Minor","Neuro / Spine","Laparoscopic","Access / Drainage Procedures","Malignancy | Primary | Lateral Decubitus","Est.Duration:<2hr"
"Mediastinal large B-cell lymphoma","Excision","Others","Videoscopic","Left lateral decubitus","1","Others","57.9","Minor","Soft Tissue / Access / Misc","Laparoscopic","Other Procedure","Malignancy | Primary | Lateral Decubitus","Est.Duration:1-3hr"
"Renal cell carcinoma right","Adrenalectomy","Major resection","Robotic","Supine","1","Others","64.9","Major","Abdominal / GI","Robotic","Other Procedure","Malignancy | Primary | Supine","Est.Duration:1-3hr"
"Intraductal papilloma of female breast right","Breast-conserving surgery","Breast","Open","Supine","1","Breast","56.9","Major","ENT / Head & Neck","Open","Breast Surgery","Benign/Non-malignant | Primary | Supine","Est.Duration:1-3hr"
"Mediastinal cyst","Excision","Others","Open","Left lateral decubitus","1","CraniTumorSkullBase","67.9","Minor","Neuro / Spine","Open","Craniotomy","Benign/Non-malignant | Primary | Lateral Decubitus","Est.Duration:1-3hr"
"Gallbladder polyp","Cholecystectomy","Biliary/Pancreas","Videoscopic","Reverse Trendelenburg","1","Biliary/Pancreas","71.6","Major","Abdominal / GI","Laparoscopic","Cystoscopy / TURBT","Benign/Non-malignant | Primary | Trendelenburg","Est.Duration:<2hr"
"Disorder of kidney and ureter","Nephrectomy","Major resection","Videoscopic","Right lateral decubitus","1","Major resection","62.0","Major","Urology","Laparoscopic","Other Procedure","Benign/Non-malignant | Primary | Lateral Decubitus","Est.Duration:2-4hr"
"Pneumothorax","Lung wedge resection","Minor resection","Videoscopic","Left lateral decubitus","1","Minor resection","79.5","Major","Thoracic","Laparoscopic","Thoracic Resection","Benign/Non-malignant | Primary | Lateral Decubitus","Est.Duration:2-4hr"
"Lung cancer right","Pneumonectomy","Major resection","Open","Left lateral decubitus","1","Major resection","69.8","Major","Thoracic","Open","Thoracic Resection","Malignancy | Primary | Lateral Decubitus","Est.Duration:3-6hr"
"Lung cancer left","Debridement of wound","Others","Open","Right lateral decubitus","1","Others","76.1","Minor","Soft Tissue / Access / Misc","Open","Other Procedure","Malignancy | Primary | Lateral Decubitus","Est.Duration:<2hr"
"Neuroendocrine tumor of pancreas, G1","Partial pancreatectomy","Biliary/Pancreas","Open","Supine","1","Biliary/Pancreas","55.4","Major","Abdominal / GI","Open","Hepatobiliary / Pancreatic Resection","Malignancy | Primary | Supine","Est.Duration:2-5hr"
"Colorectal cancer","Anterior resection","Colorectal","Videoscopic","Supine","1","Colorectal","74.0","Major","Abdominal / GI","Laparoscopic","Colectomy / Bowel Resection","Malignancy | Primary | Supine","Est.Duration:1-3hr"
"Alveolar soft part sarcoma","Metastasectomy","Minor resection","Videoscopic","Right lateral decubitus","1","Minor resection","65.8","Major","Thoracic","Laparoscopic","Other Procedure","Malignancy | Primary | Lateral Decubitus","Est.Duration:1-3hr"
"Cervical cancer, stage 1B1","Modified radical hysterectomy","Major resection","Robotic","Lithotomy","1","Major resection","75.4","Major","Abdominal / GI","Robotic","Other Procedure","Malignancy | Primary | Lithotomy","Est.Duration:2-5hr"
"Myoma uteri","Extended hysterectomy","Major resection","Videoscopic","Trendelenburg","1","Major resection","81.1","Major","Abdominal / GI","Laparoscopic","Other Procedure","Benign/Non-malignant | Primary | Trendelenburg","Est.Duration:2-4hr"
"Early gastric cancer","Proximal gastrectomy","Stomach","Robotic","Supine","1","Stomach","73.4","Major","Abdominal / GI","Robotic","Gastric Resection","Malignancy | Primary | Supine","Est.Duration:3-6hr"
"Septic shock","Exploratory laparotomy","Others","Open","Supine","1","Others","80.7","Major","Soft Tissue / Access / Misc","Open","Other Procedure","Benign/Non-malignant | Primary | Supine","Est.Duration:2-4hr"
"Bladder disease","Transurethral resection of bladder tumor","Minor resection","Videoscopic","Lithotomy","1","Minor resection","85.1","Minor","Urology","Laparoscopic","Cystoscopy / TURBT","Benign/Non-malignant | Primary | Lithotomy","Est.Duration:<2hr"
"Lung cancer right","Lung wedge resection","Minor resection","Videoscopic","Right lateral decubitus","1","Minor resection","75.4","Major","Thoracic","Laparoscopic","Thoracic Resection","Malignancy | Primary | Lateral Decubitus","Est.Duration:2-4hr"
"Metastatic cancer to the liver","Liver sectionectomy","Hepatic","Open","Lithotomy","1","Hepatic","64.8","Major","Abdominal / GI","Open","Hepatobiliary / Pancreatic Resection","Malignancy | Primary | Lithotomy","Est.Duration:2-5hr"
"Liver donor","Liver transplantation","Transplantation","Open","Lithotomy","1","Transplantation","68.0","Major","Abdominal / GI","Open","Hepatobiliary / Pancreatic Resection","Benign/Non-malignant | Primary | Transplant/Reconstruction | Lithotomy","Est.Duration:>6hr"
"Tuberculous peritonitis","Peritoneal mass excision","Others","Videoscopic","Supine","1","Others","74.0","Major","Soft Tissue / Access / Misc","Laparoscopic","Other Procedure","Benign/Non-malignant | Primary | Supine","Est.Duration:1-3hr"
"Epithelial ovarian cancer, stage 4 unspecified side","Debulking surgery","Major resection","Open","Supine","1","Major resection","51.8","Major","Abdominal / GI","Open","Other Procedure","Malignancy | Primary | Supine","Est.Duration:2-5hr"
"Colon cancer, splenic flexure","Hemicolectomy","Colorectal","Open","Lithotomy","1","Colorectal","64.1","Major","Abdominal / GI","Open","Colectomy / Bowel Resection","Malignancy | Primary | Lithotomy","Est.Duration:2-4hr"
"Aneurysm, abdominal aorta","Embolectomy","Vascular","Open","Supine","1","Vascular","63.9","Major","Vascular","Open","Vascular Reconstruction","Benign/Non-malignant | Primary | Supine","Est.Duration:2-4hr"
"Empyema with bronchopleural fistula","Debridement of wound","Others","Open","Right lateral decubitus","1","Others","66.6","Minor","Soft Tissue / Access / Misc","Open","Other Procedure","Benign/Non-malignant | Primary | Lateral Decubitus","Est.Duration:<2hr"
"Bacteremia","Revision of arteriovenous fistula","Vascular","Open","Supine","1","Vascular","83.9","Minor","Vascular","Open","Vascular Reconstruction","Benign/Non-malignant | Revision | Supine","Est.Duration:2-4hr"
"Colon cancer, hepatic flexure","subtotal colectomy","Colorectal","Videoscopic","Lithotomy","1","Colorectal","67.9","Major","Abdominal / GI","Laparoscopic","Colectomy / Bowel Resection","Malignancy | Primary | Lithotomy","Est.Duration:2-4hr"
"Endocrine tumor","Liver segmentectomy","Hepatic","Open","Supine","1","Hepatic","76.2","Major","Abdominal / GI","Open","Hepatobiliary / Pancreatic Resection","Malignancy | Primary | Supine","Est.Duration:2-5hr"
"Intraductal papillary mucinous neoplasm of pancreas, borderline","Distal pancreatectomy","Biliary/Pancreas","Videoscopic","Supine","1","Biliary/Pancreas","51.0","Major","Abdominal / GI","Laparoscopic","Hepatobiliary / Pancreatic Resection","Malignancy | Primary | Supine","Est.Duration:2-4hr"
"Colon cancer, splenic flexure","Subtotal colectomy","Colorectal","Open","Lithotomy","1","Colorectal","67.9","Major","Abdominal / GI","Open","Colectomy / Bowel Resection","Malignancy | Primary | Lithotomy","Est.Duration:2-4hr"
"Ruptured aneurysm, thoracoabdominal aorta","Exploratory laparotomy","Others","Open","Supine","1","Others","66.2","Major","Soft Tissue / Access / Misc","Open","Other Procedure","Benign/Non-malignant | Primary | Supine","Est.Duration:2-4hr"
"Ureter cancer unspecified side","Ileostomy","Colorectal","Open","Supine","1","Colorectal","65.7","Major","Abdominal / GI","Open","Colectomy / Bowel Resection","Malignancy | Primary | Supine","Est.Duration:1-3hr"
"Secondary pneumothorax","Lung wedge resection","Minor resection","Videoscopic","Right lateral decubitus","1","Minor resection","72.2","Major","Thoracic","Laparoscopic","Thoracic Resection","Benign/Non-malignant | Primary | Lateral Decubitus","Est.Duration:2-4hr"
"Pancreatic cyst","Pylorus preserving pancreaticoduodenectomy","Biliary/Pancreas","Robotic","Supine","1","Biliary/Pancreas","85.7","Major","Abdominal / GI","Robotic","Hepatobiliary / Pancreatic Resection","Benign/Non-malignant | Primary | Supine","Est.Duration:>6hr"
"Alcoholic liver cirrhosis with ascites","Liver transplantation","Transplantation","Open","Lithotomy","1","Transplantation","68.2","Major","Abdominal / GI","Open","Hepatobiliary / Pancreatic Resection","Benign/Non-malignant | Primary | Transplant/Reconstruction | Lithotomy","Est.Duration:>6hr"
"Stomach cancer unspecified","Incisional hernia repair","Colorectal","Videoscopic","Supine","1","Colorectal","72.5","Minor","Abdominal / GI","Laparoscopic","Colectomy / Bowel Resection","Malignancy | Revision | Supine","Est.Duration:<2hr"
"Abnormal finding on lung imaging","Biopsy","Minor resection","Videoscopic","Left lateral decubitus","1","BiopsyBrain","56.7","Minor","Neuro / Spine","Laparoscopic","Access / Drainage Procedures","Benign/Non-malignant | Primary | Lateral Decubitus","Est.Duration:<2hr"
"Hyperhidrosis, palmar","Thoracic sympathectomy","Others","Videoscopic","Supine","1","Others","74.6","Major","Soft Tissue / Access / Misc","Laparoscopic","Other Procedure","Benign/Non-malignant | Primary | Supine","Est.Duration:<2hr"
"Gallbladder stone with chronic cholecystitis without obstruction","Cholecystectomy","Biliary/Pancreas","Videoscopic","Supine","1","Biliary/Pancreas","50.2","Major","Abdominal / GI","Laparoscopic","Cystoscopy / TURBT","Benign/Non-malignant | Primary | Supine","Est.Duration:<2hr"
"Abnormal electrocardiogram","Incisional hernia repair","Colorectal","Open","Supine","1","Colorectal","72.5","Minor","Abdominal / GI","Open","Colectomy / Bowel Resection","Benign/Non-malignant | Revision | Supine","Est.Duration:<2hr"
"Colostomy status","Hartmann procedure","Colorectal","Open","Supine","1","Colorectal","74.7","Major","Abdominal / GI","Open","Colectomy / Bowel Resection","Benign/Non-malignant | Primary | Supine","Est.Duration:2-4hr"
"Septic arthritis, knee","Delorme's operation","Colorectal","Open","Prone","1","Colorectal","72.1","Major","Abdominal / GI","Open","Colectomy / Bowel Resection","Benign/Non-malignant | Primary | Prone","Est.Duration:<2hr"
"Small intestinal cancer","Exploratory laparotomy","Others","Open","Lithotomy","1","Others","72.9","Major","Soft Tissue / Access / Misc","Open","Other Procedure","Malignancy | Primary | Lithotomy","Est.Duration:2-4hr"
"Primary hyperoxaluria","Exploratory laparotomy","Others","Open","Supine","1","Others","74.0","Major","Soft Tissue / Access / Misc","Open","Other Procedure","Benign/Non-malignant | Primary | Supine","Est.Duration:2-4hr"
"Leiomyomatosis","Excision","Others","Videoscopic","Lithotomy","1","Others","66.1","Minor","Abdominal / GI","Laparoscopic","Other Procedure","Benign/Non-malignant | Primary | Lithotomy","Est.Duration:1-3hr"
"Lymphadenopathy","Axillary lymph node dissection","Breast","Open","Supine","1","Breast","81.9","Major","ENT / Head & Neck","Open","Breast Surgery","Benign/Non-malignant | Primary | Supine","Est.Duration:<2hr"
"Advanced gastric cancer","Gastrojejunostomy","Stomach","Videoscopic","Supine","1","Stomach","69.6","Major","Abdominal / GI","Laparoscopic","Gastric Resection","Malignancy | Primary | Supine","Est.Duration:2-4hr"
"Colon cancer","Transverse colectomy","Colorectal","Open","Lithotomy","1","Colorectal","79.5","Major","Abdominal / GI","Open","Colectomy / Bowel Resection","Malignancy | Primary | Lithotomy","Est.Duration:1-3hr"
"Colon cancer, splenic flexure","Extended hemicolectomy","Colorectal","Videoscopic","Lithotomy","1","Colorectal","70.4","Major","Abdominal / GI","Laparoscopic","Colectomy / Bowel Resection","Malignancy | Primary | Lithotomy","Est.Duration:1-3hr"
"Metastatic cancer to the lung unspecified side","Metastasectomy","Minor resection","Open","Left lateral decubitus","1","Minor resection","59.9","Major","Thoracic","Open","Other Procedure","Malignancy | Primary | Lateral Decubitus","Est.Duration:1-3hr"
"Tubular adenoma, duodenum","Excision","Stomach","Open","Supine","1","CraniTumorSkullBase","66.9","Minor","Neuro / Spine","Open","Craniotomy","Benign/Non-malignant | Primary | Supine","Est.Duration:1-3hr"
"Myoma uteri","Hysterectomy","Major resection","Robotic","Lithotomy","1","Major resection","74.0","Major","Abdominal / GI","Robotic","Other Procedure","Benign/Non-malignant | Primary | Lithotomy","Est.Duration:1-3hr"
"Colon cancer, descending","Anterior resection","Colorectal","Open","Supine","1","Colorectal","60.2","Major","Abdominal / GI","Open","Colectomy / Bowel Resection","Malignancy | Primary | Supine","Est.Duration:1-3hr"
"Carcinoid tumor, unspecified site","Low anterior resection","Colorectal","Open","Lithotomy","1","Colorectal","68.8","Major","Abdominal / GI","Open","Colectomy / Bowel Resection","Malignancy | Primary | Lithotomy","Est.Duration:2-4hr"
"Mucinous carcinoma of breast right","Simple mastectomy","Breast","Open","Supine","1","Breast","56.9","Major","ENT / Head & Neck","Open","Breast Surgery","Malignancy | Primary | Supine","Est.Duration:1-3hr"
"Early gastric cancer, adenocarcinoma","Partial gastrectomy","Stomach","Open","Supine","1","Stomach","66.0","Major","Abdominal / GI","Open","Gastric Resection","Malignancy | Primary | Supine","Est.Duration:2-5hr"
"Esophageal cancer","Exploration of wound","Others","Open","Right lateral decubitus","1","Others","75.4","Minor","Soft Tissue / Access / Misc","Open","Other Procedure","Malignancy | Primary | Lateral Decubitus","Est.Duration:1-3hr"
"Tubular adenoma, colon","Hemicolectomy","Colorectal","Open","Lithotomy","1","Colorectal","67.3","Major","Abdominal / GI","Open","Colectomy / Bowel Resection","Benign/Non-malignant | Primary | Lithotomy","Est.Duration:2-4hr"
"Metastatic cancer to the lung left","Lung sgmentectomy","Minor resection","Videoscopic","Right lateral decubitus","1","Minor resection","65.0","Major","Thoracic","Laparoscopic","Thoracic Resection","Malignancy | Primary | Lateral Decubitus","Est.Duration:2-4hr"
"Lipoma","Excision","Others","Open","Prone","1","Others","75.7","Minor","Soft Tissue / Access / Misc","Open","Other Procedure","Benign/Non-malignant | Primary | Prone","Est.Duration:1-3hr"
"Ovarian cyst","Salpingo-oophorectomy","Minor resection","Videoscopic","Supine","1","Minor resection","80.1","Major","Abdominal / GI","Laparoscopic","Other Procedure","Benign/Non-malignant | Primary | Supine","Est.Duration:1-3hr"
"Abnormal electrocardiogram","Ligation and stripping","Vascular","Open","Prone","1","Vascular","71.3","Minor","Vascular","Open","Vascular Reconstruction","Benign/Non-malignant | Primary | Prone","Est.Duration:1-3hr"
"Gallbladder cancer","Cholecystectomy","Biliary/Pancreas","Videoscopic","Supine","1","Biliary/Pancreas","70.9","Major","Abdominal / GI","Laparoscopic","Cystoscopy / TURBT","Malignancy | Primary | Supine","Est.Duration:<2hr"
"Cervical cancer unknown stage","Exploratory laparotomy","Others","Open","Lithotomy","1","Others","70.0","Major","Abdominal / GI","Open","Other Procedure","Malignancy | Primary | Lithotomy","Est.Duration:2-4hr"
"solitary pulmonary nodule","Lung wedge resection","Minor resection","Videoscopic","Left lateral decubitus","1","Minor resection","70.6","Major","Thoracic","Laparoscopic","Thoracic Resection","Benign/Non-malignant | Primary | Lateral Decubitus","Est.Duration:2-4hr"
"Epithelial ovarian cancer unknown stage unspecified side","Ovarian cancer staging operation","Major resection","Open","Lithotomy","1","Major resection","52.3","Major","Abdominal / GI","Open","Other Procedure","Malignancy | Primary | Lithotomy","Est.Duration:2-4hr"
"Adenocarcinoma of rectum","Abdominoperineal resection","Colorectal","Open","Lithotomy","1","Colorectal","74.5","Major","Abdominal / GI","Open","Colectomy / Bowel Resection","Malignancy | Primary | Lithotomy","Est.Duration:3-6hr"
"Sclerosing cholangitis","Liver transplantation","Transplantation","Open","Supine","1","Transplantation","72.8","Major","Abdominal / GI","Open","Hepatobiliary / Pancreatic Resection","Benign/Non-malignant | Primary | Transplant/Reconstruction | Supine","Est.Duration:>6hr"
"Malignant thymoma, type B1","Metastasectomy","Minor resection","Videoscopic","Left lateral decubitus","1","Minor resection","66.2","Major","Thoracic","Laparoscopic","Other Procedure","Malignancy | Primary | Lateral Decubitus","Est.Duration:1-3hr"
"Postoperative empyema","Debridement of wound","Others","Videoscopic","Right lateral decubitus","1","Others","72.8","Minor","Soft Tissue / Access / Misc","Laparoscopic","Other Procedure","Benign/Non-malignant | Primary | Lateral Decubitus","Est.Duration:<2hr"
"Appendix disease","Appendectomy","Colorectal","Open","Supine","1","Colorectal","69.5","Major","Abdominal / GI","Open","Colectomy / Bowel Resection","Benign/Non-malignant | Primary | Supine","Est.Duration:<2hr"
"Liposarcoma","Exploratory laparotomy","Others","Open","Supine","1","Others","81.6","Major","Soft Tissue / Access / Misc","Open","Other Procedure","Malignancy | Primary | Supine","Est.Duration:2-4hr"
"Lung cancer right","Bleeding control","Others","Videoscopic","Right lateral decubitus","1","Others","72.5","Minor","Soft Tissue / Access / Misc","Laparoscopic","Other Procedure","Malignancy | Primary | Lateral Decubitus","Est.Duration:1-3hr"
"Cervical cancer unknown stage","Radical hysterectomy","Major resection","Videoscopic","Trendelenburg","1","Major resection","68.8","Major","Abdominal / GI","Laparoscopic","Other Procedure","Malignancy | Primary | Trendelenburg","Est.Duration:1-3hr"
"Epidermal cyst","Excision","Others","Open","Prone","1","Others","66.1","Minor","Soft Tissue / Access / Misc","Open","Other Procedure","Benign/Non-malignant | Primary | Prone","Est.Duration:1-3hr"
"Small cell lung cancer right","Lung lobectomy","Major resection","Open","Left lateral decubitus","1","Major resection","64.9","Major","Thoracic","Open","Thoracic Resection","Malignancy | Primary | Lateral Decubitus","Est.Duration:2-4hr"
"Rectovaginal fistula","Excision","Colorectal","Open","Prone","1","CraniTumorSkullBase","70.9","Minor","Neuro / Spine","Open","Colectomy / Bowel Resection","Benign/Non-malignant | Primary | Prone","Est.Duration:1-3hr"
"Advanced gastric cancer","Closure of wound","Others","Open","Supine","1","Others","68.8","Minor","Soft Tissue / Access / Misc","Open","Other Procedure","Malignancy | Primary | Supine","Est.Duration:<2hr"
"Gallbladder cancer","Extended hemihepatectomy","Hepatic","Open","Supine","1","Hepatic","77.0","Major","Abdominal / GI","Open","Hepatobiliary / Pancreatic Resection","Malignancy | Primary | Supine","Est.Duration:3-6hr"
"Malignant pericardial effusion","Pericardial window operation","Others","Videoscopic","Supine","1","Others","57.7","Major","Soft Tissue / Access / Misc","Laparoscopic","Other Procedure","Malignancy | Primary | Supine","Est.Duration:1-3hr"
"Intrahepatic duct stone without obstruction","Liver sectionectomy","Hepatic","Videoscopic","Reverse Trendelenburg","1","Hepatic","63.7","Major","Abdominal / GI","Laparoscopic","Hepatobiliary / Pancreatic Resection","Benign/Non-malignant | Primary | Trendelenburg","Est.Duration:2-5hr"
"Malignant neoplasm of pancreas","Distal pancreatectomy","Biliary/Pancreas","Open","Supine","1","Biliary/Pancreas","69.0","Major","Abdominal / GI","Open","Hepatobiliary / Pancreatic Resection","Malignancy | Primary | Supine","Est.Duration:2-4hr"
"Dedifferentiated liposarcoma","Excision","Others","Open","Supine","1","CraniTumorSkullBase","66.8","Minor","Neuro / Spine","Open","Craniotomy","Malignancy | Primary | Supine","Est.Duration:1-3hr"
"Postoperative empyema","Debridement of wound","Others","Videoscopic","Supine","1","Others","72.8","Minor","Soft Tissue / Access / Misc","Laparoscopic","Other Procedure","Benign/Non-malignant | Primary | Supine","Est.Duration:<2hr"
"Neuroendocrine tumor of pancreas, G3","Distal pancreatectomy","Biliary/Pancreas","Open","Supine","1","Biliary/Pancreas","61.4","Major","Abdominal / GI","Open","Hepatobiliary / Pancreatic Resection","Malignancy | Primary | Supine","Est.Duration:2-4hr"
"Type 2 diabetes mellitus with diabetic foot ulcer and gangrene","Endarterectomy","Vascular","Open","Supine","1","Vascular","50.2","Major","Vascular","Open","Vascular Reconstruction","Benign/Non-malignant | Primary | Supine","Est.Duration:2-5hr"
"Lymphadenopathy","Biopsy","Others","Videoscopic","Left lateral decubitus","1","BiopsyMuscleNerve","65.8","Minor","Soft Tissue / Access / Misc","Laparoscopic","Access / Drainage Procedures","Benign/Non-malignant | Primary | Lateral Decubitus","Est.Duration:<2hr"
"Empyema with bronchopleural fistula","Decortication","Others","Open","Right lateral decubitus","1","Spine","65.3","Major","Neuro / Spine","Open","Spine Fusion / Decompression","Benign/Non-malignant | Primary | Lateral Decubitus","Est.Duration:3-6hr"
"Gastrointestinal stromal tumor of rectum","Transanal endoscopic microsurgery","Colorectal","Open","Prone","1","Colorectal","71.2","Minor","Abdominal / GI","Open","Colectomy / Bowel Resection","Malignancy | Primary | Prone","Est.Duration:1-3hr"
"Langerhans cell histiocytosis","Excision","Others","Open","Right lateral decubitus","1","CraniTumorSkullBase","63.8","Minor","Neuro / Spine","Open","Craniotomy","Benign/Non-malignant | Primary | Lateral Decubitus","Est.Duration:1-3hr"
"Adenocarcinoma of colon","Hemicolectomy","Colorectal","Videoscopic","Lithotomy","1","Colorectal","66.3","Major","Abdominal / GI","Laparoscopic","Colectomy / Bowel Resection","Malignancy | Primary | Lithotomy","Est.Duration:2-4hr"
"Kidney donor","Donor nephrectomy","Transplantation","Videoscopic","Left kidney","1","Transplantation","72.6","Major","Urology","Laparoscopic","Transplant / Major Reconstruction","Benign/Non-malignant | Primary | Lateral Kidney","Est.Duration:2-4hr"
"Umbilical hernia","Hernia repair","Colorectal","Open","Lithotomy","1","Colorectal","70.5","Minor","Abdominal / GI","Open","Colectomy / Bowel Resection","Benign/Non-malignant | Revision | Lithotomy","Est.Duration:<2hr"
"rectal cancer","Exploratory laparotomy","Others","Open","Lithotomy","1","Others","79.8","Major","Soft Tissue / Access / Misc","Open","Other Procedure","Malignancy | Primary | Lithotomy","Est.Duration:2-4hr"
"Xanthogranulomatous cholecystitis","Cholecystectomy","Biliary/Pancreas","Videoscopic","Supine","1","Biliary/Pancreas","63.9","Major","Abdominal / GI","Laparoscopic","Cystoscopy / TURBT","Benign/Non-malignant | Primary | Supine","Est.Duration:<2hr"
"Melanoma","Excision","Others","Open","Supine","1","CraniTumorSkullBase","73.4","Minor","Neuro / Spine","Open","Craniotomy","Benign/Non-malignant | Primary | Supine","Est.Duration:1-3hr"
"End stage renal disease","Removal of permanent catheter","Vascular","Open","Supine","1","Vascular","76.5","Minor","Vascular","Open","Access / Drainage Procedures","Benign/Non-malignant | Primary | Supine","Est.Duration:<2hr"
"chronic renal failure","Removal of continuous ambulatory peritoneal dialysis catheter","Vascular","Open","Supine","1","Vascular","65.2","Minor","Vascular","Open","Access / Drainage Procedures","Benign/Non-malignant | Primary | Supine","Est.Duration:<2hr"
"Colonic polyp","Hemicolectomy","Colorectal","Videoscopic","Lithotomy","1","Colorectal","73.0","Major","Abdominal / GI","Laparoscopic","Colectomy / Bowel Resection","Benign/Non-malignant | Primary | Lithotomy","Est.Duration:2-4hr"
"Epithelial ovarian cancer, stage 3B unspecified side","Exploratory laparotomy","Others","Open","Supine","1","CraniVessel","53.0","Major","Neuro / Spine","Open","Craniotomy","Malignancy | Primary | Supine","Est.Duration:2-4hr"
"Malignant melanoma","Exploratory laparotomy","Others","Open","Supine","1","Others","75.9","Major","Soft Tissue / Access / Misc","Open","Other Procedure","Malignancy | Primary | Supine","Est.Duration:2-4hr"
"Benign neoplasm of retroperitoneum","Excision","Others","Open","Lithotomy","1","PituitaryTSA","61.4","Minor","Neuro / Spine","Open","Other Procedure","Malignancy | Primary | Lithotomy","Est.Duration:1-3hr"
"Stomach cancer unspecified","Subtotal gastrectomy","Stomach","Open","Supine","1","Stomach","60.9","Major","Abdominal / GI","Open","Gastric Resection","Malignancy | Primary | Supine","Est.Duration:2-5hr"
"Drug-induced diabetes mellitus","Arteriovenous fistula","Vascular","Open","Supine","1","Vascular","71.1","Major","Vascular","Open","Vascular Reconstruction","Benign/Non-malignant | Primary | Supine","Est.Duration:1-3hr"
"Duodenal submucosal tumor, benign","Small bowel segmental resection","Stomach","Open","Supine","1","Stomach","73.2","Major","Abdominal / GI","Open","Colectomy / Bowel Resection","Malignancy | Primary | Supine","Est.Duration:1-3hr"
"Diabetes mellitus","Distal gastrectomy","Stomach","Videoscopic","Supine","1","Stomach","62.8","Major","Abdominal / GI","Laparoscopic","Gastric Resection","Benign/Non-malignant | Primary | Supine","Est.Duration:2-5hr"
"Atypical lobular hyperplasia, breast","Wide excision","Others","Open","Supine","1","Others","61.8","Minor","Soft Tissue / Access / Misc","Open","Other Procedure","Benign/Non-malignant | Primary | Supine","Est.Duration:<2hr"
"Colon perforation","Exploratory laparotomy","Others","Open","Supine","1","Others","76.6","Major","Soft Tissue / Access / Misc","Open","Other Procedure","Benign/Non-malignant | Primary | Supine","Est.Duration:2-4hr"
"Hepatocellular carcinoma","Liver tumorectomy","Hepatic","Open","Supine","1","Hepatic","69.0","Major","Abdominal / GI","Open","Hepatobiliary / Pancreatic Resection","Malignancy | Primary | Supine","Est.Duration:2-5hr"
"infiltrating lobular carcinoma of breast","Mastectomy","Breast","Open","Supine","1","Breast","56.9","Major","ENT / Head & Neck","Open","Breast Surgery","Malignancy | Primary | Supine","Est.Duration:3-6hr"
"Squamous cell carcinoma of lung right","Lung lobectomy","Major resection","Videoscopic","Supine","1","Major resection","62.0","Major","Thoracic","Laparoscopic","Thoracic Resection","Malignancy | Primary | Supine","Est.Duration:2-4hr"
"Lung cancer left","Excision","Others","Videoscopic","Right lateral decubitus","1","CraniTumorSkullBase","67.9","Minor","Neuro / Spine","Laparoscopic","Craniotomy","Malignancy | Primary | Lateral Decubitus","Est.Duration:1-3hr"
"Gastric ulcer, chronic with perforation","Exploratory laparotomy","Others","Open","Supine","1","Others","66.8","Major","Soft Tissue / Access / Misc","Open","Other Procedure","Benign/Non-malignant | Primary | Supine","Est.Duration:2-4hr"
"Colon cancer, rectosigmoid","Hartmann procedure","Colorectal","Open","Lithotomy","1","Colorectal","69.3","Major","Abdominal / GI","Open","Colectomy / Bowel Resection","Malignancy | Primary | Lithotomy","Est.Duration:2-4hr"
"hepatocellular carcinoma","Liver segmentectomy","Hepatic","Videoscopic","Supine","1","Hepatic","70.5","Major","Abdominal / GI","Laparoscopic","Hepatobiliary / Pancreatic Resection","Malignancy | Primary | Supine","Est.Duration:2-5hr"
"Acute appendicitis","Appendectomy","Colorectal","Videoscopic","Lithotomy","1","Colorectal","68.1","Major","Abdominal / GI","Laparoscopic","Colectomy / Bowel Resection","Benign/Non-malignant | Primary | Lithotomy","Est.Duration:<2hr"
"Lung cancer","Lung sgmentectomy","Minor resection","Videoscopic","Left lateral decubitus","1","Minor resection","78.5","Major","Thoracic","Laparoscopic","Thoracic Resection","Malignancy | Primary | Lateral Decubitus","Est.Duration:2-4hr"
"Abnormal finding on lung imaging","Sleeve lobectomy","Major resection","Open","Right lateral decubitus","1","Major resection","65.0","Major","Thoracic","Open","Bariatric Surgery","Benign/Non-malignant | Primary | Lateral Decubitus","Est.Duration:3-6hr"
"Neoplasm of retroperitoneum, uncertain behavior","Excision","Others","Open","Supine","1","PituitaryTSA","66.9","Minor","Neuro / Spine","Open","Other Procedure","Malignancy | Primary | Supine","Est.Duration:1-3hr"
"Rectal cancer","Hernia repair","Colorectal","Open","Supine","1","Colorectal","73.0","Minor","Abdominal / GI","Open","Colectomy / Bowel Resection","Malignancy | Revision | Supine","Est.Duration:<2hr"
"Postoperative bleeding","Bleeding control","Others","Open","Supine","1","Others","69.3","Minor","Soft Tissue / Access / Misc","Open","Other Procedure","Benign/Non-malignant | Primary | Supine","Est.Duration:1-3hr"
"Cecal cancer","Ileocecectomy","Colorectal","Open","Supine","1","Colorectal","74.0","Major","Abdominal / GI","Open","Colectomy / Bowel Resection","Malignancy | Primary | Supine","Est.Duration:1-3hr"
"Liver transplantation","Incisional hernia repair","Colorectal","Open","Supine","1","Colorectal","60.1","Minor","Abdominal / GI","Open","Colectomy / Bowel Resection","Benign/Non-malignant | Revision | Supine","Est.Duration:<2hr"
"Epithelial ovarian cancer unknown stage","Salpingo-oophorectomy","Minor resection","Videoscopic","Lithotomy","1","Minor resection","65.9","Major","Abdominal / GI","Laparoscopic","Other Procedure","Malignancy | Primary | Lithotomy","Est.Duration:1-3hr"
"Splenic disease","Splenectomy","Biliary/Pancreas","Videoscopic","Right lateral decubitus","1","Biliary/Pancreas","69.2","Major","Abdominal / GI","Laparoscopic","Hepatobiliary / Pancreatic Resection","Benign/Non-malignant | Primary | Lateral Decubitus","Est.Duration:1-3hr"
"Multiple endocrine neoplasia type 1","Incisional hernia repair","Colorectal","Open","Supine","1","Colorectal","68.8","Minor","Abdominal / GI","Open","Colectomy / Bowel Resection","Benign/Non-malignant | Revision | Supine","Est.Duration:<2hr"
"Krukenberg tumor unspecified side","Salpingo-oophorectomy","Colorectal","Open","Lithotomy","1","Minor resection","67.9","Major","Abdominal / GI","Open","Colectomy / Bowel Resection","Malignancy | Primary | Lithotomy","Est.Duration:1-3hr"
"Breast cancer right","Wide excision","Others","Open","Supine","1","Others","68.5","Minor","Soft Tissue / Access / Misc","Open","Other Procedure","Malignancy | Primary | Supine","Est.Duration:<2hr"
"Pericardial effusion","Pericardial window operation","Others","Open","Left lateral decubitus","1","Others","57.7","Major","Soft Tissue / Access / Misc","Open","Other Procedure","Benign/Non-malignant | Primary | Lateral Decubitus","Est.Duration:1-3hr"
"Common bile duct stone with obstruction","Choledochoscopic bile duct stone removal","Biliary/Pancreas","Videoscopic","Supine","1","Biliary/Pancreas","68.6","Major","Abdominal / GI","Laparoscopic","Hepatobiliary / Pancreatic Resection","Benign/Non-malignant | Primary | Supine","Est.Duration:<2hr"
"Invasive breast cancer left","Breast-conserving surgery","Breast","Open","Supine","1","Breast","56.9","Major","ENT / Head & Neck","Open","Breast Surgery","Malignancy | Primary | Supine","Est.Duration:1-3hr"
"Leiomyosarcoma","Bullectomy","Minor resection","Videoscopic","Left lateral decubitus","1","Minor resection","68.8","Minor","Thoracic","Laparoscopic","Other Procedure","Malignancy | Primary | Lateral Decubitus","Est.Duration:<2hr"
"Colorectal cancer","Low anterior resection","Colorectal","Open","Supine","1","Colorectal","62.2","Major","Abdominal / GI","Open","Colectomy / Bowel Resection","Malignancy | Primary | Supine","Est.Duration:2-4hr"
"Common bile duct cancer, middle","Pancreaticoduodenectomy","Biliary/Pancreas","Open","Supine","1","Biliary/Pancreas","68.8","Major","Abdominal / GI","Open","Hepatobiliary / Pancreatic Resection","Malignancy | Primary | Supine","Est.Duration:>6hr"
"Myoma uteri","Hysterectomy","Major resection","Videoscopic","Lithotomy","1","Major resection","74.0","Major","Abdominal / GI","Laparoscopic","Other Procedure","Benign/Non-malignant | Primary | Lithotomy","Est.Duration:1-3hr"
"Rectal cancer","Ileostomy","Colorectal","Open","Supine","1","Colorectal","55.2","Major","Abdominal / GI","Open","Colectomy / Bowel Resection","Malignancy | Primary | Supine","Est.Duration:1-3hr"
"Rectal prolapse","Rectal prolapse operation","Colorectal","Open","Prone","1","Colorectal","75.3","Minor","Abdominal / GI","Open","Colectomy / Bowel Resection","Benign/Non-malignant | Primary | Prone","Est.Duration:1-3hr"
"Metastatic cancer to the thyroid","Modified radical neck dissection","Others","Robotic","Supine","1","Others","73.6","Major","ENT / Head & Neck","Robotic","Thyroid / Parathyroid","Malignancy | Primary | Supine","Est.Duration:1-3hr"
"Pancreatic disease","Exploratory laparotomy","Others","Open","Supine","1","Others","75.9","Major","Soft Tissue / Access / Misc","Open","Other Procedure","Benign/Non-malignant | Primary | Supine","Est.Duration:2-4hr"
"Pyriform sinus cancer","Metastasectomy","Minor resection","Videoscopic","Left lateral decubitus","1","Minor resection","68.2","Major","Thoracic","Laparoscopic","Other Procedure","Malignancy | Primary | Lateral Decubitus","Est.Duration:1-3hr"
"Neuroendocrine carcinoma of pancreas","Distal pancreatectomy","Biliary/Pancreas","Open","Reverse Trendelenburg","1","Biliary/Pancreas","66.2","Major","Abdominal / GI","Open","Hepatobiliary / Pancreatic Resection","Malignancy | Primary | Trendelenburg","Est.Duration:2-4hr"
"Foreign body in anus and rectum","Removal of staples","Others","Open","Prone","1","Others","69.8","Minor","Soft Tissue / Access / Misc","Open","Access / Drainage Procedures","Benign/Non-malignant | Primary | Prone","Est.Duration:<2hr"
"Ductal carcinoma in situ of breast, non-comedo type unspecified side","Breast-conserving surgery","Breast","Open","Supine","1","Breast","56.9","Major","ENT / Head & Neck","Open","Breast Surgery","Malignancy | Primary | Supine","Est.Duration:1-3hr"
"Neoplasm of ovary, uncertain behavior right","Excision","Colorectal","Open","Lithotomy","1","PituitaryTSA","70.5","Minor","Neuro / Spine","Open","Colectomy / Bowel Resection","Malignancy | Primary | Lithotomy","Est.Duration:1-3hr"
"lung cancer","Lung sgmentectomy","Minor resection","Videoscopic","Right lateral decubitus","1","Minor resection","78.5","Major","Thoracic","Laparoscopic","Thoracic Resection","Malignancy | Primary | Lateral Decubitus","Est.Duration:2-4hr"
"Primary aldosteronism","Adrenalectomy","Others","Videoscopic","Right lateral decubitus","1","Others","67.3","Major","Abdominal / GI","Laparoscopic","Other Procedure","Benign/Non-malignant | Primary | Lateral Decubitus","Est.Duration:1-3hr"
"Gallbladder cancer","Metastasectomy","Minor resection","Videoscopic","Right lateral decubitus","1","Minor resection","70.1","Major","Thoracic","Laparoscopic","Other Procedure","Malignancy | Primary | Lateral Decubitus","Est.Duration:1-3hr"
"Appendix mucocele","Cecectomy","Colorectal","Videoscopic","Supine","1","Colorectal","65.3","Major","Abdominal / GI","Laparoscopic","Colectomy / Bowel Resection","Benign/Non-malignant | Primary | Supine","Est.Duration:1-3hr"
"Breast cancer left","Internal mammary lymph node dissection","Others","Videoscopic","Left lateral decubitus","1","Others","79.5","Major","Soft Tissue / Access / Misc","Laparoscopic","Other Procedure","Malignancy | Primary | Lateral Decubitus","Est.Duration:<2hr"
"Giant bullae of lung","Bullectomy","Minor resection","Videoscopic","Right lateral decubitus","1","Minor resection","64.8","Minor","Thoracic","Laparoscopic","Other Procedure","Benign/Non-malignant | Primary | Lateral Decubitus","Est.Duration:<2hr"
"Unspecified gastric cancer","Diagnostic laparoscopy","Others","Videoscopic","Supine","1","Others","71.3","Minor","Soft Tissue / Access / Misc","Laparoscopic","Other Procedure","Malignancy | Primary | Supine","Est.Duration:2-5hr"
"Lymph node metastasis","Radical excision of iliac lymph nodes","Colorectal","Open","Supine","1","Colorectal","57.8","Major","Abdominal / GI","Open","Colectomy / Bowel Resection","Malignancy | Primary | Supine","Est.Duration:2-4hr"
"Anastomosis site stricture","Hartmann procedure","Colorectal","Open","Lithotomy","1","Colorectal","68.8","Major","Abdominal / GI","Open","Colectomy / Bowel Resection","Benign/Non-malignant | Primary | Lithotomy","Est.Duration:2-4hr"
"Graft versus host disease, chronic","Lung transplantation","Transplantation","Open","Supine","1","Transplantation","67.3","Major","Thoracic","Open","Thoracic Resection","Benign/Non-malignant | Primary | Transplant/Reconstruction | Supine","Est.Duration:>6hr"
"Metastatic cancer to the abdomen","Excision","Others","Open","Supine","1","CraniTumorSkullBase","67.7","Minor","Neuro / Spine","Open","Craniotomy","Malignancy | Primary | Supine","Est.Duration:1-3hr"
"Myoma uteri","Total hysterectomy","Major resection","Open","Supine","1","Major resection","79.2","Major","Abdominal / GI","Open","Other Procedure","Benign/Non-malignant | Primary | Supine","Est.Duration:2-4hr"
"Neuroendocrine tumor of pancreas, G2","Gastrojejunostomy","Stomach","Open","Supine","1","Stomach","64.7","Major","Abdominal / GI","Open","Gastric Resection","Malignancy | Primary | Supine","Est.Duration:2-4hr"
"Gallbladder polyp","Cholecystectomy","Biliary/Pancreas","Robotic","Reverse Trendelenburg","1","Biliary/Pancreas","71.6","Major","Abdominal / GI","Robotic","Cystoscopy / TURBT","Benign/Non-malignant | Primary | Trendelenburg","Est.Duration:<2hr"
"Spinal cord injury","Colostomy","Colorectal","Open","Supine","1","Colorectal","71.1","Major","Abdominal / GI","Open","Colectomy / Bowel Resection","Benign/Non-malignant | Primary | Supine","Est.Duration:<2hr"
"Chronic hepatitis B","Liver segmentectomy","Hepatic","Videoscopic","Lithotomy","1","Hepatic","73.3","Major","Abdominal / GI","Laparoscopic","Hepatobiliary / Pancreatic Resection","Benign/Non-malignant | Primary | Lithotomy","Est.Duration:2-5hr"
"Anal disease","Excision","Colorectal","Open","Prone","1","CraniTumorSkullBase","70.5","Minor","Neuro / Spine","Open","Colectomy / Bowel Resection","Benign/Non-malignant | Primary | Prone","Est.Duration:1-3hr"
"thymoma","Pleurectomy","Others","Videoscopic","Right lateral decubitus","1","Others","78.1","Major","Soft Tissue / Access / Misc","Laparoscopic","Other Procedure","Benign/Non-malignant | Primary | Lateral Decubitus","Est.Duration:2-5hr"
"rectal cancer","Transverse loop colostomy","Colorectal","Open","Supine","1","Colorectal","68.3","Major","Abdominal / GI","Open","Colectomy / Bowel Resection","Malignancy | Primary | Supine","Est.Duration:<2hr"
"Graves' disease without thyrotoxic crisis","Total thyroidectomy","Thyroid","Open","Supine","1","Thyroid","64.5","Major","ENT / Head & Neck","Open","Thyroid / Parathyroid","Benign/Non-malignant | Primary | Supine","Est.Duration:2-4hr"
"Intraductal carcinoma in situ of breast right","Breast-conserving surgery","Breast","Open","Supine","1","Breast","56.9","Major","ENT / Head & Neck","Open","Breast Surgery","Malignancy | Primary | Supine","Est.Duration:1-3hr"
"Perineal laceration","Sphincteroplasty","Colorectal","Open","Prone","1","Colorectal","71.1","Minor","Abdominal / GI","Open","Colectomy / Bowel Resection","Benign/Non-malignant | Primary | Prone","Est.Duration:<1hr"
"Postnasal drip syndrome","Adrenalectomy","Others","Videoscopic","Right lateral decubitus","1","Others","66.3","Major","Abdominal / GI","Laparoscopic","Other Procedure","Benign/Non-malignant | Primary | Lateral Decubitus","Est.Duration:1-3hr"
"Esophageal cancer","Adhesiolysis","Others","Videoscopic","Supine","1","Others","68.8","Major","Soft Tissue / Access / Misc","Laparoscopic","Other Procedure","Malignancy | Primary | Supine","Est.Duration:1-3hr"
"Deformity of breast","Resection of chest wall with reconstruction","Others","Open","Supine","1","Others","77.8","Major","Soft Tissue / Access / Misc","Open","Other Procedure","Benign/Non-malignant | Primary | Transplant/Reconstruction | Supine","Est.Duration:1-3hr"
"Lymph node metastasis","Regional lymph node dissection","Others","Open","Lithotomy","1","Others","85.6","Major","Soft Tissue / Access / Misc","Open","Other Procedure","Malignancy | Primary | Lithotomy","Est.Duration:1-3hr"
"Intestinal obstruction","Ileostomy","Colorectal","Open","Supine","1","Colorectal","67.1","Major","Abdominal / GI","Open","Colectomy / Bowel Resection","Benign/Non-malignant | Primary | Supine","Est.Duration:1-3hr"
"Common bile duct cancer","Segmental resection of bile duct","Biliary/Pancreas","Open","Supine","1","Biliary/Pancreas","75.8","Major","Abdominal / GI","Open","Hepatobiliary / Pancreatic Resection","Malignancy | Primary | Supine","Est.Duration:>6hr"
"Interstitial lung disease","Biopsy","Others","Videoscopic","Left lateral decubitus","1","BiopsyBrain","64.1","Minor","Neuro / Spine","Laparoscopic","Access / Drainage Procedures","Benign/Non-malignant | Primary | Lateral Decubitus","Est.Duration:<2hr"
"Early gastric cancer","Extended total gastrectomy","Stomach","Videoscopic","Supine","1","Stomach","76.8","Major","Abdominal / GI","Laparoscopic","Gastric Resection","Malignancy | Primary | Supine","Est.Duration:3-6hr"
"Abnormal chest CT, lung","Lung sgmentectomy","Minor resection","Videoscopic","Left lateral decubitus","1","Minor resection","70.1","Major","Thoracic","Laparoscopic","Thoracic Resection","Benign/Non-malignant | Primary | Lateral Decubitus","Est.Duration:2-4hr"
"Breast cancer left","Biopsy","Minor resection","Videoscopic","Right lateral decubitus","1","BiopsyBrain","69.2","Minor","Neuro / Spine","Laparoscopic","Access / Drainage Procedures","Malignancy | Primary | Lateral Decubitus","Est.Duration:<2hr"
"Metastatic cancer to the abdominal cavity","Excision","Others","Open","Supine","1","PituitaryTSA","63.9","Minor","Neuro / Spine","Open","Other Procedure","Malignancy | Primary | Supine","Est.Duration:1-3hr"
"Rectal cancer","Hartmann procedure","Colorectal","Open","Supine","1","Colorectal","77.3","Major","Abdominal / GI","Open","Colectomy / Bowel Resection","Malignancy | Primary | Supine","Est.Duration:2-4hr"
"Abnormal chest CT, lung","Excision","Others","Videoscopic","Right lateral decubitus","1","CraniTumorSkullBase","69.4","Minor","Neuro / Spine","Laparoscopic","Craniotomy","Benign/Non-malignant | Primary | Lateral Decubitus","Est.Duration:1-3hr"
"Lymph node enlargement","Biopsy","Others","Open","Supine","1","BiopsyMuscleNerve","67.5","Minor","Soft Tissue / Access / Misc","Open","Access / Drainage Procedures","Benign/Non-malignant | Primary | Supine","Est.Duration:<2hr"
"Lymph node metastasis","Mediastinal lymph node dissection","Others","Open","Left lateral decubitus","1","Others","88.2","Major","Soft Tissue / Access / Misc","Open","Other Procedure","Malignancy | Primary | Lateral Decubitus","Est.Duration:1-3hr"
"Gallbladder cancer","Exploratory laparotomy","Others","Open","Supine","1","Others","75.9","Major","Soft Tissue / Access / Misc","Open","Other Procedure","Malignancy | Primary | Supine","Est.Duration:2-4hr"
"Hirschsprung's disease","Transanal excision","Colorectal","Open","Supine","1","Colorectal","70.8","Minor","Abdominal / GI","Open","Colectomy / Bowel Resection","Benign/Non-malignant | Primary | Supine","Est.Duration:<2hr"
"Bladder cancer","Radical cystectomy","Major resection","Open","Supine","1","Major resection","76.4","Major","Urology","Open","Cystoscopy / TURBT","Malignancy | Primary | Supine","Est.Duration:>6hr"
"Lung cancer right","Exploration","Others","Videoscopic","Supine","1","MiscellaneousOther","73.6","Minor","Soft Tissue / Access / Misc","Laparoscopic","Other Procedure","Malignancy | Primary | Supine","Est.Duration:2-4hr"
"Common bile duct cancer","Pylorus preserving pancreaticoduodenectomy","Biliary/Pancreas","Robotic","Prone","1","Biliary/Pancreas","81.1","Major","Abdominal / GI","Robotic","Hepatobiliary / Pancreatic Resection","Malignancy | Primary | Prone","Est.Duration:>6hr"
"Anal cancer","Inguinal lymph node dissection","Colorectal","Open","Supine","1","Colorectal","85.1","Major","Abdominal / GI","Open","Colectomy / Bowel Resection","Malignancy | Primary | Supine","Est.Duration:1-3hr"
"Endometrial cancer unknown stage","Radical hysterectomy","Major resection","Videoscopic","Supine","1","Major resection","67.6","Major","Abdominal / GI","Laparoscopic","Other Procedure","Malignancy | Primary | Supine","Est.Duration:1-3hr"
"Benign neoplasm of retroperitoneum","Excision","Colorectal","Open","Supine","1","PituitaryTSA","61.4","Minor","Neuro / Spine","Open","Colectomy / Bowel Resection","Malignancy | Primary | Supine","Est.Duration:1-3hr"
"Metastatic cancer to the abdominal cavity","Exploratory laparotomy","Others","Open","Supine","1","Others","65.9","Major","Soft Tissue / Access / Misc","Open","Other Procedure","Malignancy | Primary | Supine","Est.Duration:2-4hr"
"Abdominopelvic abscess","Exploratory laparotomy","Others","Open","Supine","1","Others","73.4","Major","Soft Tissue / Access / Misc","Open","Other Procedure","Benign/Non-malignant | Primary | Supine","Est.Duration:2-4hr"
"Abnormal chest CT, lung","Biopsy","Minor resection","Videoscopic","Left lateral decubitus","1","BiopsyBrain","66.9","Minor","Neuro / Spine","Laparoscopic","Access / Drainage Procedures","Benign/Non-malignant | Primary | Lateral Decubitus","Est.Duration:<2hr"
"Esophageal cancer","Debridement of wound","Others","Open","Supine","1","Others","75.4","Minor","Soft Tissue / Access / Misc","Open","Other Procedure","Malignancy | Primary | Supine","Est.Duration:<2hr"
"Hepatocellular carcinoma","Wound revision","Others","Open","Supine","1","Others","66.7","Minor","Soft Tissue / Access / Misc","Open","Other Procedure","Malignancy | Revision | Supine","Est.Duration:<2hr"
"Gallbladder disease","Cholecystectomy","Biliary/Pancreas","Videoscopic","Reverse Trendelenburg","1","Biliary/Pancreas","70.3","Major","Abdominal / GI","Laparoscopic","Cystoscopy / TURBT","Benign/Non-malignant | Primary | Trendelenburg","Est.Duration:<2hr"
"Gastrointestinal stromal tumor of small intestine","Small bowel segmental resection","Stomach","Videoscopic","Lithotomy","1","Stomach","67.9","Major","Abdominal / GI","Laparoscopic","Colectomy / Bowel Resection","Malignancy | Primary | Lithotomy","Est.Duration:1-3hr"
"Pancreatic ductal carcinoma","Pylorus preserving pancreaticoduodenectomy","Biliary/Pancreas","Open","Supine","1","Biliary/Pancreas","79.2","Major","Abdominal / GI","Open","Hepatobiliary / Pancreatic Resection","Malignancy | Primary | Supine","Est.Duration:>6hr"
"renal cell carcinoma","Metastasectomy","Minor resection","Videoscopic","Left lateral decubitus","1","Minor resection","68.8","Major","Thoracic","Laparoscopic","Other Procedure","Malignancy | Primary | Lateral Decubitus","Est.Duration:1-3hr"
"Abnormal finding on lung imaging","Lung sgmentectomy","Minor resection","Videoscopic","Right lateral decubitus","1","Minor resection","65.7","Major","Thoracic","Laparoscopic","Thoracic Resection","Benign/Non-malignant | Primary | Lateral Decubitus","Est.Duration:2-4hr"
"Endometrial cancer unknown stage","Lung lobectomy","Major resection","Videoscopic","Left lateral decubitus","1","Major resection","63.5","Major","Thoracic","Laparoscopic","Thoracic Resection","Malignancy | Primary | Lateral Decubitus","Est.Duration:2-4hr"
"Lobular carcinoma in situ of breast unspecified side","Excision","Others","Open","Supine","1","PituitaryTSA","62.4","Minor","Neuro / Spine","Open","Other Procedure","Malignancy | Primary | Supine","Est.Duration:1-3hr"
"Krukenberg tumorunspecified side","Exploratory laparotomy","Others","Open","Lithotomy","1","Others","68.8","Major","Soft Tissue / Access / Misc","Open","Other Procedure","Malignancy | Primary | Lithotomy","Est.Duration:2-4hr"
"Early gastric cancer (C1690)","Distal gastrectomy","Stomach","Robotic","Supine","1","Stomach","68.8","Major","Abdominal / GI","Robotic","Gastric Resection","Malignancy | Primary | Supine","Est.Duration:2-5hr"
"Rectovaginal fistula","Fistulectomy","Colorectal","Open","Prone","1","Colorectal","66.9","Major","Abdominal / GI","Open","Colectomy / Bowel Resection","Benign/Non-malignant | Primary | Prone","Est.Duration:<2hr"
"Biliary stricture","Exploratory laparotomy","Others","Open","Supine","1","Others","76.6","Major","Soft Tissue / Access / Misc","Open","Other Procedure","Benign/Non-malignant | Primary | Supine","Est.Duration:2-4hr"
"Liposarcoma","Debulking surgery","Others","Open","Lithotomy","1","Others","78.5","Major","Soft Tissue / Access / Misc","Open","Other Procedure","Malignancy | Primary | Lithotomy","Est.Duration:2-5hr"
"Early gastric cancer, adenocarcinoma","Proximal gastrectomy","Stomach","Videoscopic","Lithotomy","1","Stomach","66.6","Major","Abdominal / GI","Laparoscopic","Gastric Resection","Malignancy | Primary | Lithotomy","Est.Duration:3-6hr"
"biliary cystadenocarcinoma","Liver segmentectomy","Hepatic","Open","Supine","1","Hepatic","69.5","Major","Abdominal / GI","Open","Hepatobiliary / Pancreatic Resection","Malignancy | Primary | Supine","Est.Duration:2-5hr"
"Chronic kidney disease","Removal of continuous ambulatory peritoneal dialysis catheter","Vascular","Open","Supine","1","Vascular","65.2","Minor","Vascular","Open","Access / Drainage Procedures","Benign/Non-malignant | Primary | Supine","Est.Duration:<2hr"
"Carotid artery stenosis","Ligation and stripping","Vascular","Open","Supine","1","Vascular","72.9","Minor","Vascular","Open","Vascular Reconstruction","Benign/Non-malignant | Primary | Supine","Est.Duration:1-3hr"
"Leiomyosarcoma","Metastasectomy","Minor resection","Videoscopic","Right lateral decubitus","1","Minor resection","73.1","Major","Thoracic","Laparoscopic","Other Procedure","Malignancy | Primary | Lateral Decubitus","Est.Duration:1-3hr"
"Morbid obesity","Partial gastrectomy","Stomach","Open","Supine","1","Stomach","63.4","Major","Abdominal / GI","Open","Gastric Resection","Benign/Non-malignant | Primary | Supine","Est.Duration:2-5hr"
"myxoid liposarcoma","Exploratory laparotomy","Others","Open","Supine","1","Others","75.9","Major","Soft Tissue / Access / Misc","Open","Other Procedure","Malignancy | Primary | Supine","Est.Duration:2-4hr"
"Cecal cancer","Incisional hernia repair","Colorectal","Open","Supine","1","Colorectal","68.4","Minor","Abdominal / GI","Open","Colectomy / Bowel Resection","Malignancy | Revision | Supine","Est.Duration:<2hr"
"Hepatocellular carcinoma","Endarterectomy","Vascular","Open","Supine","1","Carotid","72.0","Major","Vascular","Open","Vascular Reconstruction","Malignancy | Primary | Supine","Est.Duration:2-5hr"
"Myoma uteri","Hysterectomy","Major resection","Videoscopic","Supine","1","Major resection","74.0","Major","Abdominal / GI","Laparoscopic","Other Procedure","Benign/Non-malignant | Primary | Supine","Est.Duration:1-3hr"
"Pancreatic disease","Partial pancreatectomy","Biliary/Pancreas","Robotic","Supine","1","Biliary/Pancreas","75.9","Major","Abdominal / GI","Robotic","Hepatobiliary / Pancreatic Resection","Benign/Non-malignant | Primary | Supine","Est.Duration:2-5hr"
"Colon cancer","Extended hemicolectomy","Colorectal","Videoscopic","Lithotomy","1","Colorectal","80.7","Major","Abdominal / GI","Laparoscopic","Colectomy / Bowel Resection","Malignancy | Primary | Lithotomy","Est.Duration:1-3hr"
"Cecal cancer","Anterior resection","Colorectal","Videoscopic","Lithotomy","1","Colorectal","78.2","Major","Abdominal / GI","Laparoscopic","Colectomy / Bowel Resection","Malignancy | Primary | Lithotomy","Est.Duration:1-3hr"
"Esophageal cancer","Mediastinal lymph node dissection","Others","Videoscopic","Supine","1","Others","90.5","Major","Soft Tissue / Access / Misc","Laparoscopic","Other Procedure","Malignancy | Primary | Supine","Est.Duration:1-3hr"
"Colon cancer","Colostomy repair","Colorectal","Open","Lithotomy","1","Colorectal","76.7","Minor","Abdominal / GI","Open","Colectomy / Bowel Resection","Malignancy | Revision | Lithotomy","Est.Duration:<2hr"
"Gastrointestinal stromal tumor of small intestine","Excision","Others","Open","Supine","1","PituitaryTSA","60.9","Minor","Neuro / Spine","Open","Other Procedure","Malignancy | Primary | Supine","Est.Duration:1-3hr"
"Common bile duct stone without obstruction","Extended hemihepatectomy","Hepatic","Open","Supine","1","Hepatic","66.6","Major","Abdominal / GI","Open","Hepatobiliary / Pancreatic Resection","Benign/Non-malignant | Primary | Supine","Est.Duration:3-6hr"
"Pelvic mass","Ovarian cystectomy","Major resection","Videoscopic","Lithotomy","1","Major resection","79.2","Major","Abdominal / GI","Laparoscopic","Cystoscopy / TURBT","Benign/Non-malignant | Primary | Lithotomy","Est.Duration:1-3hr"
"Chronic pancreatitis","Pylorus preserving pancreaticoduodenectomy","Biliary/Pancreas","Open","Supine","1","Biliary/Pancreas","82.7","Major","Abdominal / GI","Open","Hepatobiliary / Pancreatic Resection","Benign/Non-malignant | Primary | Supine","Est.Duration:>6hr"
"Allergic contact dermatitis","Distal gastrectomy","Stomach","Videoscopic","Supine","1","Stomach","68.3","Major","Abdominal / GI","Laparoscopic","Gastric Resection","Benign/Non-malignant | Primary | Supine","Est.Duration:2-5hr"
"Atypical lobular hyperplasia, breast","Excision","Others","Open","Supine","1","PituitaryTSA","64.5","Minor","Neuro / Spine","Open","Other Procedure","Benign/Non-malignant | Primary | Supine","Est.Duration:1-3hr"
"Early gastric cancer","Total gastrectomy","Stomach","Open","Supine","1","Stomach","80.5","Major","Abdominal / GI","Open","Gastric Resection","Malignancy | Primary | Supine","Est.Duration:2-5hr"
"Peritonitis","Ileostomy","Others","Open","Supine","1","Colorectal","76.5","Major","Abdominal / GI","Open","Access / Drainage Procedures","Benign/Non-malignant | Primary | Supine","Est.Duration:1-3hr"
"Early gastric cancer","Diagnostic laparoscopy","Others","Videoscopic","Supine","1","Others","74.6","Minor","Soft Tissue / Access / Misc","Laparoscopic","Other Procedure","Malignancy | Primary | Supine","Est.Duration:2-5hr"
"Pancreatic disease","Pylorus preserving pancreaticoduodenectomy","Biliary/Pancreas","Open","Supine","1","Biliary/Pancreas","83.8","Major","Abdominal / GI","Open","Hepatobiliary / Pancreatic Resection","Benign/Non-malignant | Primary | Supine","Est.Duration:>6hr"
"Diverticulitis of intestine without bleeding","Hemicolectomy","Colorectal","Videoscopic","Supine","1","Colorectal","59.7","Major","Abdominal / GI","Laparoscopic","Colectomy / Bowel Resection","Benign/Non-malignant | Primary | Supine","Est.Duration:2-4hr"
"Autosomal recessive polycystic kidney disease","Removal of continuous ambulatory peritoneal dialysis catheter","Vascular","Open","Supine","1","Vascular","64.8","Minor","Vascular","Open","Access / Drainage Procedures","Benign/Non-malignant | Primary | Supine","Est.Duration:<2hr"
"Ileus","Total colectomy","Colorectal","Open","Lithotomy","1","Colorectal","73.6","Major","Abdominal / GI","Open","Colectomy / Bowel Resection","Benign/Non-malignant | Primary | Lithotomy","Est.Duration:2-4hr"
"Neuroendocrine tumor of pancreas, G1","Spleen preserving distal pancreatectomy","Biliary/Pancreas","Videoscopic","Supine","1","Biliary/Pancreas","75.0","Major","Abdominal / GI","Laparoscopic","Hepatobiliary / Pancreatic Resection","Malignancy | Primary | Supine","Est.Duration:1-3hr"
"Peripheral artery occlusive disease involving arteries below knee","Vascular bypass","Vascular","Open","Supine","1","Vascular","50.2","Major","Vascular","Open","Vascular Reconstruction","Benign/Non-malignant | Primary | Supine","Est.Duration:2-5hr"
"Disorder of kidney and ureter","Nephrectomy","Major resection","Robotic","Right kidney","1","Major resection","62.0","Major","Urology","Robotic","Other Procedure","Benign/Non-malignant | Primary | Lateral Kidney","Est.Duration:2-4hr"
"Open wound of chest wall","Cleaning of wound","Others","Open","Supine","1","Others","65.8","Minor","Soft Tissue / Access / Misc","Open","Other Procedure","Benign/Non-malignant | Primary | Supine","Est.Duration:<2hr"
"Gastrointestinal stromal tumor, malignant","Excision","Stomach","Open","Supine","1","CraniTumorSkullBase","65.0","Minor","Neuro / Spine","Open","Craniotomy","Malignancy | Primary | Supine","Est.Duration:1-3hr"
"Common bile duct cancer","Gastrojejunostomy","Stomach","Open","Supine","1","Biliary/Pancreas","78.8","Major","Abdominal / GI","Open","Gastric Resection","Malignancy | Primary | Supine","Est.Duration:2-4hr"
"Hepatocellular carcinoma","Extended hemihepatectomy","Hepatic","Videoscopic","Supine","1","Hepatic","73.5","Major","Abdominal / GI","Laparoscopic","Hepatobiliary / Pancreatic Resection","Malignancy | Primary | Supine","Est.Duration:3-6hr"
"Metastatic cancer to the lung left","Metastasectomy","Minor resection","Videoscopic","Left lateral decubitus","1","Minor resection","62.9","Major","Thoracic","Laparoscopic","Other Procedure","Malignancy | Primary | Lateral Decubitus","Est.Duration:1-3hr"
"Gastrointestinal hemorrhage","Small bowel segmental resection","Stomach","Videoscopic","Supine","1","Stomach","63.4","Major","Abdominal / GI","Laparoscopic","Colectomy / Bowel Resection","Benign/Non-malignant | Primary | Supine","Est.Duration:1-3hr"
"Hepatic failure with coma","Liver transplantation","Transplantation","Open","Supine","1","Transplantation","71.2","Major","Abdominal / GI","Open","Hepatobiliary / Pancreatic Resection","Benign/Non-malignant | Primary | Transplant/Reconstruction | Supine","Est.Duration:>6hr"
"Gastric submucosal tumor, benign","Small bowel segmental resection","Stomach","Videoscopic","Supine","1","Stomach","73.6","Major","Abdominal / GI","Laparoscopic","Colectomy / Bowel Resection","Malignancy | Primary | Supine","Est.Duration:1-3hr"
"Metastatic cancer to the abdominal cavity","Excision","Others","Open","Lithotomy","1","PituitaryTSA","63.9","Minor","Neuro / Spine","Open","Other Procedure","Malignancy | Primary | Lithotomy","Est.Duration:1-3hr"
"Cervical cancer, stage 2B","Metastasectomy","Minor resection","Videoscopic","Left lateral decubitus","1","Minor resection","66.7","Major","Thoracic","Laparoscopic","Other Procedure","Malignancy | Primary | Lateral Decubitus","Est.Duration:1-3hr"
"Early gastric cancer","Pylorus preserving gastrectomy","Stomach","Videoscopic","Prone","1","Stomach","78.6","Major","Abdominal / GI","Laparoscopic","Gastric Resection","Malignancy | Primary | Prone","Est.Duration:2-5hr"
"Embolism and thrombosis, vena cava","Resection of inferior vena cava","Vascular","Open","Supine","1","Vascular","72.8","Major","Vascular","Open","Vascular Reconstruction","Benign/Non-malignant | Primary | Supine","Est.Duration:>6hr"
"Bladder disease","Diagnostic laparoscopy","Others","Videoscopic","Supine","1","Others","78.1","Minor","Soft Tissue / Access / Misc","Laparoscopic","Other Procedure","Benign/Non-malignant | Primary | Supine","Est.Duration:2-5hr"
"Bladder cancer","Transurethral resection of bladder tumor","Others","Videoscopic","Lithotomy","1","Minor resection","85.8","Minor","Urology","Laparoscopic","Cystoscopy / TURBT","Malignancy | Primary | Lithotomy","Est.Duration:<2hr"
"Interstitial lung disease","Biopsy","Minor resection","Videoscopic","Left lateral decubitus","1","BiopsyBrain","64.1","Minor","Neuro / Spine","Laparoscopic","Access / Drainage Procedures","Benign/Non-malignant | Primary | Lateral Decubitus","Est.Duration:<2hr"
"Bony mass","Excision","Colorectal","Open","Prone","1","Others","56.1","Minor","Soft Tissue / Access / Misc","Open","Colectomy / Bowel Resection","Benign/Non-malignant | Primary | Prone","Est.Duration:1-3hr"
"Atherosclerosis of lower limb with rest pain","Aortoiliac bypass","Vascular","Open","Supine","1","Vascular","62.3","Major","Vascular","Open","Vascular Reconstruction","Benign/Non-malignant | Primary | Supine","Est.Duration:3-6hr"
"Borderline ovarian tumor unknown stage unspecified side","Exploratory laparotomy","Major resection","Open","Lithotomy","1","Others","51.4","Major","Abdominal / GI","Open","Other Procedure","Malignancy | Primary | Lithotomy","Est.Duration:2-4hr"
"Liposarcoma","Peritoneal mass excision","Others","Videoscopic","Left lateral decubitus","1","Others","70.4","Major","Soft Tissue / Access / Misc","Laparoscopic","Other Procedure","Malignancy | Primary | Lateral Decubitus","Est.Duration:1-3hr"
"Renal cell carcinoma","Excision","Others","Open","Lithotomy","1","CraniTumorSkullBase","70.2","Minor","Neuro / Spine","Open","Craniotomy","Malignancy | Primary | Lithotomy","Est.Duration:1-3hr"
"Inguinal hernianot specified as recurrent","Hernia repair","Colorectal","Open","Supine","1","Colorectal","60.3","Minor","Abdominal / GI","Open","Colectomy / Bowel Resection","Benign/Non-malignant | Revision | Supine","Est.Duration:<2hr"
"Cervical cancer, stage 2B","Ileostomy repair","Colorectal","Open","Supine","1","Colorectal","68.3","Minor","Abdominal / GI","Open","Colectomy / Bowel Resection","Malignancy | Revision | Supine","Est.Duration:<2hr"
"Ovarian cyst, right","Salpingo-oophorectomy","Minor resection","Videoscopic","Supine","1","Minor resection","75.3","Major","Abdominal / GI","Laparoscopic","Other Procedure","Benign/Non-malignant | Primary | Supine","Est.Duration:1-3hr"
"Thymolipoma","Thymectomy","Others","Videoscopic","Supine","1","Others","71.6","Major","Soft Tissue / Access / Misc","Laparoscopic","Thoracic Resection","Benign/Non-malignant | Primary | Supine","Est.Duration:2-5hr"
"Thyroid disease","Thyroid lobectomy","Thyroid","Open","Supine","1","Thyroid","74.8","Major","ENT / Head & Neck","Open","Thyroid / Parathyroid","Benign/Non-malignant | Primary | Supine","Est.Duration:1-3hr"
"Anal stricture","Incision of rectal stricture","Colorectal","Open","Prone","1","Colorectal","73.3","Minor","Abdominal / GI","Open","Colectomy / Bowel Resection","Benign/Non-malignant | Primary | Prone","Est.Duration:<2hr"
"Pelvic abscess","Debridement of wound","Others","Open","Prone","1","Others","77.7","Minor","Soft Tissue / Access / Misc","Open","Other Procedure","Benign/Non-malignant | Primary | Prone","Est.Duration:<2hr"
"Appendix mucocele","Ileocecectomy","Colorectal","Open","Supine","1","Colorectal","69.8","Major","Abdominal / GI","Open","Colectomy / Bowel Resection","Benign/Non-malignant | Primary | Supine","Est.Duration:1-3hr"
"Early gastric cancer","Exploratory laparotomy","Others","Open","Supine","1","Others","74.6","Major","Soft Tissue / Access / Misc","Open","Other Procedure","Malignancy | Primary | Supine","Est.Duration:2-4hr"
"Rectal disease","Excision","Others","Open","Prone","1","CraniTumorSkullBase","68.5","Minor","Neuro / Spine","Open","Craniotomy","Benign/Non-malignant | Primary | Prone","Est.Duration:1-3hr"
"Anal cancer","Liver segmentectomy","Hepatic","Open","Supine","1","Hepatic","79.9","Major","Abdominal / GI","Open","Hepatobiliary / Pancreatic Resection","Malignancy | Primary | Supine","Est.Duration:2-5hr"
"Esophageal cancer","Ivor Lewis operation","Others","Robotic","Supine","1","Others","75.4","Major","Soft Tissue / Access / Misc","Robotic","Other Procedure","Malignancy | Primary | Supine","Est.Duration:>6hr"
"empyema","Empyemectomy","Minor resection","Open","Left lateral decubitus","1","Minor resection","79.2","Major","Thoracic","Open","Other Procedure","Benign/Non-malignant | Primary | Lateral Decubitus","Est.Duration:2-5hr"
"Placenta previa totalis without hemorrhage","Cesarean section","Others","Open","Supine","1","Others","62.1","Major","Abdominal / GI","Open","Other Procedure","Benign/Non-malignant | Primary | Supine","Est.Duration:<2hr"
"Cholangiocarcinoma, extrahepatic","Hepatic hilar resection","Biliary/Pancreas","Open","Supine","1","Biliary/Pancreas","69.7","Major","Abdominal / GI","Open","Hepatobiliary / Pancreatic Resection","Malignancy | Primary | Supine","Est.Duration:2-5hr"
"Epithelial ovarian cancer unknown stage unspecified side","Exploratory laparotomy","Major resection","Open","Left lateral decubitus","1","Others","51.3","Major","Abdominal / GI","Open","Other Procedure","Malignancy | Primary | Lateral Decubitus","Est.Duration:2-4hr"
"Hepatocellular carcinoma","Metastasectomy","Minor resection","Videoscopic","Left lateral decubitus","1","Minor resection","66.7","Major","Thoracic","Laparoscopic","Other Procedure","Malignancy | Primary | Lateral Decubitus","Est.Duration:1-3hr"
"Atherosclerosis obliterans","Femoro-popliteal bypass","Vascular","Open","Supine","1","Vascular","86.2","Major","Vascular","Open","Vascular Reconstruction","Benign/Non-malignant | Primary | Supine","Est.Duration:>6hr"
"Abnormal chest X-ray, lung","Excision","Others","Videoscopic","Right lateral decubitus","1","CraniTumorSkullBase","67.1","Minor","Neuro / Spine","Laparoscopic","Craniotomy","Benign/Non-malignant | Primary | Lateral Decubitus","Est.Duration:1-3hr"
"Squamous cell carcinoma of small intestine","Small bowel segmental resection","Stomach","Videoscopic","Supine","1","Stomach","69.8","Major","Abdominal / GI","Laparoscopic","Colectomy / Bowel Resection","Malignancy | Primary | Supine","Est.Duration:1-3hr"
"Krukenberg tumor right","Oophorectomy","Colorectal","Open","Supine","1","Minor resection","65.8","Major","Abdominal / GI","Open","Colectomy / Bowel Resection","Malignancy | Primary | Supine","Est.Duration:1-3hr"
"Gastrointestinal stromal tumor of jejunum, benign","Small bowel segmental resection","Stomach","Videoscopic","Supine","1","Stomach","68.2","Major","Abdominal / GI","Laparoscopic","Colectomy / Bowel Resection","Malignancy | Primary | Supine","Est.Duration:1-3hr"
"Lymph node metastasis","Regional lymph node dissection","Others","Open","Trendelenburg","1","Others","85.6","Major","Soft Tissue / Access / Misc","Open","Other Procedure","Malignancy | Primary | Trendelenburg","Est.Duration:1-3hr"
"Idiopathic thrombocytopenic purpura","Splenectomy","Biliary/Pancreas","Videoscopic","Supine","1","Biliary/Pancreas","60.2","Major","Abdominal / GI","Laparoscopic","Hepatobiliary / Pancreatic Resection","Benign/Non-malignant | Primary | Supine","Est.Duration:1-3hr"
"Non-small cell lung cancer unspecified side","Lung lobectomy","Major resection","Videoscopic","Left lateral decubitus","1","Major resection","60.6","Major","Thoracic","Laparoscopic","Thoracic Resection","Malignancy | Primary | Lateral Decubitus","Est.Duration:2-4hr"
"Pyoderma gangrenosum","Splenectomy","Biliary/Pancreas","Videoscopic","Supine","1","Biliary/Pancreas","65.9","Major","Abdominal / GI","Laparoscopic","Hepatobiliary / Pancreatic Resection","Benign/Non-malignant | Primary | Supine","Est.Duration:1-3hr"
"Vesicoureteral reflux","Macroplastique injection","Minor resection","Videoscopic","Lithotomy","1","Minor resection","75.1","Minor","Thoracic","Laparoscopic","Other Procedure","Benign/Non-malignant | Primary | Lithotomy","Est.Duration:<2hr"
"Neuroendocrine tumor of pancreas, G1","Distal pancreatectomy","Biliary/Pancreas","Videoscopic","Supine","1","Biliary/Pancreas","67.2","Major","Abdominal / GI","Laparoscopic","Hepatobiliary / Pancreatic Resection","Malignancy | Primary | Supine","Est.Duration:2-4hr"
"Lung cancer left","Lung lobectomy","Major resection","Videoscopic","Supine","1","Major resection","71.5","Major","Thoracic","Laparoscopic","Thoracic Resection","Malignancy | Primary | Supine","Est.Duration:2-4hr"
"Metastatic cancer to the liver","Liver segmentectomy","Hepatic","Videoscopic","Supine","1","Hepatic","68.6","Major","Abdominal / GI","Laparoscopic","Hepatobiliary / Pancreatic Resection","Malignancy | Primary | Supine","Est.Duration:2-5hr"
"Hereditary spherocytosis","Splenectomy","Biliary/Pancreas","Videoscopic","Right lateral decubitus","1","Biliary/Pancreas","63.9","Major","Abdominal / GI","Laparoscopic","Hepatobiliary / Pancreatic Resection","Benign/Non-malignant | Primary | Lateral Decubitus","Est.Duration:1-3hr"
"Biliary stricture","Hemihepatectomy","Hepatic","Videoscopic","Supine","1","Hepatic","71.6","Major","Abdominal / GI","Laparoscopic","Hepatobiliary / Pancreatic Resection","Benign/Non-malignant | Primary | Supine","Est.Duration:3-6hr"
"Atypical endometrial hyperplasia, complex","Hysterectomy","Major resection","Videoscopic","Supine","1","Major resection","59.8","Major","Abdominal / GI","Laparoscopic","Other Procedure","Benign/Non-malignant | Primary | Supine","Est.Duration:1-3hr"
"Appendix mucocele","Ileocecectomy","Colorectal","Open","Supine","1","Colorectal","69.8","Major","Abdominal / GI","Open","Colectomy / Bowel Resection","Benign/Non-malignant | Primary | Supine","Est.Duration:1-3hr"
"Acute appendicitis with peritoneal abscess","Appendectomy","Colorectal","Videoscopic","Supine","1","Colorectal","59.3","Major","Abdominal / GI","Laparoscopic","Colectomy / Bowel Resection","Benign/Non-malignant | Primary | Supine","Est.Duration:<2hr"
"Rectovaginal fistula","Transplantation of gracilis muscle","Colorectal","Open","Prone","1","Colorectal","80.1","Major","Abdominal / GI","Open","Colectomy / Bowel Resection","Benign/Non-malignant | Primary | Transplant/Reconstruction | Prone","Est.Duration:<2hr"
"Ampulla of vater adenoma","Transduodenal ampullectomy","Biliary/Pancreas","Videoscopic","Supine","1","Biliary/Pancreas","74.5","Major","Abdominal / GI","Laparoscopic","Hepatobiliary / Pancreatic Resection","Benign/Non-malignant | Primary | Supine","Est.Duration:2-4hr"
"Cervical cancer unknown stage","Sentinel lymph node mapping","Others","Robotic","Lithotomy","1","Others","64.7","Minor","Abdominal / GI","Robotic","Other Procedure","Malignancy | Primary | Lithotomy","Est.Duration:2-5hr"
"Pulmonary tuberculosis, confirmed by unspecified means with cavitation","Lung lobectomy","Major resection","Videoscopic","Left lateral decubitus","1","Major resection","50.0","Major","Thoracic","Laparoscopic","Thoracic Resection","Benign/Non-malignant | Primary | Lateral Decubitus","Est.Duration:2-4hr"
"Squamous cell carcinoma of lung right","Lung bilobectomy","Major resection","Videoscopic","Left lateral decubitus","1","Major resection","63.4","Major","Thoracic","Laparoscopic","Thoracic Resection","Malignancy | Primary | Lateral Decubitus","Est.Duration:2-5hr"
"Sarcoma","Intra-abdominal arterial bypass graft","Vascular","Open","Supine","1","Vascular","72.7","Major","Vascular","Open","Vascular Reconstruction","Malignancy | Primary | Transplant/Reconstruction | Supine","Est.Duration:1-3hr"
"Colon cancer, hepatic flexure","Anterior resection","Colorectal","Videoscopic","Lithotomy","1","Colorectal","67.9","Major","Abdominal / GI","Laparoscopic","Colectomy / Bowel Resection","Malignancy | Primary | Lithotomy","Est.Duration:1-3hr"
"Esophageal cancer","Feeding jejunostomy","Others","Open","Supine","1","Others","74.7","Minor","Soft Tissue / Access / Misc","Open","Access / Drainage Procedures","Malignancy | Primary | Supine","Est.Duration:1-3hr"
"Neurogenic tumor","Excision","Others","Videoscopic","Right lateral decubitus","1","CraniTumorSkullBase","73.8","Minor","Neuro / Spine","Laparoscopic","Craniotomy","Malignancy | Primary | Lateral Decubitus","Est.Duration:1-3hr"
"Colorectal polyp","Hemicolectomy","Colorectal","Open","Supine","1","Colorectal","70.5","Major","Abdominal / GI","Open","Colectomy / Bowel Resection","Benign/Non-malignant | Primary | Supine","Est.Duration:2-4hr"
"Lymph node metastasis, pelvic","Excision","Others","Open","Lithotomy","1","Others","58.6","Minor","Soft Tissue / Access / Misc","Open","Other Procedure","Malignancy | Primary | Lithotomy","Est.Duration:1-3hr"
"Ductal carcinoma in situ of breast","Breast-conserving surgery","Breast","Open","Supine","1","Breast","56.9","Major","ENT / Head & Neck","Open","Breast Surgery","Malignancy | Primary | Supine","Est.Duration:1-3hr"
"Lymph node metastasis, inguinal","Debulking surgery","Others","Open","Lithotomy","1","Others","66.4","Major","Soft Tissue / Access / Misc","Open","Other Procedure","Malignancy | Primary | Lithotomy","Est.Duration:2-5hr"
"Atherosclerosis obliterans","Embolectomy","Vascular","Open","Supine","1","Vascular","63.1","Major","Vascular","Open","Vascular Reconstruction","Benign/Non-malignant | Primary | Supine","Est.Duration:2-4hr"
"Gallbladder stonewithout obstruction","Cholecystectomy","Biliary/Pancreas","Videoscopic","Reverse Trendelenburg","1","Biliary/Pancreas","63.0","Major","Abdominal / GI","Laparoscopic","Cystoscopy / TURBT","Benign/Non-malignant | Primary | Trendelenburg","Est.Duration:<2hr"
"Colorectal cancer","Extended hemicolectomy","Colorectal","Videoscopic","Supine","1","Colorectal","76.6","Major","Abdominal / GI","Laparoscopic","Colectomy / Bowel Resection","Malignancy | Primary | Supine","Est.Duration:1-3hr"
"Solitary pulmonary nodule","Lung sgmentectomy","Minor resection","Videoscopic","Right lateral decubitus","1","Minor resection","68.6","Major","Thoracic","Laparoscopic","Thoracic Resection","Benign/Non-malignant | Primary | Lateral Decubitus","Est.Duration:2-4hr"
"Ileus","Exploratory laparotomy","Others","Open","Lithotomy","1","Others","88.9","Major","Soft Tissue / Access / Misc","Open","Other Procedure","Benign/Non-malignant | Primary | Lithotomy","Est.Duration:2-4hr"
"End stage renal disease","Endovascular aneurysmal repair","Vascular","Open","Supine","1","Vascular","76.9","Major","Vascular","Open","Vascular Reconstruction","Benign/Non-malignant | Revision | Supine","Est.Duration:2-5hr"
"Unclassified epithelial ovarian cancer unspecified side","Ileostomy","Colorectal","Open","Lithotomy","1","CraniEpilepsy","52.4","Major","Neuro / Spine","Open","Colectomy / Bowel Resection","Malignancy | Primary | Lithotomy","Est.Duration:1-3hr"
"Hepatocellular carcinoma","Gastrostomy","Stomach","Open","Supine","1","Stomach","63.9","Major","Abdominal / GI","Open","Gastric Resection","Malignancy | Primary | Supine","Est.Duration:<2hr"
"Acute myeloid leukemia","Incision and drainage","Colorectal","Open","Prone","1","Others","72.8","Minor","Soft Tissue / Access / Misc","Open","Colectomy / Bowel Resection","Benign/Non-malignant | Primary | Prone","Est.Duration:<2hr"
"Lipoma","Excision","Others","Open","Supine","1","Others","75.7","Minor","Soft Tissue / Access / Misc","Open","Other Procedure","Benign/Non-malignant | Primary | Supine","Est.Duration:1-3hr"
"Crohn's disease unspecified","Small bowel segmental resection","Stomach","Videoscopic","Lithotomy","1","Stomach","75.3","Major","Abdominal / GI","Laparoscopic","Colectomy / Bowel Resection","Benign/Non-malignant | Primary | Lithotomy","Est.Duration:1-3hr"
"Osteosarcoma of bone of limb","Closure of wound","Others","Open","Right lateral decubitus","1","Others","66.5","Minor","Soft Tissue / Access / Misc","Open","Other Procedure","Malignancy | Primary | Lateral Decubitus","Est.Duration:<2hr"
"Gastrointestinal stromal tumor","Gastric wedge resection","Stomach","Videoscopic","Supine","1","Stomach","70.1","Major","Abdominal / GI","Laparoscopic","Gastric Resection","Malignancy | Primary | Supine","Est.Duration:1-3hr"
"Malignant peripheral nerve sheath tumor","Excision","Others","Videoscopic","Right lateral decubitus","1","PituitaryTSA","61.9","Minor","Neuro / Spine","Laparoscopic","Other Procedure","Malignancy | Primary | Lateral Decubitus","Est.Duration:1-3hr"
"Colon cancer, sigmoid","Adhesiolysis","Others","Open","Supine","1","Others","66.9","Major","Soft Tissue / Access / Misc","Open","Other Procedure","Malignancy | Primary | Supine","Est.Duration:1-3hr"
"Benign neoplasm of carotid body","Endarterectomy","Vascular","Open","Supine","1","Carotid","71.2","Major","Vascular","Open","Vascular Reconstruction","Malignancy | Primary | Supine","Est.Duration:2-5hr"
"Lung cancer right","Metastasectomy","Minor resection","Videoscopic","Left lateral decubitus","1","Minor resection","70.8","Major","Thoracic","Laparoscopic","Other Procedure","Malignancy | Primary | Lateral Decubitus","Est.Duration:1-3hr"
"Colon cancer, rectosigmoid","Low anterior resection","Colorectal","Open","Sitting","1","Colorectal","71.8","Major","Abdominal / GI","Open","Colectomy / Bowel Resection","Malignancy | Primary | Sitting","Est.Duration:2-4hr"
"Kidney transplant status","Closure of wound","Others","Open","Supine","1","Others","68.3","Minor","Soft Tissue / Access / Misc","Open","Other Procedure","Benign/Non-malignant | Primary | Supine","Est.Duration:<2hr"
"Xanthogranulomatous cholecystitis","Cholecystectomy","Biliary/Pancreas","Videoscopic","Supine","1","Biliary/Pancreas","63.9","Major","Abdominal / GI","Laparoscopic","Cystoscopy / TURBT","Benign/Non-malignant | Primary | Supine","Est.Duration:<2hr"
"Intraductal papillary mucinous neoplasm of pancreas, high grade dysplasia","Distal pancreatectomy","Biliary/Pancreas","Open","Supine","1","Biliary/Pancreas","50.7","Major","Abdominal / GI","Open","Hepatobiliary / Pancreatic Resection","Malignancy | Primary | Supine","Est.Duration:2-4hr"
"Neoplasm of appendix, uncertain behavior","Ileocecectomy","Colorectal","Videoscopic","Lithotomy","1","Colorectal","60.8","Major","Abdominal / GI","Laparoscopic","Colectomy / Bowel Resection","Malignancy | Primary | Lithotomy","Est.Duration:1-3hr"
"Adenocarcinoma of lung","Lung lobectomy","Major resection","Videoscopic","Right lateral decubitus","1","Major resection","67.7","Major","Thoracic","Laparoscopic","Thoracic Resection","Malignancy | Primary | Lateral Decubitus","Est.Duration:2-4hr"
"Intraductal papilloma of breast unspecified side","Wide excision","Others","Open","Supine","1","Others","58.9","Minor","Soft Tissue / Access / Misc","Open","Other Procedure","Benign/Non-malignant | Primary | Supine","Est.Duration:<2hr"
"Colon cancer, descending","subtotal colectomy","Colorectal","Open","Supine","1","Colorectal","70.3","Major","Abdominal / GI","Open","Colectomy / Bowel Resection","Malignancy | Primary | Supine","Est.Duration:2-4hr"
"Neurofibroma","Excision","Others","Videoscopic","Left lateral decubitus","1","CraniTumorSkullBase","74.7","Minor","Neuro / Spine","Laparoscopic","Craniotomy","Benign/Non-malignant | Primary | Lateral Decubitus","Est.Duration:1-3hr"
"Pancreatic disease","Central pancreatectomy","Biliary/Pancreas","Open","Supine","1","Biliary/Pancreas","75.9","Major","Abdominal / GI","Open","Hepatobiliary / Pancreatic Resection","Benign/Non-malignant | Primary | Supine","Est.Duration:2-4hr"
"Squamous cell carcinoma of lung right","Lung bilobectomy","Major resection","Open","Left lateral decubitus","1","Major resection","63.4","Major","Thoracic","Open","Thoracic Resection","Malignancy | Primary | Lateral Decubitus","Est.Duration:2-5hr"
"Hydronephrosis with ureteropelvic junction obstruction","Pyeloplasty","Minor resection","Robotic","Left lateral decubitus","1","ElectrodeLeadPlacement","55.9","Major","Neuro / Spine","Robotic","Other Procedure","Benign/Non-malignant | Primary | Lateral Decubitus","Est.Duration:2-4hr"
"Intraductal papillary mucinous neoplasm of pancreas, benign","Pylorus preserving pancreaticoduodenectomy","Biliary/Pancreas","Robotic","Supine","1","Biliary/Pancreas","53.0","Major","Abdominal / GI","Robotic","Hepatobiliary / Pancreatic Resection","Malignancy | Primary | Supine","Est.Duration:>6hr"
"Constrictive pericarditis","Pericardial window operation","Others","Open","Supine","1","Others","75.0","Major","Soft Tissue / Access / Misc","Open","Other Procedure","Benign/Non-malignant | Primary | Supine","Est.Duration:1-3hr"
"Rectal cancer","Lung wedge resection","Minor resection","Videoscopic","Left lateral decubitus","1","Minor resection","78.6","Major","Thoracic","Laparoscopic","Thoracic Resection","Malignancy | Primary | Lateral Decubitus","Est.Duration:2-4hr"
"Aneurysm, abdominal aorta","Hernia repair","Colorectal","Open","Supine","1","Colorectal","65.8","Minor","Abdominal / GI","Open","Colectomy / Bowel Resection","Benign/Non-malignant | Revision | Supine","Est.Duration:<2hr"
"Gallbladder cancer","Exploratory laparotomy","Others","Open","Supine","1","Others","75.9","Major","Soft Tissue / Access / Misc","Open","Other Procedure","Malignancy | Primary | Supine","Est.Duration:2-4hr"
"Advanced gastric cancer","Remnant total gastrectomy","Stomach","Open","Supine","1","Stomach","74.5","Major","Abdominal / GI","Open","Gastric Resection","Malignancy | Revision | Supine","Est.Duration:2-5hr"
"Ductal carcinoma in situ of breast unspecified side","Wide excision","Others","Open","Supine","1","PumpSCSPlacementRevision","52.5","Minor","Neuro / Spine","Open","Other Procedure","Malignancy | Primary | Supine","Est.Duration:<2hr"
"Diverticulosis of large intestine with perforation and abscess without bleeding","Hartmann procedure","Colorectal","Open","Lithotomy","1","Colorectal","50.2","Major","Abdominal / GI","Open","Colectomy / Bowel Resection","Benign/Non-malignant | Primary | Lithotomy","Est.Duration:2-4hr"
"Adenocarcinoma of bladder","Partial cystectomy","Major resection","Robotic","Lithotomy","1","Major resection","69.3","Major","Urology","Robotic","Cystoscopy / TURBT","Malignancy | Primary | Lithotomy","Est.Duration:2-4hr"
"Ground-glass opacity","Lung wedge resection","Minor resection","Videoscopic","Supine","1","Minor resection","73.4","Major","Thoracic","Laparoscopic","Thoracic Resection","Benign/Non-malignant | Primary | Supine","Est.Duration:2-4hr"
"Ground glass opacity","Lung wedge resection","Minor resection","Videoscopic","Supine","1","Minor resection","73.4","Major","Thoracic","Laparoscopic","Thoracic Resection","Benign/Non-malignant | Primary | Supine","Est.Duration:2-4hr"
"Stomach cancer unspecified","Total gastrectomy","Stomach","Videoscopic","Supine","1","Stomach","68.1","Major","Abdominal / GI","Laparoscopic","Gastric Resection","Malignancy | Primary | Supine","Est.Duration:2-5hr"
"Arteriovenous fistula, traumatic","Arteriovenous graft","Vascular","Open","Supine","1","Vascular","96.3","Major","Vascular","Open","Vascular Reconstruction","Benign/Non-malignant | Primary | Supine","Est.Duration:2-4hr"
"Colon cancer, ascending","Hemicolectomy","Colorectal","Open","Trendelenburg","1","Colorectal","66.8","Major","Abdominal / GI","Open","Colectomy / Bowel Resection","Malignancy | Primary | Trendelenburg","Est.Duration:2-4hr"
"Intussusception","Ileocecectomy","Colorectal","Videoscopic","Supine","1","Colorectal","71.3","Major","Abdominal / GI","Laparoscopic","Colectomy / Bowel Resection","Benign/Non-malignant | Primary | Supine","Est.Duration:1-3hr"
"Rectal cancer","Transanal endoscopic microsurgery","Colorectal","Open","Left lateral decubitus","1","Colorectal","59.7","Minor","Abdominal / GI","Open","Colectomy / Bowel Resection","Malignancy | Primary | Lateral Decubitus","Est.Duration:1-3hr"
"sigmoid colon cancer","Lung lobectomy","Major resection","Videoscopic","Right lateral decubitus","1","Major resection","68.8","Major","Thoracic","Laparoscopic","Thoracic Resection","Malignancy | Primary | Lateral Decubitus","Est.Duration:2-4hr"
"Colon cancer, sigmoid","Hemicolectomy","Colorectal","Open","Lithotomy","1","Colorectal","67.9","Major","Abdominal / GI","Open","Colectomy / Bowel Resection","Malignancy | Primary | Lithotomy","Est.Duration:2-4hr"
"chronic renal failure","Kidney transplantation","Transplantation","Open","Supine","1","Transplantation","63.0","Major","Urology","Open","Transplant / Major Reconstruction","Benign/Non-malignant | Primary | Transplant/Reconstruction | Supine","Est.Duration:3-6hr"
"Carcinoid tumor of bronchus unspecified side","Rigid bronchoscopic excision","Others","Videoscopic","Supine","1","Others","67.9","Minor","Soft Tissue / Access / Misc","Laparoscopic","Other Procedure","Malignancy | Primary | Supine","Est.Duration:<2hr"
"Symptomatic gallbladder stone without obstruction","Cholecystectomy","Biliary/Pancreas","Videoscopic","Lithotomy","1","Biliary/Pancreas","62.8","Major","Abdominal / GI","Laparoscopic","Cystoscopy / TURBT","Benign/Non-malignant | Primary | Lithotomy","Est.Duration:<2hr"
"Twin pregnancy","McDonald operation","Others","Open","Lithotomy","1","Others","76.4","Major","Soft Tissue / Access / Misc","Open","Other Procedure","Benign/Non-malignant | Primary | Lithotomy","Est.Duration:<2hr"
"Hepatocellular adenoma","Liver sectionectomy","Hepatic","Videoscopic","Supine","1","Hepatic","71.5","Major","Abdominal / GI","Laparoscopic","Hepatobiliary / Pancreatic Resection","Benign/Non-malignant | Primary | Supine","Est.Duration:2-5hr"
"Gastrointestinal stromal tumor of rectum, malignant","Transanal endoscopic microsurgery","Colorectal","Open","Prone","1","Colorectal","52.7","Minor","Abdominal / GI","Open","Colectomy / Bowel Resection","Malignancy | Primary | Prone","Est.Duration:1-3hr"
"Epithelial ovarian cancer unknown stage unspecified side","Debulking surgery","Major resection","Open","Supine","1","Others","50.8","Major","Abdominal / GI","Open","Other Procedure","Malignancy | Primary | Supine","Est.Duration:2-5hr"
"Ventral hernia","Hernia repair","Colorectal","Open","Supine","1","Colorectal","72.1","Minor","Abdominal / GI","Open","Colectomy / Bowel Resection","Benign/Non-malignant | Revision | Supine","Est.Duration:<2hr"
"Autosomal dominant polycystic kidney disease","Liver transplantation","Transplantation","Open","Supine","1","Transplantation","63.6","Major","Abdominal / GI","Open","Hepatobiliary / Pancreatic Resection","Benign/Non-malignant | Primary | Transplant/Reconstruction | Supine","Est.Duration:>6hr"
"Crohn's disease moderate","Fistulectomy","Colorectal","Open","Prone","1","Colorectal","64.9","Major","Abdominal / GI","Open","Colectomy / Bowel Resection","Benign/Non-malignant | Primary | Prone","Est.Duration:<2hr"
"Colon cancer, descending","Hemicolectomy","Colorectal","Videoscopic","Supine","1","Colorectal","66.3","Major","Abdominal / GI","Laparoscopic","Colectomy / Bowel Resection","Malignancy | Primary | Supine","Est.Duration:2-4hr"
"Cecal cancer","Debulking surgery","Others","Open","Supine","1","Others","77.5","Major","Soft Tissue / Access / Misc","Open","Other Procedure","Malignancy | Primary | Supine","Est.Duration:2-5hr"
"Anal fistula","Fistulectomy","Colorectal","Open","Lithotomy","1","Colorectal","73.0","Major","Abdominal / GI","Open","Colectomy / Bowel Resection","Benign/Non-malignant | Primary | Lithotomy","Est.Duration:<2hr"
"Colon cancer","Hemicolectomy","Colorectal","Open","Reverse Trendelenburg","1","Colorectal","74.0","Major","Abdominal / GI","Open","Colectomy / Bowel Resection","Malignancy | Primary | Trendelenburg","Est.Duration:2-4hr"
"Atherosclerosis obliterans without gangrene","Embolectomy","Vascular","Open","Supine","1","Vascular","58.4","Major","Vascular","Open","Vascular Reconstruction","Benign/Non-malignant | Primary | Supine","Est.Duration:2-4hr"
"Esophageal cancer","Radical excision of cervical lymph nodes","Others","Open","Supine","1","Others","73.7","Major","Soft Tissue / Access / Misc","Open","Other Procedure","Malignancy | Primary | Supine","Est.Duration:1-3hr"
"thyroid nodule","Excision","Others","Open","Supine","1","CraniTumorSkullBase","71.2","Minor","Neuro / Spine","Open","Craniotomy","Benign/Non-malignant | Primary | Supine","Est.Duration:1-3hr"
"Inguinal hernia not specified as recurrent","Hernia repair","Colorectal","Open","Trendelenburg","1","Colorectal","60.1","Minor","Abdominal / GI","Open","Colectomy / Bowel Resection","Benign/Non-malignant | Revision | Trendelenburg","Est.Duration:<2hr"
"Hemoperitoneum","Exploratory laparotomy","Others","Open","Supine","1","Others","78.9","Major","Soft Tissue / Access / Misc","Open","Other Procedure","Benign/Non-malignant | Primary | Supine","Est.Duration:2-4hr"
"Malignant neoplasm of ileocecal valve","Hemicolectomy","Colorectal","Open","Supine","1","Colorectal","61.3","Major","Abdominal / GI","Open","Colectomy / Bowel Resection","Malignancy | Primary | Supine","Est.Duration:2-4hr"
"Ovarian cancer","Ileostomy repair","Colorectal","Open","Supine","1","Colorectal","74.8","Minor","Abdominal / GI","Open","Colectomy / Bowel Resection","Malignancy | Revision | Supine","Est.Duration:<2hr"
"fulminant hepatitis","Liver transplantation","Transplantation","Open","Supine","1","Transplantation","74.6","Major","Abdominal / GI","Open","Hepatobiliary / Pancreatic Resection","Benign/Non-malignant | Primary | Transplant/Reconstruction | Supine","Est.Duration:>6hr"
"Peritonei carcinomatosis","Biopsy","Others","Open","Supine","1","BiopsyBrain","66.0","Minor","Neuro / Spine","Open","Access / Drainage Procedures","Malignancy | Primary | Supine","Est.Duration:<2hr"
"Gastric submucosal tumor, unknown behavior","Lung wedge resection","Stomach","Open","Supine","1","Minor resection","64.8","Major","Thoracic","Open","Gastric Resection","Malignancy | Primary | Supine","Est.Duration:2-4hr"
"Pancreatic disease","Pancreaticoduodenectomy","Biliary/Pancreas","Open","Supine","1","Biliary/Pancreas","76.5","Major","Abdominal / GI","Open","Hepatobiliary / Pancreatic Resection","Benign/Non-malignant | Primary | Supine","Est.Duration:>6hr"
"Colorectal polyp","Hemicolectomy","Colorectal","Open","Lithotomy","1","Colorectal","70.5","Major","Abdominal / GI","Open","Colectomy / Bowel Resection","Benign/Non-malignant | Primary | Lithotomy","Est.Duration:2-4hr"
"Intestinal perforation","Anterior resection","Colorectal","Open","Lithotomy","1","Colorectal","56.4","Major","Abdominal / GI","Open","Colectomy / Bowel Resection","Benign/Non-malignant | Primary | Lithotomy","Est.Duration:1-3hr"
"Cervical cancer unknown stage","Colostomy","Colorectal","Open","Supine","1","Colorectal","63.6","Major","Abdominal / GI","Open","Colectomy / Bowel Resection","Malignancy | Primary | Supine","Est.Duration:<2hr"
"Colon cancer, sigmoid","Anterior resection","Colorectal","Videoscopic","Left lateral decubitus","1","Colorectal","72.0","Major","Abdominal / GI","Laparoscopic","Colectomy / Bowel Resection","Malignancy | Primary | Lateral Decubitus","Est.Duration:1-3hr"
"Malignant thymoma","Thymectomy","Others","Open","Supine","1","Others","66.6","Major","Soft Tissue / Access / Misc","Open","Thoracic Resection","Malignancy | Primary | Supine","Est.Duration:2-5hr"
"Lung cancer right","Lung sgmentectomy","Minor resection","Videoscopic","Right lateral decubitus","1","Minor resection","73.3","Major","Thoracic","Laparoscopic","Thoracic Resection","Malignancy | Primary | Lateral Decubitus","Est.Duration:2-4hr"
"Colon cancer","Hartmann procedure","Colorectal","Open","Supine","1","Colorectal","78.2","Major","Abdominal / GI","Open","Colectomy / Bowel Resection","Malignancy | Primary | Supine","Est.Duration:2-4hr"
"Breast cancer left","Breast-conserving surgery","Breast","Open","Right lateral decubitus","1","Breast","77.5","Major","ENT / Head & Neck","Open","Breast Surgery","Malignancy | Primary | Lateral Decubitus","Est.Duration:1-3hr"
"Obesity in diabetes","Subtotal gastrectomy","Stomach","Open","Supine","1","Stomach","63.4","Major","Abdominal / GI","Open","Gastric Resection","Benign/Non-malignant | Primary | Supine","Est.Duration:2-5hr"
"Perianal abscess","Incision and drainage","Colorectal","Open","Lithotomy","1","Others","76.7","Minor","Soft Tissue / Access / Misc","Open","Colectomy / Bowel Resection","Benign/Non-malignant | Primary | Lithotomy","Est.Duration:<2hr"
"Endometrial cancer, stage 1A","Pelvic tumorectomy","Major resection","Robotic","Lithotomy","1","Major resection","68.3","Major","Abdominal / GI","Robotic","Other Procedure","Malignancy | Primary | Lithotomy","Est.Duration:2-5hr"
"Lymphoproliferative disorder","Axillary lymph node dissection","Breast","Open","Supine","1","Breast","74.4","Major","ENT / Head & Neck","Open","Breast Surgery","Benign/Non-malignant | Primary | Supine","Est.Duration:<2hr"
"Lung cancer unspecified side","Lung wedge resection","Minor resection","Videoscopic","Left lateral decubitus","1","Minor resection","69.2","Major","Thoracic","Laparoscopic","Thoracic Resection","Malignancy | Primary | Lateral Decubitus","Est.Duration:2-4hr"
"Colon cancer","Exploratory laparotomy","Others","Open","Lithotomy","1","Others","80.7","Major","Soft Tissue / Access / Misc","Open","Other Procedure","Malignancy | Primary | Lithotomy","Est.Duration:2-4hr"
"Choledochal cyst","Liver transplantation","Transplantation","Open","Supine","1","Transplantation","76.7","Major","Abdominal / GI","Open","Hepatobiliary / Pancreatic Resection","Benign/Non-malignant | Primary | Transplant/Reconstruction | Supine","Est.Duration:>6hr"
"Intestinal fistula","Exploratory laparotomy","Others","Open","Supine","1","Others","75.9","Major","Soft Tissue / Access / Misc","Open","Other Procedure","Benign/Non-malignant | Primary | Supine","Est.Duration:2-4hr"
"End stage renal disease","Bleeding control","Vascular","Open","Supine","1","Others","68.8","Minor","Soft Tissue / Access / Misc","Open","Vascular Reconstruction","Benign/Non-malignant | Primary | Supine","Est.Duration:1-3hr"
"Pancreatic ductal carcinoma","Distal pancreatectomy","Biliary/Pancreas","Open","Supine","1","Biliary/Pancreas","70.3","Major","Abdominal / GI","Open","Hepatobiliary / Pancreatic Resection","Malignancy | Primary | Supine","Est.Duration:2-4hr"
"Rectal cancer","Hartmann procedure","Colorectal","Open","Lithotomy","1","Colorectal","77.3","Major","Abdominal / GI","Open","Colectomy / Bowel Resection","Malignancy | Primary | Lithotomy","Est.Duration:2-4hr"
"Pelvic mass","Excision","Minor resection","Videoscopic","Lithotomy","1","CraniTumorSkullBase","69.9","Minor","Neuro / Spine","Laparoscopic","Craniotomy","Benign/Non-malignant | Primary | Lithotomy","Est.Duration:1-3hr"
"Metastatic cancer to the lung right","Lung lobectomy","Major resection","Videoscopic","Left lateral decubitus","1","Major resection","62.6","Major","Thoracic","Laparoscopic","Thoracic Resection","Malignancy | Primary | Lateral Decubitus","Est.Duration:2-4hr"
"Osteoarthritis multiple site","Ileostomy repair","Colorectal","Open","Supine","1","Colorectal","66.5","Minor","Abdominal / GI","Open","Colectomy / Bowel Resection","Benign/Non-malignant | Revision | Supine","Est.Duration:<2hr"
"Neuroendocrine tumor of rectum, G1","Exploratory laparotomy","Others","Open","Lithotomy","1","Others","68.4","Major","Soft Tissue / Access / Misc","Open","Other Procedure","Malignancy | Primary | Lithotomy","Est.Duration:2-4hr"
"Common bile duct stonewithout obstruction","Choledochoscopic bile duct stone removal","Biliary/Pancreas","Videoscopic","Supine","1","Biliary/Pancreas","63.4","Major","Abdominal / GI","Laparoscopic","Hepatobiliary / Pancreatic Resection","Benign/Non-malignant | Primary | Supine","Est.Duration:<2hr"
"Giant bullae of lung","Lung wedge resection","Minor resection","Videoscopic","Left lateral decubitus","1","Minor resection","73.4","Major","Thoracic","Laparoscopic","Thoracic Resection","Benign/Non-malignant | Primary | Lateral Decubitus","Est.Duration:2-4hr"
"Gallbladder stonewithout obstruction","Choledochoscopic bile duct stone removal","Biliary/Pancreas","Videoscopic","Supine","1","Biliary/Pancreas","75.0","Major","Abdominal / GI","Laparoscopic","Hepatobiliary / Pancreatic Resection","Benign/Non-malignant | Primary | Supine","Est.Duration:<2hr"
"Colon cancer, rectosigmoid","Hartmann procedure","Colorectal","Open","Supine","1","Colorectal","69.3","Major","Abdominal / GI","Open","Colectomy / Bowel Resection","Malignancy | Primary | Supine","Est.Duration:2-4hr"
"Colon cancer, sigmoid","subtotal colectomy","Colorectal","Open","Supine","1","Colorectal","72.0","Major","Abdominal / GI","Open","Colectomy / Bowel Resection","Malignancy | Primary | Supine","Est.Duration:2-4hr"
"Rectovaginal fistula","Ileostomy","Colorectal","Open","Supine","1","Colorectal","70.8","Major","Abdominal / GI","Open","Colectomy / Bowel Resection","Benign/Non-malignant | Primary | Supine","Est.Duration:1-3hr"
"Abdominal compartment syndrome","Exploratory laparotomy","Others","Open","Supine","1","Others","69.6","Major","Soft Tissue / Access / Misc","Open","Other Procedure","Benign/Non-malignant | Primary | Supine","Est.Duration:2-4hr"
"Malignant neoplasm of unknown primary site","Excision","Others","Videoscopic","Left lateral decubitus","1","PituitaryTSA","61.3","Minor","Neuro / Spine","Laparoscopic","Other Procedure","Malignancy | Primary | Lateral Decubitus","Est.Duration:1-3hr"
"Thyroid nodule","Modified radical neck dissection","Others","Open","Supine","1","Others","77.9","Major","ENT / Head & Neck","Open","Thyroid / Parathyroid","Benign/Non-malignant | Primary | Supine","Est.Duration:1-3hr"
"Colorectal cancer","Metastasectomy","Minor resection","Videoscopic","Left lateral decubitus","1","Minor resection","70.8","Major","Thoracic","Laparoscopic","Other Procedure","Malignancy | Primary | Lateral Decubitus","Est.Duration:1-3hr"
"Abscess of other site","Incision and drainage","Others","Open","Supine","1","Others","73.4","Minor","Soft Tissue / Access / Misc","Open","Access / Drainage Procedures","Benign/Non-malignant | Primary | Supine","Est.Duration:<2hr"
"Hepatocellular carcinoma","Hernia repair","Colorectal","Open","Supine","1","Colorectal","65.8","Minor","Abdominal / GI","Open","Colectomy / Bowel Resection","Malignancy | Revision | Supine","Est.Duration:<2hr"
"Solitary pulmonary nodule","Biopsy","Minor resection","Videoscopic","Right lateral decubitus","1","BiopsyBrain","63.6","Minor","Neuro / Spine","Laparoscopic","Access / Drainage Procedures","Benign/Non-malignant | Primary | Lateral Decubitus","Est.Duration:<2hr"
"Constipation","Anterior resection","Colorectal","Videoscopic","Lithotomy","1","Colorectal","56.4","Major","Abdominal / GI","Laparoscopic","Colectomy / Bowel Resection","Benign/Non-malignant | Primary | Lithotomy","Est.Duration:1-3hr"
"Acute appendicitis","Appendectomy","Colorectal","Videoscopic","Trendelenburg","1","Colorectal","68.1","Major","Abdominal / GI","Laparoscopic","Colectomy / Bowel Resection","Benign/Non-malignant | Primary | Trendelenburg","Est.Duration:<2hr"
"Coronary atherosclerosis","Excision","Others","Open","Supine","1","CraniTumorSkullBase","67.5","Minor","Neuro / Spine","Open","Craniotomy","Benign/Non-malignant | Primary | Supine","Est.Duration:1-3hr"
"Injury of bile duct without open wound into peritoneal cavity","Bile duct anastomosis","Biliary/Pancreas","Open","Supine","1","Biliary/Pancreas","67.8","Major","Abdominal / GI","Open","Hepatobiliary / Pancreatic Resection","Benign/Non-malignant | Primary | Supine","Est.Duration:3-6hr"
"Stomach cancer early","Incisional hernia repair","Colorectal","Videoscopic","Supine","1","Colorectal","75.7","Minor","Abdominal / GI","Laparoscopic","Colectomy / Bowel Resection","Malignancy | Revision | Supine","Est.Duration:<2hr"
"Infiltrating ductal carcinoma of breast right","Metastasectomy","Minor resection","Videoscopic","Left lateral decubitus","1","Minor resection","60.1","Major","Thoracic","Laparoscopic","Other Procedure","Malignancy | Primary | Lateral Decubitus","Est.Duration:1-3hr"
"Gallbladder cancer","Radical cholecystectomy","Biliary/Pancreas","Open","Supine","1","Biliary/Pancreas","76.5","Major","Abdominal / GI","Open","Cystoscopy / TURBT","Malignancy | Primary | Supine","Est.Duration:3-6hr"
"Lymphoma","Exploration of wound","Others","Open","Supine","1","Others","56.0","Minor","Soft Tissue / Access / Misc","Open","Other Procedure","Malignancy | Primary | Supine","Est.Duration:1-3hr"
"Embolism and thrombosis, femoral artery","Arteriovenous fistula thrombectomy","Vascular","Open","Supine","1","Vascular","72.2","Major","Vascular","Open","Vascular Reconstruction","Benign/Non-malignant | Primary | Supine","Est.Duration:2-4hr"
"Pneumothorax","Bullectomy","Minor resection","Videoscopic","Right lateral decubitus","1","Minor resection","70.6","Minor","Thoracic","Laparoscopic","Other Procedure","Benign/Non-malignant | Primary | Lateral Decubitus","Est.Duration:<2hr"
"Early gastric cancer","Proximal gastrectomy","Stomach","Videoscopic","Reverse Trendelenburg","1","Stomach","73.4","Major","Abdominal / GI","Laparoscopic","Gastric Resection","Malignancy | Primary | Trendelenburg","Est.Duration:3-6hr"
"Early gastric cancer","Removal of foreign body","Others","Videoscopic","Supine","1","Others","75.2","Minor","Soft Tissue / Access / Misc","Laparoscopic","Access / Drainage Procedures","Malignancy | Primary | Supine","Est.Duration:<2hr"
"Cutaneous abscess of inguinal","Removal of foreign body","Others","Open","Supine","1","Others","70.6","Minor","Soft Tissue / Access / Misc","Open","Access / Drainage Procedures","Benign/Non-malignant | Primary | Supine","Est.Duration:<2hr"
"Neuroendocrine tumor of rectum, G1","Transanal excision","Colorectal","Open","Lithotomy","1","Colorectal","66.0","Minor","Abdominal / GI","Open","Colectomy / Bowel Resection","Malignancy | Primary | Lithotomy","Est.Duration:<2hr"
"Hirschsprung's disease","Ileostomy repair","Colorectal","Open","Supine","1","Colorectal","69.3","Minor","Abdominal / GI","Open","Colectomy / Bowel Resection","Benign/Non-malignant | Revision | Supine","Est.Duration:<2hr"
"Malignant neoplasm of colon, descending","Hemicolectomy","Colorectal","Open","Lithotomy","1","Colorectal","61.0","Major","Abdominal / GI","Open","Colectomy / Bowel Resection","Malignancy | Primary | Lithotomy","Est.Duration:2-4hr"
"Colon cancer, sigmoid","Excision","Others","Open","Lithotomy","1","CraniTumorSkullBase","71.5","Minor","Neuro / Spine","Open","Craniotomy","Malignancy | Primary | Lithotomy","Est.Duration:1-3hr"
"Myoma uteri","Myomectomy","Minor resection","Open","Supine","1","Minor resection","71.6","Major","Abdominal / GI","Open","Other Procedure","Benign/Non-malignant | Primary | Supine","Est.Duration:2-4hr"
"Infiltrating ductal carcinoma of breast left","Lung wedge resection","Minor resection","Videoscopic","Left lateral decubitus","1","Minor resection","64.0","Major","Thoracic","Laparoscopic","Thoracic Resection","Malignancy | Primary | Lateral Decubitus","Est.Duration:2-4hr"
"Metastatic sarcoma to the lung unspecified side","Metastasectomy","Minor resection","Videoscopic","Left lateral decubitus","1","Minor resection","59.7","Major","Thoracic","Laparoscopic","Other Procedure","Malignancy | Primary | Lateral Decubitus","Est.Duration:1-3hr"
"Gastrointestinal stromal tumor of stomach, malignant unspecified","Lung wedge resection","Stomach","Open","Supine","1","Minor resection","50.9","Major","Thoracic","Open","Gastric Resection","Malignancy | Primary | Supine","Est.Duration:2-4hr"
"Atypical lobular hyperplasia, breast","Excision","Breast","Open","Supine","1","PituitaryTSA","64.5","Minor","Neuro / Spine","Open","Breast Surgery","Benign/Non-malignant | Primary | Supine","Est.Duration:1-3hr"
"Atherosclerosis obliterans without gangrene","Femoro-femoral bypass","Vascular","Open","Supine","1","Vascular","64.8","Major","Vascular","Open","Vascular Reconstruction","Benign/Non-malignant | Primary | Supine","Est.Duration:2-4hr"
"Abnormal chest CT, lung","Metastasectomy","Minor resection","Open","Right lateral decubitus","1","Minor resection","67.7","Major","Thoracic","Open","Other Procedure","Benign/Non-malignant | Primary | Lateral Decubitus","Est.Duration:1-3hr"
"Cervical intraepithelial neoplasia, grade","Total hysterectomy","Major resection","Robotic","Lithotomy","1","Major resection","63.9","Major","Abdominal / GI","Robotic","Other Procedure","Benign/Non-malignant | Primary | Lithotomy","Est.Duration:2-4hr"
"Infected aneurysm","Vessel graft","Vascular","Open","Supine","1","Vascular","68.8","Major","Vascular","Open","Vascular Reconstruction","Benign/Non-malignant | Primary | Supine","Est.Duration:2-5hr"
"Intraductal carcinoma in situ of breast right","Simple mastectomy","Breast","Open","Supine","1","Breast","56.9","Major","ENT / Head & Neck","Open","Breast Surgery","Malignancy | Primary | Supine","Est.Duration:1-3hr"
"Rectal cancer","Hernia repair","Colorectal","Open","Lithotomy","1","Colorectal","73.0","Minor","Abdominal / GI","Open","Colectomy / Bowel Resection","Malignancy | Revision | Lithotomy","Est.Duration:<2hr"
"Superior mesenteric artery syndrome","Exploratory laparotomy","Others","Open","Supine","1","Others","67.7","Major","Soft Tissue / Access / Misc","Open","Other Procedure","Benign/Non-malignant | Primary | Supine","Est.Duration:2-4hr"
"Bladder disease","Transurethral resection of bladder tumor","Others","Videoscopic","Lithotomy","1","Minor resection","85.1","Minor","Urology","Laparoscopic","Cystoscopy / TURBT","Benign/Non-malignant | Primary | Lithotomy","Est.Duration:<2hr"
"abdominal aortic aneurysm without mention of rupture","Incisional hernia repair","Colorectal","Open","Supine","1","Colorectal","51.7","Minor","Abdominal / GI","Open","Colectomy / Bowel Resection","Benign/Non-malignant | Revision | Supine","Est.Duration:<2hr"
"Duodenal polyp","Excision","Stomach","Open","Supine","1","CraniTumorSkullBase","67.8","Minor","Neuro / Spine","Open","Craniotomy","Benign/Non-malignant | Primary | Supine","Est.Duration:1-3hr"
"Angina pectoris","Lung wedge resection","Minor resection","Videoscopic","Right lateral decubitus","1","Minor resection","76.9","Major","Thoracic","Laparoscopic","Thoracic Resection","Benign/Non-malignant | Primary | Lateral Decubitus","Est.Duration:2-4hr"
"Cervical cancer unknown stage","Radical trachelectomy","Major resection","Open","Supine","1","Major resection","69.4","Major","Abdominal / GI","Open","Other Procedure","Malignancy | Primary | Supine","Est.Duration:2-5hr"
"End stage renal disease","Insertion of permanent catheter","Vascular","Open","Supine","1","Vascular","77.3","Minor","Vascular","Open","Access / Drainage Procedures","Benign/Non-malignant | Primary | Supine","Est.Duration:2-4hr"
"thyroid nodule","Total thyroidectomy","Thyroid","Robotic","Supine","1","Thyroid","77.1","Major","ENT / Head & Neck","Robotic","Thyroid / Parathyroid","Benign/Non-malignant | Primary | Supine","Est.Duration:2-4hr"
"Colonic polyp","Extended hemicolectomy","Colorectal","Open","Supine","1","Colorectal","79.8","Major","Abdominal / GI","Open","Colectomy / Bowel Resection","Benign/Non-malignant | Primary | Supine","Est.Duration:1-3hr"
"hepatocellular carcinoma","Metastasectomy","Minor resection","Open","Left lateral decubitus","1","Minor resection","66.7","Major","Thoracic","Open","Other Procedure","Malignancy | Primary | Lateral Decubitus","Est.Duration:1-3hr"
"Colon submucosal tumor, benign","Ileocecectomy","Colorectal","Videoscopic","Lithotomy","1","Colorectal","63.7","Major","Abdominal / GI","Laparoscopic","Colectomy / Bowel Resection","Malignancy | Primary | Lithotomy","Est.Duration:1-3hr"
"Atherosclerosis obliterans without gangrene","Closure of wound","Others","Open","Supine","1","Vascular","64.8","Minor","Vascular","Open","Other Procedure","Benign/Non-malignant | Primary | Supine","Est.Duration:<2hr"
"Biliary atresia","Exploratory laparotomy","Others","Open","Supine","1","Others","78.1","Major","Soft Tissue / Access / Misc","Open","Other Procedure","Benign/Non-malignant | Primary | Supine","Est.Duration:2-4hr"
"Destroyed lung by tuberculosis","Pneumonectomy","Major resection","Open","Right lateral decubitus","1","Major resection","63.4","Major","Thoracic","Open","Thoracic Resection","Benign/Non-malignant | Primary | Lateral Decubitus","Est.Duration:3-6hr"
"Colon cancer, sigmoid","Extended hemicolectomy","Colorectal","Open","Supine","1","Colorectal","74.6","Major","Abdominal / GI","Open","Colectomy / Bowel Resection","Malignancy | Primary | Supine","Est.Duration:1-3hr"
"End stage renal disease","Arteriovenous graft","Vascular","Open","Supine","1","Vascular","71.0","Major","Vascular","Open","Vascular Reconstruction","Benign/Non-malignant | Primary | Supine","Est.Duration:2-4hr"
"renal cell carcinoma Left","Distal pancreatectomy","Biliary/Pancreas","Open","Right lateral decubitus","1","Biliary/Pancreas","71.2","Major","Abdominal / GI","Open","Hepatobiliary / Pancreatic Resection","Malignancy | Primary | Lateral Decubitus","Est.Duration:2-4hr"
"Malignant neoplasm of oral cavity","Lung sgmentectomy","Minor resection","Videoscopic","Right lateral decubitus","1","Minor resection","65.3","Major","Thoracic","Laparoscopic","Thoracic Resection","Malignancy | Primary | Lateral Decubitus","Est.Duration:2-4hr"
"Esophageal submucosal tumor, benign","Enucleation of esophageal tumor","Others","Robotic","Left lateral decubitus","1","Others","65.0","Major","Soft Tissue / Access / Misc","Robotic","Other Procedure","Malignancy | Primary | Lateral Decubitus","Est.Duration:2-4hr"
"Umbilical hernia","Incisional hernia repair","Colorectal","Open","Supine","1","Colorectal","73.0","Minor","Abdominal / GI","Open","Colectomy / Bowel Resection","Benign/Non-malignant | Revision | Supine","Est.Duration:<2hr"
"Bilateral inguinal hernianot specified as recurrent","Hernia repair","Colorectal","Videoscopic","Supine","1","CraniVessel","50.7","Minor","Neuro / Spine","Laparoscopic","Colectomy / Bowel Resection","Benign/Non-malignant | Revision | Supine","Est.Duration:<2hr"
"sigmoid colon cancer","Exploratory laparotomy","Others","Open","Supine","1","Others","74.6","Major","Soft Tissue / Access / Misc","Open","Other Procedure","Malignancy | Primary | Supine","Est.Duration:2-4hr"
"Breast cancer left","Mastectomy","Breast","Open","Supine","1","Breast","65.9","Major","ENT / Head & Neck","Open","Breast Surgery","Malignancy | Primary | Supine","Est.Duration:3-6hr"
"Lung cancer left","Lung lobectomy","Major resection","Open","Supine","1","Major resection","71.5","Major","Thoracic","Open","Thoracic Resection","Malignancy | Primary | Supine","Est.Duration:2-4hr"
"Colon cancer, rectosigmoid","Metastasectomy","Minor resection","Videoscopic","Left lateral decubitus","1","Minor resection","66.2","Major","Thoracic","Laparoscopic","Other Procedure","Malignancy | Primary | Lateral Decubitus","Est.Duration:1-3hr"
"Bladder cancer","Exploratory laparotomy","Others","Open","Lithotomy","1","Others","78.9","Major","Soft Tissue / Access / Misc","Open","Other Procedure","Malignancy | Primary | Lithotomy","Est.Duration:2-4hr"
"Esophageal cancer","Cervical esophagostomy","Others","Open","Supine","1","Others","76.6","Major","Soft Tissue / Access / Misc","Open","Other Procedure","Malignancy | Primary | Supine","Est.Duration:>6hr"
"Bladder cancer","Incisional hernia repair","Colorectal","Open","Supine","1","Colorectal","65.4","Minor","Abdominal / GI","Open","Colectomy / Bowel Resection","Malignancy | Revision | Supine","Est.Duration:<2hr"
"Thyroglossal duct cyst","Thyroglossal duct cyst excision","Others","Robotic","Supine","1","Others","55.9","Minor","ENT / Head & Neck","Robotic","Thyroid / Parathyroid","Benign/Non-malignant | Primary | Supine","Est.Duration:2-5hr"
"Testicular disease","Orchiectomy","Minor resection","Open","Supine","1","Minor resection","67.1","Major","Urology","Open","Other Procedure","Benign/Non-malignant | Primary | Supine","Est.Duration:1-3hr"
"hepatitis b related liver cirrhosis","Liver segmentectomy","Hepatic","Open","Lithotomy","1","Hepatic","68.6","Major","Abdominal / GI","Open","Hepatobiliary / Pancreatic Resection","Benign/Non-malignant | Primary | Lithotomy","Est.Duration:2-5hr"
"Fungus ball","Lung lobectomy","Major resection","Videoscopic","Left lateral decubitus","1","Major resection","76.0","Major","Thoracic","Laparoscopic","Thoracic Resection","Benign/Non-malignant | Primary | Lateral Decubitus","Est.Duration:2-4hr"
"Empyema with bronchopleural fistula","Closure of bronchopleural fistula","Others","Open","Supine","1","Others","72.9","Major","Soft Tissue / Access / Misc","Open","Vascular Reconstruction","Benign/Non-malignant | Primary | Supine","Est.Duration:2-5hr"
"Serous cystic tumor of pancreas, malignant","Exploratory laparotomy","Others","Open","Supine","1","Others","65.9","Major","Soft Tissue / Access / Misc","Open","Other Procedure","Malignancy | Primary | Supine","Est.Duration:2-4hr"
"Endometrial cancer unknown stage","Salpingo-oophorectomy","Minor resection","Videoscopic","Lithotomy","1","Minor resection","68.2","Major","Abdominal / GI","Laparoscopic","Other Procedure","Malignancy | Primary | Lithotomy","Est.Duration:1-3hr"
"Lung cancer right","Lung bilobectomy","Major resection","Open","Left lateral decubitus","1","Major resection","72.5","Major","Thoracic","Open","Thoracic Resection","Malignancy | Primary | Lateral Decubitus","Est.Duration:2-5hr"
"rectal cancer","Colostomy","Colorectal","Open","Supine","1","Colorectal","57.1","Major","Abdominal / GI","Open","Colectomy / Bowel Resection","Malignancy | Primary | Supine","Est.Duration:<2hr"
"Aneurysm, iliac artery","Aortoiliac bypass","Vascular","Open","Supine","1","Vascular","57.8","Major","Vascular","Open","Vascular Reconstruction","Benign/Non-malignant | Primary | Supine","Est.Duration:3-6hr"
"Atrial septal defect, secundum","Debridement of wound","Others","Open","Supine","1","Others","68.8","Minor","Soft Tissue / Access / Misc","Open","Other Procedure","Benign/Non-malignant | Primary | Supine","Est.Duration:<2hr"
"Gastric perforation","Exploratory laparotomy","Others","Open","Supine","1","Others","75.2","Major","Soft Tissue / Access / Misc","Open","Other Procedure","Benign/Non-malignant | Primary | Supine","Est.Duration:2-4hr"
"papillary thyroid carcinoma","Completion thyroidectomy","Thyroid","Open","Supine","1","Thyroid","72.0","Major","ENT / Head & Neck","Open","Thyroid / Parathyroid","Malignancy | Revision | Supine","Est.Duration:1-3hr"
"Adenocarcinoma of lung unspecified side","Lung lobectomy","Major resection","Videoscopic","Left lateral decubitus","1","Major resection","61.5","Major","Thoracic","Laparoscopic","Thoracic Resection","Malignancy | Primary | Lateral Decubitus","Est.Duration:2-4hr"
"Stomach cancer unspecified","Pylorus preserving gastrectomy","Stomach","Videoscopic","Supine","1","Stomach","75.4","Major","Abdominal / GI","Laparoscopic","Gastric Resection","Malignancy | Primary | Supine","Est.Duration:2-5hr"
"Umbilical hernia","Fundoplication","Stomach","Videoscopic","Supine","1","Others","71.5","Major","Soft Tissue / Access / Misc","Laparoscopic","Gastric Resection","Benign/Non-malignant | Primary | Supine","Est.Duration:2-4hr"
"Ascites","Excision","Others","Open","Supine","1","Others","74.0","Minor","Soft Tissue / Access / Misc","Open","Other Procedure","Benign/Non-malignant | Primary | Supine","Est.Duration:1-3hr"
"Colon cancer, ascending","Hemicolectomy","Colorectal","Open","Lithotomy","1","Colorectal","66.8","Major","Abdominal / GI","Open","Colectomy / Bowel Resection","Malignancy | Primary | Lithotomy","Est.Duration:2-4hr"
"Adrenal Cushing syndrome","Adrenalectomy","Others","Videoscopic","Right lateral decubitus","1","Others","65.8","Major","Abdominal / GI","Laparoscopic","Other Procedure","Benign/Non-malignant | Primary | Lateral Decubitus","Est.Duration:1-3hr"
"Abnormal electrocardiogram","Excision","Others","Open","Supine","1","CraniTumorSkullBase","68.8","Minor","Neuro / Spine","Open","Craniotomy","Benign/Non-malignant | Primary | Supine","Est.Duration:1-3hr"
"Renal cell carcinoma left","Nephrectomy","Major resection","Robotic","Right lateral decubitus","1","Major resection","63.5","Major","Urology","Robotic","Other Procedure","Malignancy | Primary | Lateral Decubitus","Est.Duration:2-4hr"
"Aneurysm, iliac artery","Endovascular aneurysmal repair","Vascular","Open","Supine","1","Vascular","78.0","Major","Vascular","Open","Vascular Reconstruction","Benign/Non-malignant | Revision | Supine","Est.Duration:2-5hr"
"Pancreatic disease","Pancreas transplantation","Transplantation","Open","Supine","1","Transplantation","62.8","Major","Abdominal / GI","Open","Transplant / Major Reconstruction","Benign/Non-malignant | Primary | Transplant/Reconstruction | Supine","Est.Duration:>6hr"
"Abscess of lung with pneumonia","Debridement of wound","Others","Open","Supine","1","Others","68.4","Minor","Soft Tissue / Access / Misc","Open","Other Procedure","Benign/Non-malignant | Primary | Supine","Est.Duration:<2hr"
"Unclassified uterine cancer","Total hysterectomy","Major resection","Robotic","Lithotomy","1","Major resection","68.3","Major","Abdominal / GI","Robotic","Other Procedure","Malignancy | Primary | Lithotomy","Est.Duration:2-4hr"
"hepatocellular carcinoma","Exploratory laparotomy","Others","Open","Supine","1","Others","72.3","Major","Soft Tissue / Access / Misc","Open","Other Procedure","Malignancy | Primary | Supine","Est.Duration:2-4hr"
"Cholangitis","Exploratory laparotomy","Others","Open","Supine","1","Others","81.6","Major","Soft Tissue / Access / Misc","Open","Other Procedure","Benign/Non-malignant | Primary | Supine","Est.Duration:2-4hr"
"Common bile duct cancer","Hepatopancreaticoduodenectomy","Biliary/Pancreas","Open","Supine","1","Biliary/Pancreas","74.2","Major","Abdominal / GI","Open","Hepatobiliary / Pancreatic Resection","Malignancy | Primary | Supine","Est.Duration:3-6hr"
"Rectal cancer","Distal gastrectomy","Stomach","Videoscopic","Supine","1","Stomach","57.2","Major","Abdominal / GI","Laparoscopic","Gastric Resection","Malignancy | Primary | Supine","Est.Duration:2-5hr"
"Atrial fibrillation","Ligation and stripping","Vascular","Open","Supine","1","Vascular","75.2","Minor","Vascular","Open","Vascular Reconstruction","Benign/Non-malignant | Primary | Supine","Est.Duration:1-3hr"
"Complete blood count abnormality","Lung lobectomy","Major resection","Open","Supine","1","Major resection","63.5","Major","Thoracic","Open","Thoracic Resection","Benign/Non-malignant | Primary | Supine","Est.Duration:2-4hr"
"Liver transplant status","Hernia repair","Colorectal","Open","Supine","1","Colorectal","66.3","Minor","Abdominal / GI","Open","Colectomy / Bowel Resection","Benign/Non-malignant | Revision | Supine","Est.Duration:<2hr"
"Cecal cancer","Hemicolectomy","Colorectal","Open","Supine","1","Colorectal","74.0","Major","Abdominal / GI","Open","Colectomy / Bowel Resection","Malignancy | Primary | Supine","Est.Duration:2-4hr"
"Gastric adenomatous polyp","Distal gastrectomy","Stomach","Videoscopic","Reverse Trendelenburg","1","Stomach","69.3","Major","Abdominal / GI","Laparoscopic","Gastric Resection","Benign/Non-malignant | Primary | Trendelenburg","Est.Duration:2-5hr"
"Neurogenic tumor","Paraaortic lymph node dissection","Others","Open","Supine","1","Others","88.2","Major","Soft Tissue / Access / Misc","Open","Other Procedure","Malignancy | Primary | Supine","Est.Duration:2-4hr"
"Colon cancer","Colostomy","Colorectal","Open","Supine","1","Colorectal","73.7","Major","Abdominal / GI","Open","Colectomy / Bowel Resection","Malignancy | Primary | Supine","Est.Duration:<2hr"
"Hepatocellular carcinoma","Liver segmentectomy","Hepatic","Open","Reverse Trendelenburg","1","Hepatic","70.5","Major","Abdominal / GI","Open","Hepatobiliary / Pancreatic Resection","Malignancy | Primary | Trendelenburg","Est.Duration:2-5hr"
"Kidney transplant status","Partial pancreatectomy","Biliary/Pancreas","Open","Supine","1","Biliary/Pancreas","72.3","Major","Abdominal / GI","Open","Hepatobiliary / Pancreatic Resection","Benign/Non-malignant | Primary | Supine","Est.Duration:2-5hr"
"Overactive bladder","Hernia repair","Colorectal","Open","Supine","1","Colorectal","69.1","Minor","Abdominal / GI","Open","Colectomy / Bowel Resection","Benign/Non-malignant | Revision | Supine","Est.Duration:<2hr"
"Abnormal finding on lung imaging","Lung sgmentectomy","Minor resection","Videoscopic","Left lateral decubitus","1","Minor resection","65.7","Major","Thoracic","Laparoscopic","Thoracic Resection","Benign/Non-malignant | Primary | Lateral Decubitus","Est.Duration:2-4hr"
"Mediastinal germ cell tumor","Thymectomy","Others","Open","Supine","1","Others","61.7","Major","Soft Tissue / Access / Misc","Open","Thoracic Resection","Malignancy | Primary | Supine","Est.Duration:2-5hr"
"Solitary pulmonary nodule","Lung lobectomy","Major resection","Videoscopic","Supine","1","Major resection","66.2","Major","Thoracic","Laparoscopic","Thoracic Resection","Benign/Non-malignant | Primary | Supine","Est.Duration:2-4hr"
"rectal cancer","Lung lobectomy","Major resection","Videoscopic","Right lateral decubitus","1","Major resection","74.0","Major","Thoracic","Laparoscopic","Thoracic Resection","Malignancy | Primary | Lateral Decubitus","Est.Duration:2-4hr"
"Cervical cancer, stage 2B","Hartmann procedure","Colorectal","Open","Supine","1","Colorectal","69.8","Major","Abdominal / GI","Open","Colectomy / Bowel Resection","Malignancy | Primary | Supine","Est.Duration:2-4hr"
"Cervical cancer, stage 1A1","Extended hysterectomy","Major resection","Videoscopic","Lithotomy","1","Major resection","71.2","Major","Abdominal / GI","Laparoscopic","Other Procedure","Malignancy | Primary | Lithotomy","Est.Duration:2-4hr"
"IgA nephropathy","Kidney transplantation","Transplantation","Open","Supine","1","Transplantation","63.0","Major","Urology","Open","Transplant / Major Reconstruction","Benign/Non-malignant | Primary | Transplant/Reconstruction | Supine","Est.Duration:3-6hr"
"Paraganglioma, malignant","Excision","Colorectal","Videoscopic","Supine","1","Others","61.0","Minor","Soft Tissue / Access / Misc","Laparoscopic","Colectomy / Bowel Resection","Malignancy | Primary | Supine","Est.Duration:1-3hr"
"Lymph node enlargement","Mediastinal lymph node dissection","Others","Open","Supine","1","Others","88.2","Major","Soft Tissue / Access / Misc","Open","Other Procedure","Benign/Non-malignant | Primary | Supine","Est.Duration:1-3hr"
"Early gastric cancer","Proximal gastrectomy","Stomach","Videoscopic","Supine","1","Stomach","73.4","Major","Abdominal / GI","Laparoscopic","Gastric Resection","Malignancy | Primary | Supine","Est.Duration:3-6hr"
"Embolism and thrombosis, lower limb artery","Bleeding control","Others","Open","Supine","1","Others","62.3","Minor","Soft Tissue / Access / Misc","Open","Other Procedure","Benign/Non-malignant | Primary | Supine","Est.Duration:1-3hr"
"Abnormal chest CT, lung nodule","Lung wedge resection","Minor resection","Videoscopic","Supine","1","Minor resection","68.8","Major","Thoracic","Laparoscopic","Thoracic Resection","Benign/Non-malignant | Primary | Supine","Est.Duration:2-4hr"
"Gallbladder cancer","Pylorus preserving pancreaticoduodenectomy","Biliary/Pancreas","Open","Supine","1","Biliary/Pancreas","83.8","Major","Abdominal / GI","Open","Hepatobiliary / Pancreatic Resection","Malignancy | Primary | Supine","Est.Duration:>6hr"
"Acute cholecystitis","Cholecystectomy","Biliary/Pancreas","Videoscopic","Left lateral decubitus","1","Biliary/Pancreas","70.3","Major","Abdominal / GI","Laparoscopic","Cystoscopy / TURBT","Benign/Non-malignant | Primary | Lateral Decubitus","Est.Duration:<2hr"
"Breast cancer","Biopsy","Minor resection","Videoscopic","Right lateral decubitus","1","BiopsyBrain","75.6","Minor","Neuro / Spine","Laparoscopic","Access / Drainage Procedures","Malignancy | Primary | Lateral Decubitus","Est.Duration:<2hr"
"Common bile duct cancer","Hepatic hilar resection","Hepatic","Open","Supine","1","Biliary/Pancreas","72.3","Major","Abdominal / GI","Open","Hepatobiliary / Pancreatic Resection","Malignancy | Primary | Supine","Est.Duration:2-5hr"
"Fibrothorax","Decortication","Others","Videoscopic","Left lateral decubitus","1","Others","75.0","Major","Soft Tissue / Access / Misc","Laparoscopic","Thoracic Resection","Benign/Non-malignant | Primary | Lateral Decubitus","Est.Duration:3-6hr"
"kidney disease","Regional lymph node dissection","Others","Open","Supine","1","Others","81.1","Major","Soft Tissue / Access / Misc","Open","Other Procedure","Benign/Non-malignant | Primary | Supine","Est.Duration:1-3hr"
"Pancreatic pseudocyst","Pancreatic cystojejunostomy","Biliary/Pancreas","Open","Supine","1","Biliary/Pancreas","76.7","Major","Abdominal / GI","Open","Hepatobiliary / Pancreatic Resection","Benign/Non-malignant | Primary | Supine","Est.Duration:<2hr"
"Lung cancer left","Metastasectomy","Minor resection","Videoscopic","Left lateral decubitus","1","Minor resection","71.5","Major","Thoracic","Laparoscopic","Other Procedure","Malignancy | Primary | Lateral Decubitus","Est.Duration:1-3hr"
"Myoma uteri","Total hysterectomy","Major resection","Open","Supine","1","Major resection","79.2","Major","Abdominal / GI","Open","Other Procedure","Benign/Non-malignant | Primary | Supine","Est.Duration:2-4hr"
"Benign neoplasm of retroperitoneum","Excision","Others","Open","Supine","1","PituitaryTSA","61.4","Minor","Neuro / Spine","Open","Other Procedure","Malignancy | Primary | Supine","Est.Duration:1-3hr"
"Ectopic pregnancy","Salpingectomy","Minor resection","Videoscopic","Lithotomy","1","Minor resection","69.8","Major","Abdominal / GI","Laparoscopic","Other Procedure","Benign/Non-malignant | Primary | Lithotomy","Est.Duration:1-3hr"
"Colon cancer, descending","Hemicolectomy","Colorectal","Videoscopic","Trendelenburg","1","Colorectal","66.3","Major","Abdominal / GI","Laparoscopic","Colectomy / Bowel Resection","Malignancy | Primary | Trendelenburg","Est.Duration:2-4hr"
"Malignant melanoma of thumb","Excision","Breast","Open","Supine","1","CraniTumorSkullBase","65.9","Minor","Neuro / Spine","Open","Craniotomy","Malignancy | Primary | Supine","Est.Duration:1-3hr"
"Mediastinal tumor","Thymectomy","Others","Open","Supine","1","Others","66.6","Major","Soft Tissue / Access / Misc","Open","Thoracic Resection","Malignancy | Primary | Supine","Est.Duration:2-5hr"
"Rectal cancer","Ultralow anterior resection","Colorectal","Open","Supine","1","Colorectal","66.2","Major","Abdominal / GI","Open","Colectomy / Bowel Resection","Malignancy | Primary | Supine","Est.Duration:2-5hr"
"Colon cancer, descending","Extended hemicolectomy","Colorectal","Videoscopic","Lithotomy","1","Colorectal","72.9","Major","Abdominal / GI","Laparoscopic","Colectomy / Bowel Resection","Malignancy | Primary | Lithotomy","Est.Duration:1-3hr"
"Pelvic mass","Exploratory laparotomy","Others","Open","Lithotomy","1","Others","81.6","Major","Soft Tissue / Access / Misc","Open","Other Procedure","Benign/Non-malignant | Primary | Lithotomy","Est.Duration:2-4hr"
"Liver transplant status","Lung wedge resection","Minor resection","Videoscopic","Left lateral decubitus","1","Minor resection","71.6","Major","Thoracic","Laparoscopic","Thoracic Resection","Benign/Non-malignant | Primary | Lateral Decubitus","Est.Duration:2-4hr"
"Liposarcoma","Orchiectomy","Colorectal","Open","Supine","1","Minor resection","72.9","Major","Urology","Open","Colectomy / Bowel Resection","Malignancy | Primary | Supine","Est.Duration:1-3hr"
"Diverticulitis of large intestine with perforation and abscess without bleeding","Ileostomy repair","Colorectal","Open","Supine","1","Colorectal","50.0","Minor","Abdominal / GI","Open","Colectomy / Bowel Resection","Benign/Non-malignant | Revision | Supine","Est.Duration:<2hr"
"Lung cancer left","Lung wedge resection","Minor resection","Open","Left lateral decubitus","1","Minor resection","76.1","Major","Thoracic","Open","Thoracic Resection","Malignancy | Primary | Lateral Decubitus","Est.Duration:2-4hr"
"Mechanical ileus","Exploratory laparotomy","Others","Open","Supine","1","Others","77.3","Major","Soft Tissue / Access / Misc","Open","Other Procedure","Benign/Non-malignant | Primary | Supine","Est.Duration:2-4hr"
"Ductal carcinoma in situ of breast unspecified side","Total mastectomy","Breast","Open","Supine","1","MRIAblation","55.4","Major","Neuro / Spine","Open","Breast Surgery","Malignancy | Primary | Supine","Est.Duration:<2hr"
"Rectal cancer","Hemicolectomy","Colorectal","Open","Supine","1","Colorectal","62.6","Major","Abdominal / GI","Open","Colectomy / Bowel Resection","Malignancy | Primary | Supine","Est.Duration:2-4hr"
"Gastric submucosal tumor, benign","Gastrojejunostomy","Stomach","Videoscopic","Supine","1","Stomach","66.0","Major","Abdominal / GI","Laparoscopic","Gastric Resection","Malignancy | Primary | Supine","Est.Duration:2-4hr"
"Intraductal papilloma","Wide excision","Others","Open","Supine","1","Others","67.3","Minor","Soft Tissue / Access / Misc","Open","Other Procedure","Benign/Non-malignant | Primary | Supine","Est.Duration:<2hr"
"Gastrointestinal stromal tumor","Total gastrectomy","Stomach","Open","Supine","1","Stomach","75.9","Major","Abdominal / GI","Open","Gastric Resection","Malignancy | Primary | Supine","Est.Duration:2-5hr"
"Hematemesis","Exploratory laparotomy","Others","Open","Supine","1","Others","81.6","Major","Soft Tissue / Access / Misc","Open","Other Procedure","Benign/Non-malignant | Primary | Supine","Est.Duration:2-4hr"
"Colon cancer, descending","Hemicolectomy","Colorectal","Videoscopic","Lithotomy","1","Colorectal","66.3","Major","Abdominal / GI","Laparoscopic","Colectomy / Bowel Resection","Malignancy | Primary | Lithotomy","Est.Duration:2-4hr"
"Stab wound of abdomen","Exploratory laparotomy","Others","Open","Supine","1","Others","74.0","Major","Soft Tissue / Access / Misc","Open","Other Procedure","Benign/Non-malignant | Primary | Supine","Est.Duration:2-4hr"
"Rectocele, female","Rrectocele repair","Colorectal","Open","Prone","1","Colorectal","74.0","Minor","Abdominal / GI","Open","Colectomy / Bowel Resection","Benign/Non-malignant | Revision | Prone","Est.Duration:<2hr"
"Intestinal obstruction","Exploratory laparotomy","Others","Open","Supine","1","Others","73.4","Major","Soft Tissue / Access / Misc","Open","Other Procedure","Benign/Non-malignant | Primary | Supine","Est.Duration:2-4hr"
"Advanced gastric cancer","Bleeding control","Others","Open","Supine","1","Others","68.8","Minor","Soft Tissue / Access / Misc","Open","Other Procedure","Malignancy | Primary | Supine","Est.Duration:1-3hr"
"Primary hyperparathyroidism","Subtotal parathyroidectomy","Thyroid","Open","Supine","1","Thyroid","73.0","Major","ENT / Head & Neck","Open","Thyroid / Parathyroid","Benign/Non-malignant | Primary | Supine","Est.Duration:1-3hr"
"Multiple myeloma","Excision","Others","Open","Supine","1","CraniTumorSkullBase","72.6","Minor","Neuro / Spine","Open","Craniotomy","Benign/Non-malignant | Primary | Supine","Est.Duration:1-3hr"
"Gallbladder sludge","Cholecystectomy","Biliary/Pancreas","Videoscopic","Reverse Trendelenburg","1","Biliary/Pancreas","70.9","Major","Abdominal / GI","Laparoscopic","Cystoscopy / TURBT","Benign/Non-malignant | Primary | Trendelenburg","Est.Duration:<2hr"
"Metastatic cancer to the liver","Liver segmentectomy","Hepatic","Videoscopic","Supine","1","Hepatic","68.6","Major","Abdominal / GI","Laparoscopic","Hepatobiliary / Pancreatic Resection","Malignancy | Primary | Supine","Est.Duration:2-5hr"
"Alcoholic hepatitis with ascites","Liver transplantation","Transplantation","Open","Supine","1","Transplantation","68.2","Major","Abdominal / GI","Open","Hepatobiliary / Pancreatic Resection","Benign/Non-malignant | Primary | Transplant/Reconstruction | Supine","Est.Duration:>6hr"
"Mediastinal mass","Thymectomy","Others","Robotic","Supine","1","Others","67.3","Major","Soft Tissue / Access / Misc","Robotic","Thoracic Resection","Benign/Non-malignant | Primary | Supine","Est.Duration:2-5hr"
"Colorectal cancer","Low anterior resection","Colorectal","Videoscopic","Lithotomy","1","Colorectal","76.6","Major","Abdominal / GI","Laparoscopic","Colectomy / Bowel Resection","Malignancy | Primary | Lithotomy","Est.Duration:2-4hr"
"Squamous cell carcinoma of lung right","Lung wedge resection","Minor resection","Videoscopic","Right lateral decubitus","1","Minor resection","65.9","Major","Thoracic","Laparoscopic","Thoracic Resection","Malignancy | Primary | Lateral Decubitus","Est.Duration:2-4hr"
"Gallstone pancreatitis","Cholecystectomy","Biliary/Pancreas","Videoscopic","Supine","1","Biliary/Pancreas","68.5","Major","Abdominal / GI","Laparoscopic","Cystoscopy / TURBT","Benign/Non-malignant | Primary | Supine","Est.Duration:<2hr"
"Dedifferentiated liposarcoma","Exploratory laparotomy","Others","Open","Supine","1","Others","70.4","Major","Soft Tissue / Access / Misc","Open","Other Procedure","Malignancy | Primary | Supine","Est.Duration:2-4hr"
"Catheter related infection","Kidney transplantation","Transplantation","Open","Supine","1","Transplantation","71.3","Major","Urology","Open","Transplant / Major Reconstruction","Benign/Non-malignant | Primary | Transplant/Reconstruction | Supine","Est.Duration:3-6hr"
"Intrahepatic duct stone with obstruction","Liver sectionectomy","Hepatic","Videoscopic","Supine","1","Hepatic","64.5","Major","Abdominal / GI","Laparoscopic","Hepatobiliary / Pancreatic Resection","Benign/Non-malignant | Primary | Supine","Est.Duration:2-5hr"
"Colostomy status","Colostomy repair","Colorectal","Open","Lithotomy","1","Colorectal","59.0","Minor","Abdominal / GI","Open","Colectomy / Bowel Resection","Benign/Non-malignant | Revision | Lithotomy","Est.Duration:<2hr"
"Ovarian cancer Unspecified side","Exploratory laparotomy","Others","Open","Lithotomy","1","Others","69.2","Major","Abdominal / GI","Open","Other Procedure","Malignancy | Primary | Lithotomy","Est.Duration:2-4hr"
"Malignant mesothelioma","Exploratory laparotomy","Others","Open","Lithotomy","1","Others","73.4","Major","Soft Tissue / Access / Misc","Open","Other Procedure","Malignancy | Primary | Lithotomy","Est.Duration:2-4hr"
"Premature rupture of membranes, onset of labor within 24 hours early preterm (less than 34 weeks)","Cesarean section","Others","Open","Supine","1","Others","49.7","Major","Abdominal / GI","Open","Other Procedure","Benign/Non-malignant | Primary | Supine","Est.Duration:<2hr"
"Nontuberculous mycobacterial infection","Pneumonectomy","Major resection","Open","Right lateral decubitus","1","Major resection","61.0","Major","Thoracic","Open","Thoracic Resection","Benign/Non-malignant | Primary | Lateral Decubitus","Est.Duration:3-6hr"
"Anastomosis site stricture","Anterior resection","Colorectal","Open","Lithotomy","1","Colorectal","55.0","Major","Abdominal / GI","Open","Colectomy / Bowel Resection","Benign/Non-malignant | Primary | Lithotomy","Est.Duration:1-3hr"
"Colorectal cancer","Low anterior resection","Colorectal","Videoscopic","Lithotomy","1","Colorectal","76.6","Major","Abdominal / GI","Laparoscopic","Colectomy / Bowel Resection","Malignancy | Primary | Lithotomy","Est.Duration:2-4hr"
"Disorder of kidney and ureter","Nephrectomy","Major resection","Open","Right kidney","1","Major resection","62.0","Major","Urology","Open","Other Procedure","Benign/Non-malignant | Primary | Lateral Kidney","Est.Duration:2-4hr"
"Invasive bladder cancer","Radical cystectomy","Major resection","Robotic","Lithotomy","1","Major resection","70.3","Major","Urology","Robotic","Cystoscopy / TURBT","Malignancy | Primary | Lithotomy","Est.Duration:>6hr"
"Lung sequestration, congenital","Lung lobectomy","Major resection","Videoscopic","Left lateral decubitus","1","Major resection","64.5","Major","Thoracic","Laparoscopic","Thoracic Resection","Benign/Non-malignant | Primary | Lateral Decubitus","Est.Duration:2-4hr"
"Undifferentiated pleomorphic sarcoma of unspecified site","Excision","Biliary/Pancreas","Open","Supine","1","PituitaryTSA","60.9","Minor","Neuro / Spine","Open","Hepatobiliary / Pancreatic Resection","Malignancy | Primary | Supine","Est.Duration:1-3hr"
"Giant bullae of lung","Bullectomy","Minor resection","Videoscopic","Left lateral decubitus","1","Minor resection","64.8","Minor","Thoracic","Laparoscopic","Other Procedure","Benign/Non-malignant | Primary | Lateral Decubitus","Est.Duration:<2hr"
"Autosomal dominant polycystic kidney disease","Kidney transplantation","Transplantation","Open","Supine","1","Transplantation","73.0","Major","Urology","Open","Transplant / Major Reconstruction","Benign/Non-malignant | Primary | Transplant/Reconstruction | Supine","Est.Duration:3-6hr"
"Metastatic cancer to the pleura","Excision","Others","Videoscopic","Left lateral decubitus","1","CraniTumorSkullBase","68.5","Minor","Neuro / Spine","Laparoscopic","Craniotomy","Malignancy | Primary | Lateral Decubitus","Est.Duration:1-3hr"
"Hemoptysis","Lung bilobectomy","Major resection","Open","Left lateral decubitus","1","Major resection","78.8","Major","Thoracic","Open","Thoracic Resection","Benign/Non-malignant | Primary | Lateral Decubitus","Est.Duration:2-5hr"
"Rectal cancer","Transanal endoscopic microsurgery","Colorectal","Open","Lithotomy","1","Colorectal","59.7","Minor","Abdominal / GI","Open","Colectomy / Bowel Resection","Malignancy | Primary | Lithotomy","Est.Duration:1-3hr"
"Anal canal cancer","Excision","Others","Open","Supine","1","CraniTumorSkullBase","66.5","Minor","Neuro / Spine","Open","Craniotomy","Malignancy | Primary | Supine","Est.Duration:1-3hr"
"Mediastinal mass","Biopsy","Others","Videoscopic","Supine","1","BiopsyMuscleNerve","67.6","Minor","Soft Tissue / Access / Misc","Laparoscopic","Access / Drainage Procedures","Benign/Non-malignant | Primary | Supine","Est.Duration:<2hr"
"Hepatocellular carcinoma","Liver tumorectomy","Hepatic","Open","Lithotomy","1","Hepatic","69.0","Major","Abdominal / GI","Open","Hepatobiliary / Pancreatic Resection","Malignancy | Primary | Lithotomy","Est.Duration:2-5hr"
"Lymph node metastasis","Mediastinal lymph node dissection","Others","Videoscopic","Left lateral decubitus","1","Others","76.5","Major","Soft Tissue / Access / Misc","Laparoscopic","Other Procedure","Malignancy | Primary | Lateral Decubitus","Est.Duration:1-3hr"
"Colon cancer, transverse","Hemicolectomy","Colorectal","Videoscopic","Supine","1","Colorectal","66.3","Major","Abdominal / GI","Laparoscopic","Colectomy / Bowel Resection","Malignancy | Primary | Supine","Est.Duration:2-4hr"
"Acute appendicitis with localized peritonitis","Appendectomy","Colorectal","Open","Supine","1","Colorectal","58.8","Major","Abdominal / GI","Open","Colectomy / Bowel Resection","Benign/Non-malignant | Primary | Supine","Est.Duration:<2hr"
"Colon cancer","Segmental resection of colon","Colorectal","Open","Lithotomy","1","Colorectal","83.5","Major","Abdominal / GI","Open","Colectomy / Bowel Resection","Malignancy | Primary | Lithotomy","Est.Duration:2-4hr"
"Islet cell adenoma","Partial pancreatectomy","Biliary/Pancreas","Open","Supine","1","Biliary/Pancreas","75.9","Major","Abdominal / GI","Open","Hepatobiliary / Pancreatic Resection","Benign/Non-malignant | Primary | Supine","Est.Duration:2-5hr"
"Diffuse large B-cell lymphoma","Excision","Others","Videoscopic","Supine","1","Others","58.9","Minor","Soft Tissue / Access / Misc","Laparoscopic","Other Procedure","Malignancy | Primary | Supine","Est.Duration:1-3hr"
"Breast disease","Wide excision","Others","Open","Supine","1","Others","72.1","Minor","Soft Tissue / Access / Misc","Open","Other Procedure","Benign/Non-malignant | Primary | Supine","Est.Duration:<2hr"
"Giant bullae of lung","Bullectomy","Minor resection","Videoscopic","Left lateral decubitus","1","Minor resection","64.8","Minor","Thoracic","Laparoscopic","Other Procedure","Benign/Non-malignant | Primary | Lateral Decubitus","Est.Duration:<2hr"
"Costochondritis","Wound revision","Others","Open","Supine","1","Others","61.7","Minor","Soft Tissue / Access / Misc","Open","Other Procedure","Benign/Non-malignant | Revision | Supine","Est.Duration:<2hr"
"Duodenal cancer","Excision","Stomach","Open","Supine","1","CraniTumorSkullBase","69.4","Minor","Neuro / Spine","Open","Craniotomy","Malignancy | Primary | Supine","Est.Duration:1-3hr"
"Adrenal incidentaloma","Adrenalectomy","Others","Videoscopic","Right lateral decubitus","1","Others","67.3","Major","Abdominal / GI","Laparoscopic","Other Procedure","Benign/Non-malignant | Primary | Lateral Decubitus","Est.Duration:1-3hr"
"Lymph node metastasis","Excision","Others","Open","Supine","1","Others","58.6","Minor","Soft Tissue / Access / Misc","Open","Other Procedure","Malignancy | Primary | Supine","Est.Duration:1-3hr"
"Breast cancer unspecified side","Lung wedge resection","Minor resection","Videoscopic","Right lateral decubitus","1","Minor resection","68.4","Major","Thoracic","Laparoscopic","Thoracic Resection","Malignancy | Primary | Lateral Decubitus","Est.Duration:2-4hr"
"Surgical wound infection","Debridement of wound","Others","Open","Supine","1","Others","65.1","Minor","Soft Tissue / Access / Misc","Open","Other Procedure","Benign/Non-malignant | Primary | Supine","Est.Duration:<2hr"
"Hepatocellular carcinoma","Extended hemihepatectomy","Hepatic","Open","Supine","1","Hepatic","73.5","Major","Abdominal / GI","Open","Hepatobiliary / Pancreatic Resection","Malignancy | Primary | Supine","Est.Duration:3-6hr"
"Twin pregnancy","Cesarean section","Others","Open","Lithotomy","1","Others","74.8","Major","Abdominal / GI","Open","Other Procedure","Benign/Non-malignant | Primary | Lithotomy","Est.Duration:<2hr"
"Endometrial cancer unknown stage","Pelvic tumorectomy","Major resection","Robotic","Lithotomy","1","Major resection","66.4","Major","Abdominal / GI","Robotic","Other Procedure","Malignancy | Primary | Lithotomy","Est.Duration:2-5hr"
"Twin pregnancy","Modified Shirodkar operation","Others","Open","Supine","1","Others","81.9","Minor","Soft Tissue / Access / Misc","Open","Other Procedure","Benign/Non-malignant | Primary | Supine","Est.Duration:<2hr"
"Cervical cancer, stage 1A1","Pelvic tumorectomy","Major resection","Robotic","Lithotomy","1","Major resection","69.3","Major","Abdominal / GI","Robotic","Other Procedure","Malignancy | Primary | Lithotomy","Est.Duration:2-5hr"
"Long QT Syndrome","Thoracic sympathectomy","Others","Videoscopic","Supine","1","Others","77.3","Major","Soft Tissue / Access / Misc","Laparoscopic","Other Procedure","Benign/Non-malignant | Primary | Supine","Est.Duration:<2hr"
"Undifferentiated pleomorphic sarcoma of lower limb","Metastasectomy","Minor resection","Videoscopic","Right lateral decubitus","1","ElectrodeLeadPlacement","54.1","Major","Neuro / Spine","Laparoscopic","Other Procedure","Malignancy | Primary | Lateral Decubitus","Est.Duration:1-3hr"
"Colon perforation","Hartmann procedure","Colorectal","Open","Supine","1","Colorectal","74.0","Major","Abdominal / GI","Open","Colectomy / Bowel Resection","Benign/Non-malignant | Primary | Supine","Est.Duration:2-4hr"
"Aortic dissection thoracoabdominal aorta","Hernia repair","Colorectal","Open","Supine","1","Colorectal","60.5","Minor","Abdominal / GI","Open","Colectomy / Bowel Resection","Benign/Non-malignant | Revision | Supine","Est.Duration:<2hr"
"Rectal fistula","Hartmann procedure","Colorectal","Open","Supine","1","Colorectal","76.4","Major","Abdominal / GI","Open","Colectomy / Bowel Resection","Benign/Non-malignant | Primary | Supine","Est.Duration:2-4hr"
"Synovial sarcoma","Metastasectomy","Minor resection","Videoscopic","Left lateral decubitus","1","Minor resection","71.5","Major","Thoracic","Laparoscopic","Other Procedure","Malignancy | Primary | Lateral Decubitus","Est.Duration:1-3hr"
"Adhesive ileus","Adhesiolysis","Others","Open","Supine","1","Others","71.1","Major","Soft Tissue / Access / Misc","Open","Other Procedure","Benign/Non-malignant | Primary | Supine","Est.Duration:1-3hr"
"Lung cancer left","Bleeding control","Others","Open","Right lateral decubitus","1","Others","73.2","Minor","Soft Tissue / Access / Misc","Open","Other Procedure","Malignancy | Primary | Lateral Decubitus","Est.Duration:1-3hr"
"Diaphragmatic paralysis","Plication","Others","Videoscopic","Supine","1","Others","62.2","Minor","Soft Tissue / Access / Misc","Laparoscopic","Other Procedure","Benign/Non-malignant | Primary | Supine","Est.Duration:2-4hr"
"Malignant neoplasm of colorectum","Cecectomy","Colorectal","Open","Supine","1","Colorectal","59.1","Major","Abdominal / GI","Open","Colectomy / Bowel Resection","Malignancy | Primary | Supine","Est.Duration:1-3hr"
"Thymoma, type AB","Excision","Others","Open","Right lateral decubitus","1","CraniTumorSkullBase","65.4","Minor","Neuro / Spine","Open","Craniotomy","Benign/Non-malignant | Primary | Lateral Decubitus","Est.Duration:1-3hr"
"Constipation","Ultralow anterior resection","Colorectal","Open","Lithotomy","1","Colorectal","63.8","Major","Abdominal / GI","Open","Colectomy / Bowel Resection","Benign/Non-malignant | Primary | Lithotomy","Est.Duration:2-5hr"
"Abnormal chest CT, lung nodule","Lung segmentectomy","Minor resection","Videoscopic","Right lateral decubitus","1","Minor resection","67.5","Major","Thoracic","Laparoscopic","Thoracic Resection","Benign/Non-malignant | Primary | Lateral Decubitus","Est.Duration:2-4hr"
"End stage renal disease","Removal of permanent catheter","Vascular","Open","Supine","1","Vascular","76.5","Minor","Vascular","Open","Access / Drainage Procedures","Benign/Non-malignant | Primary | Supine","Est.Duration:<2hr"
"Mediastinal tumor","Thymectomy","Others","Robotic","Supine","1","Others","66.6","Major","Soft Tissue / Access / Misc","Robotic","Thoracic Resection","Malignancy | Primary | Supine","Est.Duration:2-5hr"
"Hyperoxaluria","Bleeding control","Others","Open","Supine","1","Others","75.7","Minor","Soft Tissue / Access / Misc","Open","Other Procedure","Benign/Non-malignant | Primary | Supine","Est.Duration:1-3hr"
"Rectal cancer","Low anterior resection","Colorectal","Open","Supine","1","Colorectal","66.8","Major","Abdominal / GI","Open","Colectomy / Bowel Resection","Malignancy | Primary | Supine","Est.Duration:2-4hr"
"Metastatic cancer to the lung right","Exploration of wound","Others","Open","Left lateral decubitus","1","MiscellaneousOther","70.3","Minor","Soft Tissue / Access / Misc","Open","Other Procedure","Malignancy | Primary | Lateral Decubitus","Est.Duration:1-3hr"
"Parastomal hernia","Hernia repair","Colorectal","Open","Supine","1","Colorectal","69.8","Minor","Abdominal / GI","Open","Colectomy / Bowel Resection","Benign/Non-malignant | Revision | Supine","Est.Duration:<2hr"
"Acute cholecystitis","Cholecystectomy","Biliary/Pancreas","Open","Supine","1","Biliary/Pancreas","70.3","Major","Abdominal / GI","Open","Cystoscopy / TURBT","Benign/Non-malignant | Primary | Supine","Est.Duration:<2hr"
"Invasive bladder cancer","Transurethral resection of bladder tumor","Minor resection","Videoscopic","Lithotomy","1","Minor resection","80.5","Minor","Urology","Laparoscopic","Cystoscopy / TURBT","Malignancy | Primary | Lithotomy","Est.Duration:<2hr"
"Advanced gastric cancer, adenocarcinoma","Diagnostic laparoscopy","Others","Videoscopic","Reverse Trendelenburg","1","Others","66.8","Minor","Soft Tissue / Access / Misc","Laparoscopic","Other Procedure","Malignancy | Primary | Trendelenburg","Est.Duration:2-5hr"
"Benign lipomatous neoplasm of other sites","Excision","Others","Open","Prone","1","PituitaryTSA","63.0","Minor","Neuro / Spine","Open","Other Procedure","Malignancy | Primary | Prone","Est.Duration:1-3hr"
"Renal transplant rejection, acute","Nephrectomy","Vascular","Open","Supine","1","Major resection","61.0","Major","Urology","Open","Vascular Reconstruction","Benign/Non-malignant | Primary | Supine","Est.Duration:2-4hr"
"Premature rupture of membrane early preterm (less than 34 weeks)","Cesarean section","Others","Open","Supine","1","Others","50.4","Major","Abdominal / GI","Open","Other Procedure","Benign/Non-malignant | Primary | Supine","Est.Duration:<2hr"
"Rectal cancer","Adhesiolysis","Others","Open","Supine","1","Others","72.0","Major","Soft Tissue / Access / Misc","Open","Other Procedure","Malignancy | Primary | Supine","Est.Duration:1-3hr"
"Hemorrhoids","Hemorrhoidectomy","Colorectal","Open","Supine","1","Colorectal","77.7","Minor","Abdominal / GI","Open","Colectomy / Bowel Resection","Benign/Non-malignant | Primary | Supine","Est.Duration:<2hr"
"Gastrointestinal stromal tumor of small intestine, malignant","Debulking surgery","Others","Open","Lithotomy","1","Others","50.6","Major","Soft Tissue / Access / Misc","Open","Other Procedure","Malignancy | Primary | Lithotomy","Est.Duration:2-5hr"
"Coronary atherosclerosis","Anal fistulotomy","Colorectal","Open","Prone","1","Colorectal","68.3","Minor","Abdominal / GI","Open","Colectomy / Bowel Resection","Benign/Non-malignant | Primary | Prone","Est.Duration:<2hr"
"Rectal cancer","Transanal excision","Colorectal","Open","Lithotomy","1","Colorectal","77.3","Minor","Abdominal / GI","Open","Colectomy / Bowel Resection","Malignancy | Primary | Lithotomy","Est.Duration:<2hr"
"Colon cancer, ascending","Ileostomy","Colorectal","Open","Supine","1","Colorectal","67.1","Major","Abdominal / GI","Open","Colectomy / Bowel Resection","Malignancy | Primary | Supine","Est.Duration:1-3hr"
"Gastrointestinal stromal tumor, malignant","Small bowel segmental resection","Stomach","Open","Supine","1","Stomach","70.4","Major","Abdominal / GI","Open","Colectomy / Bowel Resection","Malignancy | Primary | Supine","Est.Duration:1-3hr"
"Rectal cancer","Total hysterectomy","Colorectal","Open","Lithotomy","1","Major resection","77.3","Major","Abdominal / GI","Open","Colectomy / Bowel Resection","Malignancy | Primary | Lithotomy","Est.Duration:2-4hr"
"rectal prolapse","Hartmann procedure","Colorectal","Open","Supine","1","Colorectal","75.3","Major","Abdominal / GI","Open","Colectomy / Bowel Resection","Benign/Non-malignant | Primary | Supine","Est.Duration:2-4hr"
"Pleural effusion","Decortication","Others","Videoscopic","Left lateral decubitus","1","Others","70.5","Major","Soft Tissue / Access / Misc","Laparoscopic","Thoracic Resection","Benign/Non-malignant | Primary | Lateral Decubitus","Est.Duration:3-6hr"
"Metastatic cancer to the pelvis","Ileostomy","Colorectal","Open","Supine","1","Colorectal","59.4","Major","Abdominal / GI","Open","Colectomy / Bowel Resection","Malignancy | Primary | Supine","Est.Duration:1-3hr"
"Rectal cancer","Excision","Colorectal","Open","Lithotomy","1","CraniTumorSkullBase","71.7","Minor","Neuro / Spine","Open","Colectomy / Bowel Resection","Malignancy | Primary | Lithotomy","Est.Duration:1-3hr"
"Colon cancer","Ultralow anterior resection","Colorectal","Open","Lithotomy","1","Colorectal","65.6","Major","Abdominal / GI","Open","Colectomy / Bowel Resection","Malignancy | Primary | Lithotomy","Est.Duration:2-5hr"
"Bronchoesophageal fistula","Rigid bronchoscopy","Others","Videoscopic","Supine","1","Others","70.2","Minor","Soft Tissue / Access / Misc","Laparoscopic","Other Procedure","Benign/Non-malignant | Primary | Supine","Est.Duration:<2hr"
"Arteriovenous fistula malfunction","Closure of arteriovenous fistula","Vascular","Open","Supine","1","Vascular","93.3","Minor","Vascular","Open","Vascular Reconstruction","Benign/Non-malignant | Primary | Supine","Est.Duration:1-3hr"
"Acalculous cholecystitis","Cholecystectomy","Biliary/Pancreas","Videoscopic","Supine","1","Biliary/Pancreas","67.5","Major","Abdominal / GI","Laparoscopic","Cystoscopy / TURBT","Benign/Non-malignant | Primary | Supine","Est.Duration:<2hr"
"Papillary transitional cell carcinoma, non-invasive","Metastasectomy","Minor resection","Videoscopic","Left lateral decubitus","1","CraniNoS","55.3","Major","Neuro / Spine","Laparoscopic","Craniotomy","Malignancy | Primary | Lateral Decubitus","Est.Duration:1-3hr"
"Hydronephrosis","Pyeloplasty","Minor resection","Robotic","Right lateral decubitus","1","Minor resection","70.0","Major","Urology","Robotic","Other Procedure","Benign/Non-malignant | Primary | Lateral Decubitus","Est.Duration:2-4hr"
"Idiopathic pulmonary fibrosis","Exploration of wound","Others","Open","Supine","1","Others","68.8","Minor","Soft Tissue / Access / Misc","Open","Other Procedure","Benign/Non-malignant | Primary | Supine","Est.Duration:1-3hr"
"Mediastinal mass","Excision","Others","Open","Supine","1","Others","56.9","Minor","Soft Tissue / Access / Misc","Open","Other Procedure","Benign/Non-malignant | Primary | Supine","Est.Duration:1-3hr"
"Rectal cancer","Exploratory laparotomy","Others","Open","Supine","1","Others","79.8","Major","Soft Tissue / Access / Misc","Open","Other Procedure","Malignancy | Primary | Supine","Est.Duration:2-4hr"
"Lymph node enlargement","Paraaortic lymph node dissection","Others","Videoscopic","Lithotomy","1","Others","76.5","Major","Soft Tissue / Access / Misc","Laparoscopic","Other Procedure","Benign/Non-malignant | Primary | Lithotomy","Est.Duration:2-4hr"
"Arteriovenous graft infection","Transposition of basilic vein for arteriovenous fistula","Vascular","Open","Supine","1","Vascular","82.6","Major","Vascular","Open","Vascular Reconstruction","Benign/Non-malignant | Primary | Supine","Est.Duration:2-5hr"
"Colon cancer, sigmoid","Lung wedge resection","Minor resection","Videoscopic","Left lateral decubitus","1","Minor resection","73.4","Major","Thoracic","Laparoscopic","Thoracic Resection","Malignancy | Primary | Lateral Decubitus","Est.Duration:2-4hr"
"Remnant stomach cancer unspecified","Distal gastrectomy","Stomach","Videoscopic","Supine","1","Stomach","65.7","Major","Abdominal / GI","Laparoscopic","Gastric Resection","Malignancy | Primary | Supine","Est.Duration:2-5hr"
"Common bile duct cancer, distal","Pylorus preserving pancreaticoduodenectomy","Biliary/Pancreas","Robotic","Reverse Trendelenburg","1","Biliary/Pancreas","77.9","Major","Abdominal / GI","Robotic","Hepatobiliary / Pancreatic Resection","Malignancy | Primary | Trendelenburg","Est.Duration:>6hr"
"Embolism and thrombosis, lower limb artery","Embolectomy","Vascular","Open","Supine","1","Vascular","60.2","Major","Vascular","Open","Vascular Reconstruction","Benign/Non-malignant | Primary | Supine","Est.Duration:2-4hr"
"Perianal abscess","Incision and drainage","Colorectal","Open","Prone","1","Others","76.7","Minor","Soft Tissue / Access / Misc","Open","Colectomy / Bowel Resection","Benign/Non-malignant | Primary | Prone","Est.Duration:<2hr"
"Radiocontrast media hypersensitivity","Exploratory laparotomy","Others","Open","Lithotomy","1","Others","67.4","Major","Soft Tissue / Access / Misc","Open","Other Procedure","Benign/Non-malignant | Primary | Lithotomy","Est.Duration:2-4hr"
"Ankylosing spondylitis site unspecified","Lung lobectomy","Major resection","Open","Right lateral decubitus","1","Major resection","61.5","Major","Thoracic","Open","Thoracic Resection","Benign/Non-malignant | Primary | Lateral Decubitus","Est.Duration:2-4hr"
"Adrenal Cushing syndrome","Adrenalectomy","Others","Videoscopic","Left lateral decubitus","1","Others","65.8","Major","Abdominal / GI","Laparoscopic","Other Procedure","Benign/Non-malignant | Primary | Lateral Decubitus","Est.Duration:1-3hr"
"Intraductal carcinoma in situ of breast left","Breast-conserving surgery","Breast","Open","Supine","1","Breast","56.9","Major","ENT / Head & Neck","Open","Breast Surgery","Malignancy | Primary | Supine","Est.Duration:1-3hr"
"Ampulla of vater adenoma","Ampullectomy","Biliary/Pancreas","Open","Supine","1","Biliary/Pancreas","64.9","Major","Abdominal / GI","Open","Hepatobiliary / Pancreatic Resection","Benign/Non-malignant | Primary | Supine","Est.Duration:1-3hr"
"Esophageal leiomyoma","Enucleation of esophageal tumor","Others","Open","Left lateral decubitus","1","Others","77.4","Major","Abdominal / GI","Open","Other Procedure","Benign/Non-malignant | Primary | Lateral Decubitus","Est.Duration:2-4hr"
"Gastroesophageal reflux disease","Fundoplication","Others","Videoscopic","Lithotomy","1","Others","63.8","Major","Soft Tissue / Access / Misc","Laparoscopic","Other Procedure","Benign/Non-malignant | Primary | Lithotomy","Est.Duration:2-4hr"
"Triplet pregnancy","Cesarean section","Others","Open","Supine","1","Others","72.5","Major","Abdominal / GI","Open","Other Procedure","Benign/Non-malignant | Primary | Supine","Est.Duration:<2hr"
"Metastatic cancer to the liver","Liver segmentectomy","Hepatic","Open","Lithotomy","1","Hepatic","64.8","Major","Abdominal / GI","Open","Hepatobiliary / Pancreatic Resection","Malignancy | Primary | Lithotomy","Est.Duration:2-5hr"
"Appendiceal cancer","Hemicolectomy","Colorectal","Open","Supine","1","Colorectal","69.1","Major","Abdominal / GI","Open","Colectomy / Bowel Resection","Malignancy | Primary | Supine","Est.Duration:2-4hr"
"Colon cancer, ascending","Exploratory laparotomy","Others","Open","Right lateral decubitus","1","Others","73.4","Major","Soft Tissue / Access / Misc","Open","Other Procedure","Malignancy | Primary | Lateral Decubitus","Est.Duration:2-4hr"
"Melanoma in situ of other sites","Pelvic tumorectomy","Others","Robotic","Lithotomy","1","Major resection","66.7","Major","Thoracic","Robotic","Other Procedure","Benign/Non-malignant | Primary | Lithotomy","Est.Duration:2-5hr"
"Atherosclerosis obliterans without gangrene","Aortofemoral bypass","Vascular","Open","Supine","1","Vascular","63.7","Major","Vascular","Open","Vascular Reconstruction","Benign/Non-malignant | Primary | Supine","Est.Duration:>6hr"
"Peritonei carcinomatosis","Biopsy","Others","Videoscopic","Supine","1","BiopsyBrain","66.0","Minor","Neuro / Spine","Laparoscopic","Access / Drainage Procedures","Malignancy | Primary | Supine","Est.Duration:<2hr"
"Mediastinitis","Closure of wound","Others","Open","Supine","1","Others","56.5","Minor","Soft Tissue / Access / Misc","Open","Other Procedure","Benign/Non-malignant | Primary | Supine","Est.Duration:<2hr"
"Lymph node enlargement","Mediastinal lymph node dissection","Others","Open","Right lateral decubitus","1","Others","88.2","Major","Soft Tissue / Access / Misc","Open","Other Procedure","Benign/Non-malignant | Primary | Lateral Decubitus","Est.Duration:1-3hr"
"Prostate cancer","Radical prostatectomy","Major resection","Robotic","Trendelenburg","1","Major resection","77.5","Major","Urology","Robotic","Other Procedure","Malignancy | Primary | Trendelenburg","Est.Duration:2-5hr"
"Rectal cancer","Transverse loop colostomy","Colorectal","Open","Supine","1","Colorectal","68.3","Major","Abdominal / GI","Open","Colectomy / Bowel Resection","Malignancy | Primary | Supine","Est.Duration:<2hr"
"Neuroendocrine carcinoma of pancreas","Total pancreatectomy","Biliary/Pancreas","Open","Supine","1","Biliary/Pancreas","60.6","Major","Abdominal / GI","Open","Hepatobiliary / Pancreatic Resection","Malignancy | Primary | Supine","Est.Duration:3-6hr"
"Lung cancer unspecified side","Biopsy","Minor resection","Videoscopic","Left lateral decubitus","1","BiopsyMuscleNerve","57.9","Minor","Soft Tissue / Access / Misc","Laparoscopic","Access / Drainage Procedures","Malignancy | Primary | Lateral Decubitus","Est.Duration:<2hr"
"Intraductal papillary mucinous neoplasm of pancreas, malignant","Subtotal pancreatectomy","Biliary/Pancreas","Open","Supine","1","Biliary/Pancreas","51.2","Major","Abdominal / GI","Open","Hepatobiliary / Pancreatic Resection","Malignancy | Primary | Supine","Est.Duration:1-3hr"
"Postoperative infection","Exploratory laparotomy","Others","Open","Lithotomy","1","Others","72.9","Major","Soft Tissue / Access / Misc","Open","Other Procedure","Benign/Non-malignant | Primary | Lithotomy","Est.Duration:2-4hr"
"Insulinoma, uncertain behavior","Spleen preserving distal pancreatectomy","Biliary/Pancreas","Videoscopic","Supine","1","Biliary/Pancreas","77.4","Major","Abdominal / GI","Laparoscopic","Hepatobiliary / Pancreatic Resection","Benign/Non-malignant | Primary | Supine","Est.Duration:1-3hr"
"Perforation of small intestine, traumatic with open wound into peritoneal cavity","Exploratory laparotomy","Others","Open","Lithotomy","1","Others","50.6","Major","Soft Tissue / Access / Misc","Open","Other Procedure","Benign/Non-malignant | Primary | Lithotomy","Est.Duration:2-4hr"
"Abnormal chest CT, lung","Metastasectomy","Minor resection","Videoscopic","Right lateral decubitus","1","Minor resection","67.7","Major","Thoracic","Laparoscopic","Other Procedure","Benign/Non-malignant | Primary | Lateral Decubitus","Est.Duration:1-3hr"
"Pancreatic cancer","Lung wedge resection","Minor resection","Videoscopic","Right lateral decubitus","1","Minor resection","75.4","Major","Thoracic","Laparoscopic","Thoracic Resection","Malignancy | Primary | Lateral Decubitus","Est.Duration:2-4hr"
"Colon cancer, rectosigmoid","Transanal endoscopic microsurgery","Colorectal","Open","Lithotomy","1","Colorectal","77.1","Minor","Abdominal / GI","Open","Colectomy / Bowel Resection","Malignancy | Primary | Lithotomy","Est.Duration:1-3hr"
"Pancreatic tail cancer","Distal pancreatectomy","Biliary/Pancreas","Open","Supine","1","Biliary/Pancreas","72.8","Major","Abdominal / GI","Open","Hepatobiliary / Pancreatic Resection","Malignancy | Primary | Supine","Est.Duration:2-4hr"
"Xanthogranulomatous cholecystitis","Hemicolectomy","Colorectal","Open","Supine","1","Colorectal","62.4","Major","Abdominal / GI","Open","Colectomy / Bowel Resection","Benign/Non-malignant | Primary | Supine","Est.Duration:2-4hr"
"Ovarian cyst","Staging laparotomy","Minor resection","Open","Supine","1","Minor resection","78.2","Major","Abdominal / GI","Open","Other Procedure","Benign/Non-malignant | Primary | Supine","Est.Duration:2-5hr"
"Leiomyosarcoma","Exploratory laparotomy","Major resection","Open","Lithotomy","1","Others","78.9","Major","Soft Tissue / Access / Misc","Open","Other Procedure","Malignancy | Primary | Lithotomy","Est.Duration:2-4hr"
"Mucinous adenocarcinoma of colon","Transanal excision","Colorectal","Open","Prone","1","Colorectal","66.4","Minor","Abdominal / GI","Open","Colectomy / Bowel Resection","Malignancy | Primary | Prone","Est.Duration:<2hr"
"Colon cancer, ascending","Transanal excision","Colorectal","Open","Supine","1","Colorectal","70.8","Minor","Abdominal / GI","Open","Colectomy / Bowel Resection","Malignancy | Primary | Supine","Est.Duration:<2hr"
"Pontine hemorrhage","Diagnostic laparoscopy","Others","Videoscopic","Supine","1","Others","75.9","Minor","Soft Tissue / Access / Misc","Laparoscopic","Other Procedure","Benign/Non-malignant | Primary | Supine","Est.Duration:2-5hr"
"Non-small cell lung cancer left","Lung sgmentectomy","Minor resection","Videoscopic","Right lateral decubitus","1","Minor resection","66.0","Major","Thoracic","Laparoscopic","Thoracic Resection","Malignancy | Primary | Lateral Decubitus","Est.Duration:2-4hr"
"Infiltrating lobular carcinoma of breast unspecified side","Hemihepatectomy","Hepatic","Open","Supine","1","Hepatic","50.5","Major","Abdominal / GI","Open","Hepatobiliary / Pancreatic Resection","Malignancy | Primary | Supine","Est.Duration:3-6hr"
"Nontuberculous mycobacterial infection","Lung lobectomy","Major resection","Open","Left lateral decubitus","1","Major resection","61.7","Major","Thoracic","Open","Thoracic Resection","Benign/Non-malignant | Primary | Lateral Decubitus","Est.Duration:2-4hr"
"Colostomy status","Colostomy repair","Colorectal","Open","Supine","1","Colorectal","59.0","Minor","Abdominal / GI","Open","Colectomy / Bowel Resection","Benign/Non-malignant | Revision | Supine","Est.Duration:<2hr"
"Benign neoplasm of breast left","Excision","Breast","Open","Supine","1","Others","58.7","Minor","Soft Tissue / Access / Misc","Open","Breast Surgery","Malignancy | Primary | Supine","Est.Duration:1-3hr"
"Colonic pseudoobstruction","Total colectomy","Colorectal","Open","Lithotomy","1","Colorectal","67.0","Major","Abdominal / GI","Open","Colectomy / Bowel Resection","Benign/Non-malignant | Primary | Lithotomy","Est.Duration:2-4hr"
"Ingrowing nail","Metastasectomy","Minor resection","Videoscopic","Left lateral decubitus","1","Minor resection","73.1","Major","Thoracic","Laparoscopic","Other Procedure","Benign/Non-malignant | Primary | Lateral Decubitus","Est.Duration:1-3hr"
"Neurogenic tumor","Excision","Others","Open","Left lateral decubitus","1","CraniTumorSkullBase","73.8","Minor","Neuro / Spine","Open","Craniotomy","Malignancy | Primary | Lateral Decubitus","Est.Duration:1-3hr"
"Endometrial cancer unknown stage","Extended hysterectomy","Major resection","Robotic","Trendelenburg","1","Major resection","68.2","Major","Abdominal / GI","Robotic","Other Procedure","Malignancy | Primary | Trendelenburg","Est.Duration:2-4hr"
"Neuroendocrine carcinoma of duodenum","Pancreaticoduodenectomy","Biliary/Pancreas","Open","Supine","1","Biliary/Pancreas","67.9","Major","Abdominal / GI","Open","Hepatobiliary / Pancreatic Resection","Malignancy | Primary | Supine","Est.Duration:>6hr"
"Colonic adenoma","Transanal endoscopic microsurgery","Colorectal","Open","Lithotomy","1","Colorectal","60.8","Minor","Abdominal / GI","Open","Colectomy / Bowel Resection","Benign/Non-malignant | Primary | Lithotomy","Est.Duration:1-3hr"
"Chronic pancreatitis","Pancreaticojejunostomy","Biliary/Pancreas","Open","Supine","1","Biliary/Pancreas","74.6","Major","Abdominal / GI","Open","Hepatobiliary / Pancreatic Resection","Benign/Non-malignant | Primary | Supine","Est.Duration:3-6hr"
"Duodenal obstruction","Gastrojejunostomy","Stomach","Videoscopic","Supine","1","Stomach","71.3","Major","Abdominal / GI","Laparoscopic","Gastric Resection","Benign/Non-malignant | Primary | Supine","Est.Duration:2-4hr"
"Esophageal cancer","Excision","Minor resection","Videoscopic","Left lateral decubitus","1","CraniTumorSkullBase","66.7","Minor","Neuro / Spine","Laparoscopic","Craniotomy","Malignancy | Primary | Lateral Decubitus","Est.Duration:1-3hr"
"Pleural empyema","Thoracoplasty","Others","Open","Left lateral decubitus","1","Others","71.3","Major","Soft Tissue / Access / Misc","Open","Other Procedure","Benign/Non-malignant | Primary | Lateral Decubitus","Est.Duration:>6hr"
"External hemorrhoids without complication","Hemorrhoidectomy","Colorectal","Open","Prone","1","Colorectal","62.3","Minor","Abdominal / GI","Open","Colectomy / Bowel Resection","Benign/Non-malignant | Primary | Prone","Est.Duration:<2hr"
"Malignant thymoma","Thymectomy","Others","Robotic","Supine","1","Others","66.6","Major","Soft Tissue / Access / Misc","Robotic","Thoracic Resection","Malignancy | Primary | Supine","Est.Duration:2-5hr"
"hepatitis b related liver cirrhosis","Liver transplantation","Transplantation","Open","Supine","1","Transplantation","68.2","Major","Abdominal / GI","Open","Hepatobiliary / Pancreatic Resection","Benign/Non-malignant | Primary | Transplant/Reconstruction | Supine","Est.Duration:>6hr"
"Colorectal polyp","Anterior resection","Colorectal","Open","Lithotomy","1","Colorectal","56.4","Major","Abdominal / GI","Open","Colectomy / Bowel Resection","Benign/Non-malignant | Primary | Lithotomy","Est.Duration:1-3hr"
"gallbladder stone","Cholecystectomy","Biliary/Pancreas","Videoscopic","Supine","1","Biliary/Pancreas","71.6","Major","Abdominal / GI","Laparoscopic","Cystoscopy / TURBT","Benign/Non-malignant | Primary | Supine","Est.Duration:<2hr"
"Mucinous carcinoma of breast right","Biopsy","Breast","Open","Supine","1","BiopsyBrain","64.4","Minor","Neuro / Spine","Open","Access / Drainage Procedures","Malignancy | Primary | Supine","Est.Duration:<2hr"
"Abnormal finding on lung imaging","Lung wedge resection","Minor resection","Videoscopic","Supine","1","Minor resection","67.6","Major","Thoracic","Laparoscopic","Thoracic Resection","Benign/Non-malignant | Primary | Supine","Est.Duration:2-4hr"
"Colorectal cancer","Exploratory laparotomy","Others","Open","Lithotomy","1","Others","76.6","Major","Soft Tissue / Access / Misc","Open","Other Procedure","Malignancy | Primary | Lithotomy","Est.Duration:2-4hr"
"Pericardial cyst","Excision","Others","Videoscopic","Left lateral decubitus","1","CraniTumorSkullBase","65.8","Minor","Neuro / Spine","Laparoscopic","Craniotomy","Benign/Non-malignant | Primary | Lateral Decubitus","Est.Duration:1-3hr"
"Adrenal Cushing syndrome","Adrenalectomy","Others","Videoscopic","Left lateral decubitus","1","Others","65.8","Major","Abdominal / GI","Laparoscopic","Other Procedure","Benign/Non-malignant | Primary | Lateral Decubitus","Est.Duration:1-3hr"
"Fallopian tubal cancer unknown stage","Staging laparotomy","Minor resection","Open","Lithotomy","1","Minor resection","65.0","Major","Thoracic","Open","Other Procedure","Malignancy | Primary | Lithotomy","Est.Duration:2-5hr"
"Varicose vein of lower limb","Varicocelectomy","Colorectal","Open","Supine","1","Colorectal","66.1","Minor","Abdominal / GI","Open","Colectomy / Bowel Resection","Benign/Non-malignant | Primary | Supine","Est.Duration:2-4hr"
"Pancreatic cancer","Metastasectomy","Minor resection","Videoscopic","Left lateral decubitus","1","Minor resection","70.8","Major","Thoracic","Laparoscopic","Other Procedure","Malignancy | Primary | Lateral Decubitus","Est.Duration:1-3hr"
"Colon cancer, sigmoid","Ileostomy","Colorectal","Open","Supine","1","Colorectal","67.2","Major","Abdominal / GI","Open","Colectomy / Bowel Resection","Malignancy | Primary | Supine","Est.Duration:1-3hr"
"Thyroid nodule","Hemihepatectomy","Hepatic","Open","Supine","1","Hepatic","74.0","Major","Abdominal / GI","Open","Hepatobiliary / Pancreatic Resection","Benign/Non-malignant | Primary | Supine","Est.Duration:3-6hr"
"Peritonitis","Diagnostic laparoscopy","Others","Videoscopic","Lithotomy","1","Others","81.6","Minor","Soft Tissue / Access / Misc","Laparoscopic","Other Procedure","Benign/Non-malignant | Primary | Lithotomy","Est.Duration:2-5hr"
"End stage renal disease","Revision of arteriovenous fistula","Vascular","Open","Supine","1","Vascular","78.1","Minor","Vascular","Open","Vascular Reconstruction","Benign/Non-malignant | Revision | Supine","Est.Duration:2-4hr"
"Benign neoplasm of coccyx","Excision","Others","Open","Prone","1","Others","60.2","Minor","Soft Tissue / Access / Misc","Open","Other Procedure","Malignancy | Primary | Prone","Est.Duration:1-3hr"
"Bile duct stone with cholangitis","Hemihepatectomy","Hepatic","Open","Supine","1","Biliary/Pancreas","76.5","Major","Abdominal / GI","Open","Hepatobiliary / Pancreatic Resection","Benign/Non-malignant | Primary | Supine","Est.Duration:3-6hr"
"Adenomyomatosis of gallbladder","Cholecystectomy","Biliary/Pancreas","Robotic","Reverse Trendelenburg","1","Biliary/Pancreas","65.0","Major","Abdominal / GI","Robotic","Cystoscopy / TURBT","Benign/Non-malignant | Primary | Trendelenburg","Est.Duration:<2hr"
"Atherosclerosis obliterans with gangrene","Arteriovenous fistula thrombectomy","Vascular","Open","Supine","1","Vascular","71.6","Major","Vascular","Open","Vascular Reconstruction","Benign/Non-malignant | Primary | Supine","Est.Duration:2-4hr"
"Xanthogranulomatous cholecystitis","Cholecystectomy","Biliary/Pancreas","Open","Supine","1","Biliary/Pancreas","63.9","Major","Abdominal / GI","Open","Cystoscopy / TURBT","Benign/Non-malignant | Primary | Supine","Est.Duration:<2hr"
"Abnormal electrocardiogram","Hernia repair","Colorectal","Open","Supine","1","Colorectal","64.9","Minor","Abdominal / GI","Open","Colectomy / Bowel Resection","Benign/Non-malignant | Revision | Supine","Est.Duration:<2hr"
"Cecal cancer","Hartmann procedure","Colorectal","Open","Lithotomy","1","Colorectal","78.2","Major","Abdominal / GI","Open","Colectomy / Bowel Resection","Malignancy | Primary | Lithotomy","Est.Duration:2-4hr"
"Renal cell carcinoma right","Metastasectomy","Minor resection","Videoscopic","Right lateral decubitus","1","Minor resection","65.8","Major","Thoracic","Laparoscopic","Other Procedure","Malignancy | Primary | Lateral Decubitus","Est.Duration:1-3hr"
"Intraductal papillary mucinous neoplasm of pancreas, moderate dysplasia","Pylorus preserving pancreaticoduodenectomy","Biliary/Pancreas","Open","Supine","1","Biliary/Pancreas","52.5","Major","Abdominal / GI","Open","Hepatobiliary / Pancreatic Resection","Malignancy | Primary | Supine","Est.Duration:>6hr"
"Carcinoma in situ of anus","Transanal excision","Colorectal","Open","Prone","1","Colorectal","69.3","Minor","Abdominal / GI","Open","Colectomy / Bowel Resection","Malignancy | Primary | Prone","Est.Duration:<2hr"
"advanced gastric cancer","Remnant total gastrectomy","Stomach","Open","Supine","1","Stomach","74.5","Major","Abdominal / GI","Open","Gastric Resection","Malignancy | Revision | Supine","Est.Duration:2-5hr"
"Breast cancer unspecified side","Biopsy","Minor resection","Videoscopic","Left lateral decubitus","1","BiopsyBrain","65.0","Minor","Neuro / Spine","Laparoscopic","Access / Drainage Procedures","Malignancy | Primary | Lateral Decubitus","Est.Duration:<2hr"
"Aspergilloma","Lung wedge resection","Minor resection","Videoscopic","Left lateral decubitus","1","Minor resection","79.5","Major","Thoracic","Laparoscopic","Thoracic Resection","Benign/Non-malignant | Primary | Lateral Decubitus","Est.Duration:2-4hr"
"Chronic renal failure","Kidney transplantation","Transplantation","Open","Supine","1","Transplantation","63.0","Major","Urology","Open","Transplant / Major Reconstruction","Benign/Non-malignant | Primary | Transplant/Reconstruction | Supine","Est.Duration:3-6hr"
"Tubular adenoma, stomach","Distal gastrectomy","Stomach","Videoscopic","Supine","1","Stomach","70.3","Major","Abdominal / GI","Laparoscopic","Gastric Resection","Benign/Non-malignant | Primary | Supine","Est.Duration:2-5hr"
"Recurrent / persistent endometrial cancer unknown stage","Lung wedge resection","Minor resection","Videoscopic","Right lateral decubitus","1","Minor resection","51.2","Major","Thoracic","Laparoscopic","Thoracic Resection","Malignancy | Primary | Lateral Decubitus","Est.Duration:2-4hr"
"Cervical cancer unknown stage","Radical trachelectomy","Major resection","Robotic","Lithotomy","1","Major resection","69.4","Major","Abdominal / GI","Robotic","Other Procedure","Malignancy | Primary | Lithotomy","Est.Duration:2-5hr"
"Idiopathic pulmonary fibrosis","Biopsy","Minor resection","Videoscopic","Left lateral decubitus","1","Minor resection","56.7","Minor","Thoracic","Laparoscopic","Access / Drainage Procedures","Benign/Non-malignant | Primary | Lateral Decubitus","Est.Duration:<2hr"
"Atypical endometrial hyperplasia, complex","Hysterectomy","Major resection","Robotic","Lithotomy","1","Major resection","59.8","Major","Abdominal / GI","Robotic","Other Procedure","Benign/Non-malignant | Primary | Lithotomy","Est.Duration:1-3hr"
"Embolism and thrombosis, iliac artery","Resection of lower limb artery","Vascular","Open","Supine","1","Vascular","71.3","Major","Vascular","Open","Vascular Reconstruction","Benign/Non-malignant | Primary | Supine","Est.Duration:2-5hr"
"Injury of popliteal artery","Incision and drainage","Vascular","Open","Supine","1","Others","70.8","Minor","Soft Tissue / Access / Misc","Open","Access / Drainage Procedures","Benign/Non-malignant | Primary | Supine","Est.Duration:<2hr"
"Esophageal cancer","Feeding jejunostomy","Others","Open","Supine","1","Others","74.7","Minor","Soft Tissue / Access / Misc","Open","Access / Drainage Procedures","Malignancy | Primary | Supine","Est.Duration:1-3hr"
"Intraductal papillary mucinous neoplasm of pancreas, non-invasive","Pylorus preserving pancreaticoduodenectomy","Biliary/Pancreas","Open","Supine","1","Biliary/Pancreas","52.7","Major","Abdominal / GI","Open","Hepatobiliary / Pancreatic Resection","Malignancy | Primary | Supine","Est.Duration:>6hr"
"Pancreatic cancer","Gastrojejunostomy","Stomach","Open","Supine","1","Stomach","73.3","Major","Abdominal / GI","Open","Gastric Resection","Malignancy | Primary | Supine","Est.Duration:2-4hr"
"Late latent syphilis","Cholecystectomy","Biliary/Pancreas","Videoscopic","Supine","1","Biliary/Pancreas","69.7","Major","Abdominal / GI","Laparoscopic","Cystoscopy / TURBT","Benign/Non-malignant | Primary | Supine","Est.Duration:<2hr"
"Pneumothorax","Exploration","Others","Videoscopic","Right lateral decubitus","1","Others","73.8","Minor","Soft Tissue / Access / Misc","Laparoscopic","Other Procedure","Benign/Non-malignant | Primary | Lateral Decubitus","Est.Duration:2-4hr"
"Age-related macular degeneration, exudative","Hernia repair","Colorectal","Open","Supine","1","Colorectal","60.1","Minor","Abdominal / GI","Open","Colectomy / Bowel Resection","Benign/Non-malignant | Revision | Supine","Est.Duration:<2hr"
"Liver transplantation","Exploratory laparotomy","Others","Open","Supine","1","Others","74.0","Major","Soft Tissue / Access / Misc","Open","Other Procedure","Benign/Non-malignant | Primary | Supine","Est.Duration:2-4hr"
"Testis rupture","Diagnostic procedure","Minor resection","Open","Supine","1","Minor resection","77.7","Minor","Thoracic","Open","Other Procedure","Benign/Non-malignant | Primary | Supine","Est.Duration:1-3hr"
"Metastatic cancer to the pancreas","Distal pancreatectomy","Biliary/Pancreas","Open","Supine","1","Biliary/Pancreas","66.2","Major","Abdominal / GI","Open","Hepatobiliary / Pancreatic Resection","Malignancy | Primary | Supine","Est.Duration:2-4hr"
"Rectal cancer","Low anterior resection","Colorectal","Robotic","Trendelenburg","1","Colorectal","79.8","Major","Abdominal / GI","Robotic","Colectomy / Bowel Resection","Malignancy | Primary | Trendelenburg","Est.Duration:2-4hr"
"Anal fistula","Incision and drainage","Colorectal","Open","Prone","1","Others","80.1","Minor","Soft Tissue / Access / Misc","Open","Colectomy / Bowel Resection","Benign/Non-malignant | Primary | Prone","Est.Duration:<2hr"
"Costochondritis","Total thyroidectomy","Thyroid","Open","Supine","1","Thyroid","76.6","Major","ENT / Head & Neck","Open","Thyroid / Parathyroid","Benign/Non-malignant | Primary | Supine","Est.Duration:2-4hr"
"Neuroendocrine tumor of pancreas, G1","Excision","Biliary/Pancreas","Open","Supine","1","CraniTumorSkullBase","65.4","Minor","Neuro / Spine","Open","Craniotomy","Malignancy | Primary | Supine","Est.Duration:1-3hr"
"Aortic aneurysm rupture","Aortoiliac bypass","Vascular","Open","Supine","1","Vascular","55.6","Major","Vascular","Open","Vascular Reconstruction","Benign/Non-malignant | Primary | Supine","Est.Duration:3-6hr"
"Panperitonitis","Hartmann procedure","Colorectal","Open","Supine","1","Colorectal","76.4","Major","Abdominal / GI","Open","Colectomy / Bowel Resection","Benign/Non-malignant | Primary | Supine","Est.Duration:2-4hr"
"Hepatocellular carcinoma","Embolectomy","Vascular","Open","Supine","1","Vascular","63.9","Major","Vascular","Open","Vascular Reconstruction","Malignancy | Primary | Supine","Est.Duration:2-4hr"
"Endometrial cancer unknown stage","Extended hysterectomy","Major resection","Videoscopic","Lithotomy","1","Major resection","68.2","Major","Abdominal / GI","Laparoscopic","Other Procedure","Malignancy | Primary | Lithotomy","Est.Duration:2-4hr"
"Esophageal cancer","Ivor Lewis operation","Others","Robotic","Supine","1","Others","75.4","Major","Soft Tissue / Access / Misc","Robotic","Other Procedure","Malignancy | Primary | Supine","Est.Duration:>6hr"
"choledochal cyst","Liver transplantation","Transplantation","Open","Supine","1","Transplantation","76.7","Major","Abdominal / GI","Open","Hepatobiliary / Pancreatic Resection","Benign/Non-malignant | Primary | Transplant/Reconstruction | Supine","Est.Duration:>6hr"
"Pancreatic cancer","Total gastrectomy","Stomach","Open","Supine","1","Stomach","79.5","Major","Abdominal / GI","Open","Gastric Resection","Malignancy | Primary | Supine","Est.Duration:2-5hr"
"Epithelial ovarian cancer, stage 4 unspecified side","Debulking surgery","Major resection","Open","Lithotomy","1","Major resection","51.8","Major","Abdominal / GI","Open","Other Procedure","Malignancy | Primary | Lithotomy","Est.Duration:2-5hr"
"Renal cell carcinoma left","Biopsy","Minor resection","Videoscopic","Right lateral decubitus","1","BiopsyBrain","63.6","Minor","Neuro / Spine","Laparoscopic","Access / Drainage Procedures","Malignancy | Primary | Lateral Decubitus","Est.Duration:<2hr"
"hyperthyroidism","Total thyroidectomy","Thyroid","Open","Supine","1","Thyroid","76.6","Major","ENT / Head & Neck","Open","Thyroid / Parathyroid","Benign/Non-malignant | Primary | Supine","Est.Duration:2-4hr"
"Neuroendocrine tumor of duodenum, G1","Total gastrectomy","Stomach","Open","Supine","1","Stomach","64.7","Major","Abdominal / GI","Open","Gastric Resection","Malignancy | Primary | Supine","Est.Duration:2-5hr"
"Squamous cell carcinoma of skin, toe","Radical excision of iliac lymph nodes","Colorectal","Open","Supine","1","Colorectal","74.4","Major","Abdominal / GI","Open","Colectomy / Bowel Resection","Malignancy | Primary | Supine","Est.Duration:2-4hr"
"Leiomyomatosis","Exploratory laparotomy","Others","Open","Supine","1","Others","78.9","Major","Abdominal / GI","Open","Other Procedure","Benign/Non-malignant | Primary | Supine","Est.Duration:2-4hr"
"Gastrointestinal stromal tumor, malignant","Excision","Stomach","Open","Lithotomy","1","CraniTumorSkullBase","65.0","Minor","Neuro / Spine","Open","Craniotomy","Malignancy | Primary | Lithotomy","Est.Duration:1-3hr"
"Colon cancer, rectosigmoid","Anterior resection","Colorectal","Videoscopic","Trendelenburg","1","Colorectal","69.3","Major","Abdominal / GI","Laparoscopic","Colectomy / Bowel Resection","Malignancy | Primary | Trendelenburg","Est.Duration:1-3hr"
"Adhesive ileus","Ileostomy repair","Colorectal","Open","Supine","1","Colorectal","74.8","Minor","Abdominal / GI","Open","Colectomy / Bowel Resection","Benign/Non-malignant | Revision | Supine","Est.Duration:<2hr"
"Colon disease","Hemicolectomy","Colorectal","Videoscopic","Lithotomy","1","Colorectal","73.0","Major","Abdominal / GI","Laparoscopic","Colectomy / Bowel Resection","Benign/Non-malignant | Primary | Lithotomy","Est.Duration:2-4hr"
"Neuroendocrine tumor of duodenum, G1","Excision","Stomach","Open","Supine","1","Others","57.5","Minor","Soft Tissue / Access / Misc","Open","Gastric Resection","Malignancy | Primary | Supine","Est.Duration:1-3hr"
"Myxofibrosarcoma","Metastasectomy","Minor resection","Videoscopic","Left lateral decubitus","1","Minor resection","71.5","Major","Thoracic","Laparoscopic","Other Procedure","Malignancy | Primary | Lateral Decubitus","Est.Duration:1-3hr"
"Lymphoma","Mediastinal lymph node dissection","Others","Videoscopic","Supine","1","Others","90.5","Major","Soft Tissue / Access / Misc","Laparoscopic","Other Procedure","Malignancy | Primary | Supine","Est.Duration:1-3hr"
"Gallbladder stone without obstruction","Wound revision","Others","Open","Supine","1","Others","62.0","Minor","Soft Tissue / Access / Misc","Open","Other Procedure","Benign/Non-malignant | Revision | Supine","Est.Duration:<2hr"
"Colonic polyp","Anterior resection","Colorectal","Open","Lithotomy","1","Colorectal","56.4","Major","Abdominal / GI","Open","Colectomy / Bowel Resection","Benign/Non-malignant | Primary | Lithotomy","Est.Duration:1-3hr"
"Esophageal cancer","Lung wedge resection","Minor resection","Videoscopic","Right lateral decubitus","1","Minor resection","75.4","Major","Thoracic","Laparoscopic","Thoracic Resection","Malignancy | Primary | Lateral Decubitus","Est.Duration:2-4hr"
"Colorectal adenomatous polyp","Transanal excision","Colorectal","Open","Prone","1","Colorectal","67.9","Minor","Abdominal / GI","Open","Colectomy / Bowel Resection","Benign/Non-malignant | Primary | Prone","Est.Duration:<2hr"
"Hamartoma of lung left","Excision","Major resection","Videoscopic","Right lateral decubitus","1","CraniTumorSkullBase","67.1","Minor","Neuro / Spine","Laparoscopic","Craniotomy","Benign/Non-malignant | Primary | Lateral Decubitus","Est.Duration:1-3hr"
"Lung nodule","Lung wedge resection","Minor resection","Videoscopic","Right lateral decubitus","1","Minor resection","80.5","Major","Thoracic","Laparoscopic","Thoracic Resection","Benign/Non-malignant | Primary | Lateral Decubitus","Est.Duration:2-4hr"
"Common bile duct cancer","Hepatic hilar resection","Hepatic","Open","Supine","1","Biliary/Pancreas","72.3","Major","Abdominal / GI","Open","Hepatobiliary / Pancreatic Resection","Malignancy | Primary | Supine","Est.Duration:2-5hr"
"Common bile duct cancer","Pylorus preserving pancreaticoduodenectomy","Biliary/Pancreas","Robotic","Supine","1","Biliary/Pancreas","81.1","Major","Abdominal / GI","Robotic","Hepatobiliary / Pancreatic Resection","Malignancy | Primary | Supine","Est.Duration:>6hr"
"Fournier's gangrene, male","Colostomy","Colorectal","Open","Supine","1","Colorectal","67.4","Major","Abdominal / GI","Open","Colectomy / Bowel Resection","Benign/Non-malignant | Primary | Supine","Est.Duration:<2hr"
"Intrahepatic duct stone with obstruction","Hemihepatectomy","Hepatic","Open","Supine","1","Hepatic","61.9","Major","Abdominal / GI","Open","Hepatobiliary / Pancreatic Resection","Benign/Non-malignant | Primary | Supine","Est.Duration:3-6hr"
"Antenatal care for normal pregnancy 34 weeks or more pregnant","Cesarean section","Others","Open","Supine","1","Others","50.5","Major","Abdominal / GI","Open","Other Procedure","Benign/Non-malignant | Primary | Supine","Est.Duration:<2hr"
"Thrombocytopenia","Splenectomy","Biliary/Pancreas","Videoscopic","Right lateral decubitus","1","Biliary/Pancreas","68.4","Major","Abdominal / GI","Laparoscopic","Hepatobiliary / Pancreatic Resection","Benign/Non-malignant | Primary | Lateral Decubitus","Est.Duration:1-3hr"
"Pleural disease","Excision","Others","Videoscopic","Right lateral decubitus","1","CraniTumorSkullBase","68.5","Minor","Neuro / Spine","Laparoscopic","Craniotomy","Benign/Non-malignant | Primary | Lateral Decubitus","Est.Duration:1-3hr"
"Pancreatic cancer","Spleen preserving distal pancreatectomy","Biliary/Pancreas","Videoscopic","Supine","1","Biliary/Pancreas","83.6","Major","Abdominal / GI","Laparoscopic","Hepatobiliary / Pancreatic Resection","Malignancy | Primary | Supine","Est.Duration:1-3hr"
"Invasive thymoma","Thymectomy","Others","Robotic","Supine","1","Others","67.3","Major","Soft Tissue / Access / Misc","Robotic","Thoracic Resection","Benign/Non-malignant | Primary | Supine","Est.Duration:2-5hr"
"Colon cancer","Ileostomy","Colorectal","Open","Supine","1","Colorectal","73.7","Major","Abdominal / GI","Open","Colectomy / Bowel Resection","Malignancy | Primary | Supine","Est.Duration:1-3hr"
"Infiltrating lobular carcinoma of breast left","Simple mastectomy","Breast","Open","Supine","1","Breast","56.9","Major","ENT / Head & Neck","Open","Breast Surgery","Malignancy | Primary | Supine","Est.Duration:1-3hr"
"Prostate cancer","Radical prostatectomy","Major resection","Robotic","Supine","1","Major resection","77.5","Major","Urology","Robotic","Other Procedure","Malignancy | Primary | Supine","Est.Duration:2-5hr"
"Colonic pseudoobstruction","Subtotal colectomy","Colorectal","Open","Supine","1","Colorectal","69.3","Major","Abdominal / GI","Open","Colectomy / Bowel Resection","Benign/Non-malignant | Primary | Supine","Est.Duration:2-4hr"
"Neutropenic fever","Lung lobectomy","Major resection","Open","Right lateral decubitus","1","Major resection","70.8","Major","Thoracic","Open","Thoracic Resection","Benign/Non-malignant | Primary | Lateral Decubitus","Est.Duration:2-4hr"
"Mediastinal germ cell tumor","Excision","Others","Open","Supine","1","CraniTumorSkullBase","67.6","Minor","Neuro / Spine","Open","Craniotomy","Malignancy | Primary | Supine","Est.Duration:1-3hr"
"Colorectal polyp","anterior resection","Colorectal","Open","Lithotomy","1","Colorectal","56.4","Major","Abdominal / GI","Open","Colectomy / Bowel Resection","Benign/Non-malignant | Primary | Lithotomy","Est.Duration:1-3hr"
"Common bile duct stone without obstruction","Incision and drainage","Others","Open","Supine","1","Others","65.1","Minor","Soft Tissue / Access / Misc","Open","Access / Drainage Procedures","Benign/Non-malignant | Primary | Supine","Est.Duration:<2hr"
"Endometrial cancer unknown stage","Pelvic tumorectomy","Major resection","Robotic","Lithotomy","1","Major resection","66.4","Major","Abdominal / GI","Robotic","Other Procedure","Malignancy | Primary | Lithotomy","Est.Duration:2-5hr"
"Colorectal polyp","Transanal endoscopic microsurgery","Colorectal","Open","Right lateral decubitus","1","Colorectal","60.8","Minor","Abdominal / GI","Open","Colectomy / Bowel Resection","Benign/Non-malignant | Primary | Lateral Decubitus","Est.Duration:1-3hr"
"Gynecomastia","Wound revision","Others","Open","Supine","1","Others","61.7","Minor","Soft Tissue / Access / Misc","Open","Other Procedure","Benign/Non-malignant | Revision | Supine","Est.Duration:<2hr"
"Primary aldosteronism","Adrenalectomy","Others","Videoscopic","Right lateral decubitus","1","Others","67.3","Major","Abdominal / GI","Laparoscopic","Other Procedure","Benign/Non-malignant | Primary | Lateral Decubitus","Est.Duration:1-3hr"
"Pleural empyema","Empyemectomy","Minor resection","Videoscopic","Right lateral decubitus","1","Minor resection","70.3","Major","Thoracic","Laparoscopic","Other Procedure","Benign/Non-malignant | Primary | Lateral Decubitus","Est.Duration:2-5hr"
"Solitary pulmonary nodule","Biopsy","Minor resection","Videoscopic","Right lateral decubitus","1","BiopsyBrain","63.6","Minor","Neuro / Spine","Laparoscopic","Access / Drainage Procedures","Benign/Non-malignant | Primary | Lateral Decubitus","Est.Duration:<2hr"
"Synovial sarcoma","Metastasectomy","Minor resection","Open","Right lateral decubitus","1","Minor resection","71.5","Major","Thoracic","Open","Other Procedure","Malignancy | Primary | Lateral Decubitus","Est.Duration:1-3hr"
"Neurogenic tumor","Excision","Others","Open","Left lateral decubitus","1","CraniTumorSkullBase","73.8","Minor","Neuro / Spine","Open","Craniotomy","Malignancy | Primary | Lateral Decubitus","Est.Duration:1-3hr"
"Pseudomyxoma peritonei","Exploratory laparotomy","Others","Open","Supine","1","Others","73.4","Major","Soft Tissue / Access / Misc","Open","Other Procedure","Benign/Non-malignant | Primary | Supine","Est.Duration:2-4hr"
"Postoperative empyema","Clagett procedure","Others","Open","Right lateral decubitus","1","Others","70.7","Major","Soft Tissue / Access / Misc","Open","Other Procedure","Benign/Non-malignant | Primary | Lateral Decubitus","Est.Duration:<2hr"
"Liposarcoma","Exploratory laparotomy","Others","Open","Supine","1","Others","81.6","Major","Soft Tissue / Access / Misc","Open","Other Procedure","Malignancy | Primary | Supine","Est.Duration:2-4hr"
"Pleural empyema","Decortication","Others","Open","Left lateral decubitus","1","Others","71.3","Major","Soft Tissue / Access / Misc","Open","Thoracic Resection","Benign/Non-malignant | Primary | Lateral Decubitus","Est.Duration:3-6hr"
"Gastrointestinal stromal tumor of small intestine","Resection of intestine","Stomach","Open","Lithotomy","1","Stomach","63.9","Major","Abdominal / GI","Open","Colectomy / Bowel Resection","Malignancy | Primary | Lithotomy","Est.Duration:<2hr"
"Subarachnoid hemorrhage, traumaticwithout open wound","Exploratory laparotomy","Others","Open","Supine","1","MiscellaneousOther","52.3","Major","Soft Tissue / Access / Misc","Open","Other Procedure","Benign/Non-malignant | Primary | Supine","Est.Duration:2-4hr"
"Hepatocellular carcinoma","Bleeding control","Others","Open","Lithotomy","1","Others","68.3","Minor","Soft Tissue / Access / Misc","Open","Other Procedure","Malignancy | Primary | Lithotomy","Est.Duration:1-3hr"
"Liver cirrhosis with hepatitis C Child-Pugh C","Liver transplantation","Transplantation","Open","Supine","1","Transplantation","68.2","Major","Abdominal / GI","Open","Hepatobiliary / Pancreatic Resection","Benign/Non-malignant | Primary | Transplant/Reconstruction | Supine","Est.Duration:>6hr"
"Pancreatic cancer","Ileostomy","Colorectal","Open","Supine","1","Colorectal","74.4","Major","Abdominal / GI","Open","Colectomy / Bowel Resection","Malignancy | Primary | Supine","Est.Duration:1-3hr"
"Lung cancer","Lung lobectomy","Major resection","Videoscopic","Right lateral decubitus","1","Major resection","76.0","Major","Thoracic","Laparoscopic","Thoracic Resection","Malignancy | Primary | Lateral Decubitus","Est.Duration:2-4hr"
"Papillary thyroid carcinoma","Thyroid lobectomy","Thyroid","Videoscopic","Supine","1","Thyroid","67.6","Major","ENT / Head & Neck","Laparoscopic","Thyroid / Parathyroid","Malignancy | Primary | Supine","Est.Duration:1-3hr"
"Atherosclerosis obliterans of aorta without gangrene","Aortoiliac bypass","Vascular","Open","Supine","1","Vascular","50.9","Major","Vascular","Open","Vascular Reconstruction","Benign/Non-malignant | Primary | Supine","Est.Duration:3-6hr"
"Early gastric cancer","Partial gastrectomy","Stomach","Open","Supine","1","Stomach","65.7","Major","Abdominal / GI","Open","Gastric Resection","Malignancy | Primary | Supine","Est.Duration:2-5hr"
"Thyroid cancer","Modified radical neck dissection","Others","Open","Supine","1","Others","77.9","Major","ENT / Head & Neck","Open","Thyroid / Parathyroid","Malignancy | Primary | Supine","Est.Duration:1-3hr"
"Hemorrhoids","Sphincterotomy","Colorectal","Open","Supine","1","Colorectal","76.0","Minor","Abdominal / GI","Open","Colectomy / Bowel Resection","Benign/Non-malignant | Primary | Supine","Est.Duration:<2hr"
"Rectal cancer","Paraaortic lymph node dissection","Others","Open","Lithotomy","1","Others","89.7","Major","Soft Tissue / Access / Misc","Open","Other Procedure","Malignancy | Primary | Lithotomy","Est.Duration:2-4hr"
"Common bile duct cancer, distal","Exploratory laparotomy","Others","Open","Supine","1","Biliary/Pancreas","76.8","Major","Abdominal / GI","Open","Other Procedure","Malignancy | Primary | Supine","Est.Duration:2-4hr"
"Breast cancer left","Excision","Breast","Open","Supine","1","CraniTumorSkullBase","71.5","Minor","Neuro / Spine","Open","Craniotomy","Malignancy | Primary | Supine","Est.Duration:1-3hr"
"Hepatic failure without coma","Liver transplantation","Transplantation","Open","Supine","1","Transplantation","69.8","Major","Abdominal / GI","Open","Hepatobiliary / Pancreatic Resection","Benign/Non-malignant | Primary | Transplant/Reconstruction | Supine","Est.Duration:>6hr"
"Advanced gastric cancer, adenocarcinoma","Distal gastrectomy","Stomach","Videoscopic","Supine","1","Stomach","64.4","Major","Abdominal / GI","Laparoscopic","Gastric Resection","Malignancy | Primary | Supine","Est.Duration:2-5hr"
"thyroid nodule","Thyroidectomy","Thyroid","Robotic","Supine","1","Thyroid","72.1","Major","ENT / Head & Neck","Robotic","Thyroid / Parathyroid","Benign/Non-malignant | Primary | Supine","Est.Duration:2-4hr"
"Epidermal cyst","Wide excision","Others","Open","Supine","1","Others","72.1","Minor","Soft Tissue / Access / Misc","Open","Other Procedure","Benign/Non-malignant | Primary | Supine","Est.Duration:<2hr"
"Colon cancer, transverse","Hemicolectomy","Colorectal","Open","Lithotomy","1","Colorectal","66.3","Major","Abdominal / GI","Open","Colectomy / Bowel Resection","Malignancy | Primary | Lithotomy","Est.Duration:2-4hr"
"Intraductal papillary mucinous neoplasm of pancreas, benign","Partial pancreatectomy","Biliary/Pancreas","Open","Supine","1","Biliary/Pancreas","51.3","Major","Abdominal / GI","Open","Hepatobiliary / Pancreatic Resection","Malignancy | Primary | Supine","Est.Duration:2-5hr"
"Low back pain site unspecified","Excision","Others","Open","Prone","1","PituitaryTSA","62.8","Minor","Neuro / Spine","Open","Other Procedure","Benign/Non-malignant | Primary | Prone","Est.Duration:1-3hr"
"End stage kidney disease on dialysis","Arteriovenous fistula","Vascular","Open","Supine","1","Vascular","67.6","Major","Vascular","Open","Vascular Reconstruction","Benign/Non-malignant | Primary | Supine","Est.Duration:1-3hr"
"Pulmonary sclerosing hemangioma","Lung wedge resection","Minor resection","Videoscopic","Left lateral decubitus","1","Minor resection","68.0","Major","Thoracic","Laparoscopic","Thoracic Resection","Benign/Non-malignant | Primary | Lateral Decubitus","Est.Duration:2-4hr"
"Venous insufficiency with swelling or pain","Ligation and stripping","Vascular","Open","Supine","1","Vascular","65.6","Minor","Vascular","Open","Vascular Reconstruction","Benign/Non-malignant | Primary | Supine","Est.Duration:1-3hr"
"Chronic pancreatitis","Spleen preserving distal pancreatectomy","Biliary/Pancreas","Videoscopic","Supine","1","Biliary/Pancreas","81.8","Major","Abdominal / GI","Laparoscopic","Hepatobiliary / Pancreatic Resection","Benign/Non-malignant | Primary | Supine","Est.Duration:1-3hr"
"Parathyroid disease","Thyroid lobectomy","Thyroid","Open","Supine","1","Thyroid","71.9","Major","ENT / Head & Neck","Open","Thyroid / Parathyroid","Benign/Non-malignant | Primary | Supine","Est.Duration:1-3hr"
"Colon submucosal tumor, unknown behavior","Ultralow anterior resection","Colorectal","Videoscopic","Lithotomy","1","Colorectal","69.0","Major","Abdominal / GI","Laparoscopic","Colectomy / Bowel Resection","Malignancy | Primary | Lithotomy","Est.Duration:2-5hr"
"Common bile duct stone without obstruction","Choledochal cyst excision","Biliary/Pancreas","Robotic","Supine","1","Biliary/Pancreas","68.1","Major","Abdominal / GI","Robotic","Hepatobiliary / Pancreatic Resection","Benign/Non-malignant | Primary | Supine","Est.Duration:2-5hr"
"Epithelial ovarian cancer unknown stage","Debulking surgery","Major resection","Open","Lithotomy","1","Others","63.5","Major","Abdominal / GI","Open","Other Procedure","Malignancy | Primary | Lithotomy","Est.Duration:2-5hr"
