dx,opname,optype,approach,position,count
Early gastric cancer,Distal gastrectomy,Stomach,Videoscopic,Supine,132
Lung cancer right,Lung lobectomy,Major resection,Videoscopic,Left lateral decubitus,119
Gallbladder stone without obstruction,Cholecystectomy,Biliary/Pancreas,Videoscopic,Supine,102
End stage renal disease,Kidney transplantation,Transplantation,Open,Supine,83
Lung cancer left,Lung lobectomy,Major resection,Videoscopic,Right lateral decubitus,68
"Colon cancer, sigmoid",Anterior resection,Colorectal,Videoscopic,Lithotomy,62
Varicose vein of lower limb,Ligation and stripping,Vascular,Open,Supine,61
Infiltrating ductal carcinoma of breast right,Breast-conserving surgery,Breast,Open,Supine,58
Thyroid nodule,Thyroid lobectomy,Thyroid,Open,Supine,58
Early gastric cancer ,Distal gastrectomy,Stomach,Videoscopic,Supine,55
Inguinal hernia not specified as recurrent,Hernia repair,Colorectal,Open,Supine,54
Thyroid nodule,Total thyroidectomy,Thyroid,Open,Supine,52
Breast cancer right,Breast-conserving surgery,Breast,Open,Supine,48
"Colon cancer, sigmoid",Anterior resection,Colorectal,Open,Lithotomy,42
Early gastric cancer,Pylorus preserving gastrectomy,Stomach,Videoscopic,Supine,41
"Colon cancer, ascending",Hemicolectomy,Colorectal,Open,Supine,41
Acute cholecystitis,Cholecystectomy,Biliary/Pancreas,Videoscopic,Supine,40
Gallbladder polyp,Cholecystectomy,Biliary/Pancreas,Videoscopic,Supine,40
Advanced gastric cancer,Distal gastrectomy,Stomach,Videoscopic,Supine,37
Hepatocellular carcinoma,Liver transplantation,Transplantation,Open,Supine,35
Infiltrating ductal carcinoma of breast left,Breast-conserving surgery,Breast,Open,Supine,35
Living liver donor,Donor hepatectomy,Transplantation,Videoscopic,Lithotomy,33
Breast cancer left,Breast-conserving surgery,Breast,Open,Supine,32
Rectal cancer,Low anterior resection,Colorectal,Open,Lithotomy,31
Symptomatic gallbladder stone without obstruction,Cholecystectomy,Biliary/Pancreas,Videoscopic,Supine,30
Rectal cancer,Ileostomy repair,Colorectal,Open,Supine,29
Incisional hernia,Incisional hernia repair,Colorectal,Open,Supine,29
Breast cancer unspecified side,Breast-conserving surgery,Breast,Open,Supine,28
Gallbladder polyp ,Cholecystectomy,Biliary/Pancreas,Videoscopic,Supine,27
Living liver donor,Donor hepatectomy,Transplantation,Videoscopic,Supine,27
Thyroid nodule ,Thyroid lobectomy,Thyroid,Open,Supine,27
Gallbladder stone,Cholecystectomy,Biliary/Pancreas,Videoscopic,Supine,26
Advanced gastric cancer,Total gastrectomy,Stomach,Open,Supine,26
Varicose vein of lower limb ,Ligation and stripping,Vascular,Open,Supine,26
Prostate cancer,Radical prostatectomy,Major resection,Robotic,Lithotomy,25
Pancreatic cancer,Pylorus preserving pancreaticoduodenectomy,Biliary/Pancreas,Open,Supine,25
Ileostomy status,Ileostomy repair,Colorectal,Open,Supine,25
"Colon cancer, ascending",Hemicolectomy,Colorectal,Videoscopic,Lithotomy,25
Gallbladder stone with cholecystitis without obstruction,Cholecystectomy,Biliary/Pancreas,Videoscopic,Supine,22
Prostate cancer ,Radical prostatectomy,Major resection,Robotic,Lithotomy,21
"Kidney donor, live related",Donor nephrectomy,Transplantation,Videoscopic,Right lateral decubitus,21
"Abnormal chest CT, lung nodule",Lung wedge resection,Minor resection,Videoscopic,Left lateral decubitus,21
Rectal cancer ,Low anterior resection,Colorectal,Open,Lithotomy,21
Hepatocellular carcinoma,Hemihepatectomy,Hepatic,Open,Supine,21
Kidney donor,Donor nephrectomy,Transplantation,Videoscopic,Right lateral decubitus,21
Gallbladder stone with obstruction,Cholecystectomy,Biliary/Pancreas,Videoscopic,Supine,20
Rectal cancer,Low anterior resection,Colorectal,Videoscopic,Lithotomy,20
Thyroid nodule ,Total thyroidectomy,Thyroid,Open,Supine,20
Early gastric cancer,Total gastrectomy,Stomach,Videoscopic,Supine,20
Advanced gastric cancer ,Distal gastrectomy,Stomach,Videoscopic,Supine,19
Papillary thyroid carcinoma,Total thyroidectomy,Thyroid,Robotic,Supine,18
"Abnormal chest CT, lung nodule",Lung wedge resection,Minor resection,Videoscopic,Right lateral decubitus,18
Advanced gastric cancer,Diagnostic laparoscopy,Others,Videoscopic,Supine,17
Ovarian cyst,Ovarian cystectomy,Major resection,Videoscopic,Lithotomy,17
Solitary pulmonary nodule,Lung wedge resection,Minor resection,Videoscopic,Right lateral decubitus,17
Ductal carcinoma in situ of breast unspecified side,Breast-conserving surgery,Breast,Open,Supine,17
"Colon cancer, rectosigmoid",Anterior resection,Colorectal,Open,Lithotomy,17
Rectal cancer ,Ileostomy repair,Colorectal,Open,Supine,16
Anal fistula,Fistulectomy,Colorectal,Open,Prone,16
Solitary pulmonary nodule,Lung wedge resection,Minor resection,Videoscopic,Left lateral decubitus,16
Early gastric cancer,Distal gastrectomy,Stomach,Videoscopic,Reverse Trendelenburg,16
"Abnormal chest CT, lung",Lung wedge resection,Minor resection,Videoscopic,Left lateral decubitus,16
Kidney donor ,Donor nephrectomy,Transplantation,Videoscopic,Right lateral decubitus,15
Acute appendicitis,Appendectomy,Colorectal,Open,Supine,15
Advanced gastric cancer,Subtotal gastrectomy,Stomach,Open,Supine,15
Ductal carcinoma in situ of breast left,Breast-conserving surgery,Breast,Open,Supine,15
"Abnormal chest CT, lung",Lung wedge resection,Minor resection,Videoscopic,Right lateral decubitus,15
Advanced gastric cancer ,Subtotal gastrectomy,Stomach,Open,Supine,14
Early gastric cancer ,Pylorus preserving gastrectomy,Stomach,Videoscopic,Supine,14
Acute appendicitis,Appendectomy,Colorectal,Videoscopic,Supine,14
"Colon cancer, sigmoid",Anterior resection,Colorectal,Open,Supine,14
Ductal carcinoma in situ of breast right,Breast-conserving surgery,Breast,Open,Supine,14
"Colon cancer, rectosigmoid",Low anterior resection,Colorectal,Videoscopic,Lithotomy,13
"Colon cancer, rectosigmoid",Low anterior resection,Colorectal,Open,Lithotomy,13
Chronic kidney disease,Kidney transplantation,Transplantation,Open,Supine,13
Incisional hernia ,Incisional hernia repair,Colorectal,Open,Supine,13
Gallbladder stone without obstruction,Cholecystectomy,Biliary/Pancreas,Robotic,Supine,13
Solitary pulmonary nodule ,Lung wedge resection,Minor resection,Videoscopic,Left lateral decubitus,13
"Colon cancer, rectosigmoid",Anterior resection,Colorectal,Videoscopic,Lithotomy,13
"Colon cancer, sigmoid",Low anterior resection,Colorectal,Open,Lithotomy,12
Rectal cancer,Low anterior resection,Colorectal,Open,Supine,12
Hepatocellular carcinoma ,Liver segmentectomy,Hepatic,Open,Lithotomy,12
Bladder disease ,Transurethral resection of bladder tumor,Minor resection,Videoscopic,Lithotomy,12
Varicose vein of lower limb,Ligation and stripping,Vascular,Open,Prone,12
Pneumothorax,Bullectomy,Minor resection,Videoscopic,Right lateral decubitus,12
Pancreatic cancer,Partial pancreatectomy,Biliary/Pancreas,Open,Supine,12
Ovarian cyst,Salpingo-oophorectomy,Minor resection,Videoscopic,Lithotomy,12
Hepatocellular carcinoma ,Liver segmentectomy,Hepatic,Open,Supine,11
"Colon cancer, sigmoid",Anterior resection,Colorectal,Videoscopic,Supine,11
Colon cancer,Hemicolectomy,Colorectal,Open,Supine,11
Inguinal hernia,Hernia repair,Colorectal,Open,Supine,11
Gallbladder cancer,Extended cholecystectomy,Biliary/Pancreas,Open,Supine,11
End stage renal disease,Arteriovenous fistula,Vascular,Open,Supine,11
"Gastric submucosal tumor, benign",Gastric wedge resection,Stomach,Videoscopic,Supine,10
Pneumothorax,Bullectomy,Minor resection,Videoscopic,Left lateral decubitus,10
Advanced gastric cancer ,Total gastrectomy,Stomach,Open,Supine,10
"Abnormal chest CT, lung",Lung lobectomy,Major resection,Videoscopic,Left lateral decubitus,10
Unspecified gastric cancer,Distal gastrectomy,Stomach,Videoscopic,Supine,10
Hepatocellular carcinoma,Liver segmentectomy,Hepatic,Open,Supine,10
Hepatocellular carcinoma ,Liver transplantation,Transplantation,Open,Supine,10
Solitary pulmonary nodule ,Lung wedge resection,Minor resection,Videoscopic,Right lateral decubitus,10
"Colon cancer, hepatic flexure",Hemicolectomy,Colorectal,Open,Supine,10
Breast cancer left,Simple mastectomy,Breast,Open,Supine,10
Hepatocellular carcinoma ,Liver segmentectomy,Hepatic,Videoscopic,Lithotomy,10
Myoma uteri,Radical hysterectomy,Major resection,Videoscopic,Lithotomy,9
Colon cancer,Anterior resection,Colorectal,Open,Lithotomy,9
Hepatocellular carcinoma,Hemihepatectomy,Hepatic,Videoscopic,Supine,9
"Cholangiocarcinoma, intrahepatic",Hemihepatectomy,Hepatic,Open,Supine,9
Right inguinal hernia not specified as recurrent,Hernia repair,Colorectal,Open,Supine,9
Advanced gastric cancer,Total gastrectomy,Stomach,Videoscopic,Supine,9
Adenomyomatosis of gallbladder,Cholecystectomy,Biliary/Pancreas,Videoscopic,Supine,9
Cholecystitis,Cholecystectomy,Biliary/Pancreas,Videoscopic,Supine,9
Infiltrating ductal carcinoma of breast right,Simple mastectomy,Breast,Open,Supine,9
"Cholangiocarcinoma, intrahepatic",Extended hemihepatectomy,Hepatic,Open,Supine,9
Rectal cancer ,Low anterior resection,Colorectal,Videoscopic,Lithotomy,9
Gallbladder polyp,Cholecystectomy,Biliary/Pancreas,Robotic,Supine,9
Liver cirrhosis Unspecified,Liver transplantation,Transplantation,Open,Supine,8
Hepatocellular carcinoma,Hemihepatectomy,Hepatic,Videoscopic,Lithotomy,8
"Colon cancer, transverse",Hemicolectomy,Colorectal,Videoscopic,Lithotomy,8
Advanced gastric cancer,Partial gastrectomy,Stomach,Open,Supine,8
"Colon cancer, hepatic flexure",Hemicolectomy,Colorectal,Videoscopic,Lithotomy,8
Gallbladder stone with cholecystitis with obstruction,Cholecystectomy,Biliary/Pancreas,Videoscopic,Supine,8
Hepatocellular carcinoma,Liver segmentectomy,Hepatic,Videoscopic,Lithotomy,8
Living liver donor,Donor hepatectomy,Transplantation,Open,Supine,8
Infiltrating ductal carcinoma of breast left,Simple mastectomy,Breast,Open,Supine,8
Lung cancer right,Lung lobectomy,Major resection,Open,Left lateral decubitus,8
Breast cancer right,Total mastectomy,Breast,Open,Supine,8
Early gastric cancer ,Distal gastrectomy,Stomach,Robotic,Supine,8
Hepatocellular carcinoma,Liver sectionectomy,Hepatic,Videoscopic,Lithotomy,8
Esophageal cancer,Esophagectomy,Others,Robotic,Left lateral decubitus,7
Breast cancer left,Total mastectomy,Breast,Open,Supine,7
Empyema with bronchopleural fistula,Debridement of wound,Others,Videoscopic,Right lateral decubitus,7
Empyema with bronchopleural fistula ,Debridement of wound,Others,Open,Supine,7
Infiltrating ductal carcinoma of breast right,Total mastectomy,Breast,Open,Supine,7
Early gastric cancer ,Distal gastrectomy,Stomach,Videoscopic,Lithotomy,7
Hepatocellular carcinoma,Liver sectionectomy,Hepatic,Open,Supine,7
Breast cancer right,Simple mastectomy,Breast,Open,Supine,7
Lung cancer left,Lung sgmentectomy,Minor resection,Videoscopic,Right lateral decubitus,7
"Colon cancer, transverse",Extended hemicolectomy,Colorectal,Open,Supine,7
"Colon cancer, sigmoid",Exploratory laparotomy,Others,Open,Lithotomy,7
End stage renal disease ,Kidney transplantation,Transplantation,Open,Supine,7
Adhesive ileus,Exploratory laparotomy,Others,Open,Supine,7
Thymoma,Thymectomy,Others,Robotic,Supine,7
"Abnormal chest CT, lung nodule",Lung sgmentectomy,Minor resection,Videoscopic,Left lateral decubitus,7
Gallbladder cancer,Cholecystectomy,Biliary/Pancreas,Videoscopic,Supine,7
"Aneurysm, abdominal aorta",Aortoiliac bypass,Vascular,Open,Supine,7
"Common bile duct cancer, distal",Pylorus preserving pancreaticoduodenectomy,Biliary/Pancreas,Open,Supine,7
Symptomatic gallbladder stone with obstruction,Cholecystectomy,Biliary/Pancreas,Videoscopic,Supine,7
Gallbladder stone without obstruction,Cholecystectomy,Biliary/Pancreas,Videoscopic,Reverse Trendelenburg,7
Common bile duct cancer,Pylorus preserving pancreaticoduodenectomy,Biliary/Pancreas,Open,Supine,7
"Atherosclerosis obliterans, limb",Endarterectomy,Vascular,Open,Supine,7
Mediastinal mass,Excision,Others,Videoscopic,Left lateral decubitus,7
Alcoholic liver cirrhosis with ascites,Liver transplantation,Transplantation,Open,Supine,7
Myoma uteri,Myomectomy,Minor resection,Videoscopic,Lithotomy,7
"Abnormal chest CT, lung nodule",Metastasectomy,Minor resection,Videoscopic,Left lateral decubitus,6
"Aneurysm, abdominal aorta",Aneurysmal repair,Vascular,Open,Supine,6
Ground-glass opacity,Lung wedge resection,Minor resection,Videoscopic,Right lateral decubitus,6
Idiopathic thrombocytopenic purpura,Splenectomy,Biliary/Pancreas,Videoscopic,Supine,6
Asymptomatic gallbladder stone without obstruction,Cholecystectomy,Biliary/Pancreas,Videoscopic,Supine,6
Lung cancer left,Lung lobectomy,Major resection,Open,Right lateral decubitus,6
Gastrointestinal stromal tumor,Gastric wedge resection,Stomach,Videoscopic,Supine,6
"Intraductal papillary mucinous neoplasm of pancreas, borderline",Pylorus preserving pancreaticoduodenectomy,Biliary/Pancreas,Open,Supine,6
Bilateral inguinal hernia not specified as recurrent,Hernia repair,Colorectal,Open,Supine,6
Infiltrating ductal carcinoma of breast unspecified side,Breast-conserving surgery,Breast,Open,Supine,6
Lung cancer unspecified side,Lung lobectomy,Major resection,Videoscopic,Left lateral decubitus,6
Symptomatic gallbladder stone without obstruction,Cholecystectomy,Biliary/Pancreas,Videoscopic,Reverse Trendelenburg,6
Hepatocellular carcinoma,Liver segmentectomy,Hepatic,Open,Lithotomy,6
Ground-glass opacity,Lung wedge resection,Minor resection,Videoscopic,Left lateral decubitus,6
Antenatal care for high risk pregnancy,Cesarean section,Others,Open,Supine,6
Anal fistula ,Fistulectomy,Colorectal,Open,Prone,6
"Colon cancer, sigmoid",Metastasectomy,Minor resection,Videoscopic,Left lateral decubitus,6
Pancreatic cancer,Pancreaticoduodenectomy,Biliary/Pancreas,Open,Supine,6
Early gastric cancer,Distal gastrectomy,Stomach,Videoscopic,Lithotomy,6
Metastatic cancer to the lung left,Metastasectomy,Minor resection,Videoscopic,Right lateral decubitus,6
Metastatic cancer to the lung right,Metastasectomy,Minor resection,Videoscopic,Left lateral decubitus,6
Colon cancer,Anterior resection,Colorectal,Videoscopic,Lithotomy,6
Lung cancer right,Lung bilobectomy,Major resection,Videoscopic,Left lateral decubitus,6
End stage renal disease,Bleeding control,Others,Open,Supine,6
"Kidney donor, live related",Donor nephrectomy,Transplantation,Videoscopic,Supine,6
"Colon cancer, rectosigmoid",Ileostomy repair,Colorectal,Open,Supine,6
Gallbladder stone,Cholecystectomy,Biliary/Pancreas,Videoscopic,Reverse Trendelenburg,5
Disorder of kidney and ureter,Nephrectomy,Major resection,Robotic,Right lateral decubitus,5
Hepatocellular carcinoma ,Hemihepatectomy,Hepatic,Videoscopic,Lithotomy,5
Open wound of chest wall ,Debridement of wound,Others,Open,Supine,5
Colon cancer,Hemicolectomy,Colorectal,Videoscopic,Lithotomy,5
"Abnormal chest CT, lung nodule",Lung sgmentectomy,Minor resection,Videoscopic,Right lateral decubitus,5
Myoma uteri,Hysterectomy,Major resection,Videoscopic,Lithotomy,5
"Chronic kidney disease, stage 5",Kidney transplantation,Transplantation,Open,Supine,5
Hyperparathyroidism,Parathyroidectomy,Thyroid,Open,Supine,5
"Papillary transitional cell carcinoma, non-invasive",Transurethral resection of bladder tumor,Minor resection,Videoscopic,Lithotomy,5
Inguinal hernia not specified as recurrent,Hernia repair,Colorectal,Videoscopic,Supine,5
End stage renal disease ,Arteriovenous fistula,Vascular,Open,Supine,5
Stomach cancer unspecified,Distal gastrectomy,Stomach,Videoscopic,Supine,5
Endometrial cancer unknown stage,Radical hysterectomy,Major resection,Videoscopic,Lithotomy,5
"Abnormal chest CT, lung nodule",Lung lobectomy,Major resection,Videoscopic,Left lateral decubitus,5
"Colon cancer, sigmoid",Low anterior resection,Colorectal,Videoscopic,Lithotomy,5
Rectal cancer,Transanal excision,Colorectal,Open,Prone,5
Metastatic cancer to the liver,Hemihepatectomy,Hepatic,Open,Supine,5
Early gastric cancer ,Proximal gastrectomy,Stomach,Videoscopic,Supine,5
Thymoma ,Thymectomy,Others,Open,Supine,5
"Colon cancer, sigmoid",Anterior resection,Colorectal,Open,Trendelenburg,5
Gastric subepithelial mass,Gastric wedge resection,Stomach,Videoscopic,Supine,5
Gallbladder cancer ,Extended cholecystectomy,Biliary/Pancreas,Open,Supine,5
Advanced gastric cancer,Exploratory laparotomy,Others,Open,Supine,5
"Colon cancer, ascending",Hemicolectomy,Colorectal,Videoscopic,Supine,5
Early gastric cancer ,Total gastrectomy,Stomach,Videoscopic,Supine,5
Ductal carcinoma in situ of breast right,Wide excision,Others,Open,Supine,5
Gallbladder disease,Cholecystectomy,Biliary/Pancreas,Videoscopic,Supine,5
Rectal cancer,Ultralow anterior resection,Colorectal,Open,Lithotomy,5
Pancreatic cancer ,Distal pancreatectomy,Biliary/Pancreas,Open,Supine,5
Hemorrhoids,Hemorrhoidectomy,Colorectal,Open,Prone,5
Pancreatic disease,Distal pancreatectomy,Biliary/Pancreas,Open,Supine,5
"Colon cancer, hepatic flexure",Extended hemicolectomy,Colorectal,Open,Supine,5
"Neuroendocrine tumor of pancreas, G1",Pylorus preserving pancreaticoduodenectomy,Biliary/Pancreas,Open,Supine,5
Rectal cancer,Abdominoperineal resection,Colorectal,Open,Supine,5
Lung cancer right,Lung wedge resection,Minor resection,Videoscopic,Left lateral decubitus,5
Solitary pulmonary nodule,Lung lobectomy,Major resection,Videoscopic,Left lateral decubitus,5
Klatskin tumor,Extended hemihepatectomy,Hepatic,Open,Supine,5
Inguinal hernia recurrent,Hernia repair,Colorectal,Open,Supine,5
Metastatic cancer to the lung right,Lung wedge resection,Minor resection,Videoscopic,Left lateral decubitus,5
Breast cancer unspecified side,Simple mastectomy,Breast,Open,Supine,5
Fibroadenoma of breast left,Excision,Breast,Open,Supine,5
Lung cancer unspecified side,Lung lobectomy,Major resection,Videoscopic,Right lateral decubitus,5
Papillary thyroid carcinoma,Thyroid lobectomy,Thyroid,Robotic,Supine,5
Lung cancer right,Lung sgmentectomy,Minor resection,Videoscopic,Left lateral decubitus,5
"Abnormal chest CT, lung",Lung sgmentectomy,Minor resection,Videoscopic,Right lateral decubitus,5
Idiopathic pulmonary fibrosis,Lung transplantation,Transplantation,Open,Supine,5
Early gastric cancer,Distal gastrectomy,Stomach,Robotic,Supine,5
Pancreatic disease,Pylorus preserving pancreaticoduodenectomy,Biliary/Pancreas,Open,Supine,5
"Solid pseudopapillary tumor of pancreas, malignant",Distal pancreatectomy,Biliary/Pancreas,Videoscopic,Supine,5
End stage kidney disease on dialysis,Kidney transplantation,Transplantation,Open,Supine,5
Chronic cholecystitis,Cholecystectomy,Biliary/Pancreas,Videoscopic,Supine,5
Malignant neoplasm of breast left,Breast-conserving surgery,Breast,Open,Supine,4
Common bile duct cancer ,Pylorus preserving pancreaticoduodenectomy,Biliary/Pancreas,Open,Supine,4
Gastrointestinal stromal tumor of stomach,Gastric wedge resection,Stomach,Videoscopic,Supine,4
Rectal cancer ,Abdominoperineal resection,Colorectal,Open,Lithotomy,4
Neurogenic tumor ,Excision,Others,Open,Right lateral decubitus,4
Acute cholecystitis ,Cholecystectomy,Biliary/Pancreas,Videoscopic,Supine,4
Prostate cancer ,Radical prostatectomy,Major resection,Robotic,Trendelenburg,4
Ductal carcinoma in situ of breast left,Simple mastectomy,Breast,Open,Supine,4
Duodenal perforation,Exploratory laparotomy,Others,Open,Supine,4
"Colon cancer, sigmoid",Hartmann procedure,Colorectal,Open,Lithotomy,4
"Abnormal chest CT, lung nodule",Lung lobectomy,Major resection,Videoscopic,Right lateral decubitus,4
Hepatocellular carcinoma,Liver segmentectomy,Hepatic,Videoscopic,Supine,4
Pancreatic cancer,Distal pancreatectomy,Biliary/Pancreas,Open,Supine,4
Gallbladder stonewithout obstruction,Cholecystectomy,Biliary/Pancreas,Robotic,Supine,4
Colon cancer,Anterior resection,Colorectal,Videoscopic,Supine,4
"Gastrointestinal stromal tumor of stomach, benign",Gastric wedge resection,Stomach,Videoscopic,Supine,4
Pancreatic cancer ,Pylorus preserving pancreaticoduodenectomy,Biliary/Pancreas,Open,Supine,4
Thyroid nodule,Completion thyroidectomy,Thyroid,Open,Supine,4
Ampulla of vater cancer,Pylorus preserving pancreaticoduodenectomy,Biliary/Pancreas,Open,Supine,4
Hepatocellular carcinoma,Exploratory laparotomy,Others,Open,Supine,4
Panperitonitis,Exploratory laparotomy,Others,Open,Supine,4
End stage renal disease,Removal of continuous ambulatory peritoneal dialysis catheter,Vascular,Open,Supine,4
Mediastinal mass,Thymectomy,Others,Open,Supine,4
Varicose vein with nonspecific symptom,Ligation and stripping,Vascular,Open,Supine,4
Rectal cancer ,Transanal excision,Colorectal,Open,Prone,4
Rectal cancer,Colostomy,Colorectal,Open,Supine,4
Hemorrhoids ,Hemorrhoidectomy,Colorectal,Open,Prone,4
Esophageal cancer ,Esophagectomy,Others,Robotic,Left lateral decubitus,4
Interstitial lung disease,Biopsy,Minor resection,Videoscopic,Right lateral decubitus,4
Rectal cancer,Anterior resection,Colorectal,Videoscopic,Lithotomy,4
Abdominal hernia,Hernia repair,Colorectal,Open,Supine,4
Umbilical hernia,Hernia repair,Colorectal,Open,Supine,4
Rectal cancer,Anterior resection,Colorectal,Open,Lithotomy,4
Cecal cancer,Hemicolectomy,Colorectal,Videoscopic,Lithotomy,4
Rectal cancer ,Ultralow anterior resection,Colorectal,Open,Lithotomy,4
Left inguinal hernia,Hernia repair,Colorectal,Open,Supine,4
Klatskin tumor,Hemihepatectomy,Hepatic,Open,Supine,4
Gallbladder stonewith obstruction,Cholecystectomy,Biliary/Pancreas,Videoscopic,Supine,4
Kidney donor ,Donor nephrectomy,Transplantation,Videoscopic,Supine,4
Malignant neoplasm of ampulla of vater,Pylorus preserving pancreaticoduodenectomy,Biliary/Pancreas,Open,Supine,4
Ileostomy status ,Ileostomy repair,Colorectal,Open,Supine,4
Rectal cancer ,Exploratory laparotomy,Others,Open,Lithotomy,4
Abnormal finding on lung imaging ,Lung wedge resection,Minor resection,Videoscopic,Left lateral decubitus,4
"Abnormal chest CT, lung",Lung lobectomy,Major resection,Videoscopic,Right lateral decubitus,4
Cervical cancer unknown stage,Radical hysterectomy,Major resection,Videoscopic,Lithotomy,4
hepatocellular carcinoma ,Liver segmentectomy,Hepatic,Open,Supine,4
Colorectal cancer,Low anterior resection,Colorectal,Open,Lithotomy,4
Rectal cancer ,Metastasectomy,Minor resection,Videoscopic,Right lateral decubitus,4
Prostate cancer ,Radical prostatectomy,Major resection,Robotic,Supine,4
Hepatocellular carcinoma,Extended hemihepatectomy,Hepatic,Open,Supine,4
Interstitial lung disease ,Biopsy,Minor resection,Videoscopic,Left lateral decubitus,4
Colorectal cancer,Ileostomy repair,Colorectal,Open,Supine,4
Pelvic mass,Salpingo-oophorectomy,Minor resection,Videoscopic,Lithotomy,4
Appendix mucocele,Appendectomy,Colorectal,Videoscopic,Supine,4
Adenocarcinoma of lung left,Lung lobectomy,Major resection,Videoscopic,Right lateral decubitus,3
Advanced gastric cancer ,Total gastrectomy,Stomach,Videoscopic,Supine,3
Adrenal gland disease,Adrenalectomy,Others,Videoscopic,Right lateral decubitus,3
Epithelial ovarian cancer unknown stage unspecified side,Extended hysterectomy,Major resection,Open,Supine,3
Thyroid nodule ,Thyroid lobectomy,Thyroid,Videoscopic,Supine,3
Acute appendicitis ,Appendectomy,Colorectal,Videoscopic,Supine,3
Infiltrating ductal carcinoma of breast left,Total mastectomy,Breast,Open,Supine,3
Rectal polyp,Transanal excision,Colorectal,Open,Prone,3
Rectal cancer,Abdominoperineal resection,Colorectal,Open,Lithotomy,3
"Colon cancer, transverse",Hemicolectomy,Colorectal,Open,Supine,3
Thyroid nodule,Bleeding control,Others,Open,Supine,3
Acute appendicitis with perforation,Appendectomy,Colorectal,Open,Supine,3
Early gastric cancer,Remnant total gastrectomy,Stomach,Open,Supine,3
Abnormal finding on lung imaging ,Lung lobectomy,Major resection,Videoscopic,Left lateral decubitus,3
Lung cancer left,Pneumonectomy,Major resection,Open,Right lateral decubitus,3
Mediastinal mass,Thymectomy,Others,Videoscopic,Right lateral decubitus,3
Rectal cancer,Incisional hernia repair,Colorectal,Open,Supine,3
Mucinous carcinoma of breast right,Breast-conserving surgery,Breast,Open,Supine,3
Right inguinal hernia recurrent,Hernia repair,Colorectal,Open,Supine,3
"Colon cancer, sigmoid",Liver segmentectomy,Hepatic,Open,Supine,3
Rectal cancer,Anterior resection,Colorectal,Open,Supine,3
Hyperhidrosis ,Thoracic sympathectomy,Others,Videoscopic,Supine,3
Hepatocellular carcinoma ,Liver sectionectomy,Hepatic,Videoscopic,Supine,3
Hepatocellular carcinoma,Bleeding control,Others,Open,Supine,3
Malignant neoplasm of pancreas,Pylorus preserving pancreaticoduodenectomy,Biliary/Pancreas,Open,Supine,3
Splenic disease,Splenectomy,Biliary/Pancreas,Videoscopic,Supine,3
Gallbladder stone with acute cholecystitis without obstruction,Cholecystectomy,Biliary/Pancreas,Videoscopic,Supine,3
Lung cancer right,Lung lobectomy,Major resection,Videoscopic,Right lateral decubitus,3
papillary thyroid carcinoma ,Modified radical neck dissection,Others,Open,Supine,3
Bilateral inguinal hernia,Hernia repair,Colorectal,Open,Supine,3
Hepatocellular carcinoma ,Hemihepatectomy,Hepatic,Videoscopic,Supine,3
Adenocarcinoma of lung right,Lung lobectomy,Major resection,Videoscopic,Left lateral decubitus,3
Myoma uteri,Hysterectomy,Major resection,Videoscopic,Supine,3
Neuroendocrine carcinoma of pancreas,Pylorus preserving pancreaticoduodenectomy,Biliary/Pancreas,Open,Supine,3
Papillary thyroid carcinoma,Modified radical neck dissection,Others,Open,Supine,3
Thymoma ,Thymectomy,Others,Robotic,Supine,3
Epithelial ovarian cancer unknown stage unspecified side,Exploratory laparotomy,Major resection,Open,Lithotomy,3
Abdominal mass,Excision,Colorectal,Open,Supine,3
Lung cancer left,Lung lobectomy,Major resection,Videoscopic,Left lateral decubitus,3
Pancreatic cancer ,Distal pancreatectomy,Biliary/Pancreas,Videoscopic,Supine,3
Bronchiectasis,Lung lobectomy,Major resection,Videoscopic,Left lateral decubitus,3
Colon perforation,Exploratory laparotomy,Others,Open,Lithotomy,3
Advanced gastric cancer,Remnant total gastrectomy,Stomach,Open,Supine,3
Non-small cell lung cancer left,Lung lobectomy,Major resection,Videoscopic,Right lateral decubitus,3
Papillary thyroid carcinoma ,Total thyroidectomy,Thyroid,Robotic,Supine,3
Mediastinal mass ,Thymectomy,Others,Open,Supine,3
Hepatocellular carcinoma ,Liver sectionectomy,Hepatic,Open,Supine,3
"Abnormal chest CT, lung nodule",Metastasectomy,Minor resection,Videoscopic,Right lateral decubitus,3
Bronchiectasis ,Lung sgmentectomy,Minor resection,Videoscopic,Right lateral decubitus,3
Rectal cancer ,Anterior resection,Colorectal,Open,Lithotomy,3
"Colon cancer, sigmoid",Hemicolectomy,Colorectal,Videoscopic,Lithotomy,3
Parastomal hernia,Hernia repair,Colorectal,Open,Supine,3
Nontuberculous mycobacterial infection,Debridement of wound,Others,Videoscopic,Right lateral decubitus,3
Ovarian cyst ,Ovarian cystectomy,Major resection,Videoscopic,Lithotomy,3
Ground-glass opacity ,Lung lobectomy,Major resection,Videoscopic,Left lateral decubitus,3
Early gastric cancer ,Total gastrectomy,Stomach,Robotic,Supine,3
Choledochal cyst,Exploratory laparotomy,Others,Open,Supine,3
Ampulla of vater adenoma,Pylorus preserving pancreaticoduodenectomy,Biliary/Pancreas,Open,Supine,3
Pancreatic disease,Pylorus preserving pancreaticoduodenectomy,Biliary/Pancreas,Robotic,Supine,3
Atherosclerosis obliterans without gangrene,Aortoiliac bypass,Vascular,Open,Supine,3
Rectal cancer,Low anterior resection,Colorectal,Videoscopic,Supine,3
Abnormal finding on lung imaging ,Lung wedge resection,Minor resection,Videoscopic,Right lateral decubitus,3
"Colon cancer, rectosigmoid",Anterior resection,Colorectal,Open,Supine,3
Hyperparathyroidism ,Parathyroidectomy,Thyroid,Open,Supine,3
Lung cancer,Lung lobectomy,Major resection,Videoscopic,Left lateral decubitus,3
Mediastinal mass,Thymectomy,Others,Videoscopic,Supine,3
"Solid pseudopapillary tumor of pancreas, malignant",Pylorus preserving pancreaticoduodenectomy,Biliary/Pancreas,Open,Supine,3
Interstitial lung disease ,Biopsy,Minor resection,Videoscopic,Right lateral decubitus,3
Rectal cancer ,Low anterior resection,Colorectal,Videoscopic,Supine,3
Hepatocellular carcinoma ,Liver sectionectomy,Hepatic,Videoscopic,Lithotomy,3
Surgical wound dehiscence,Closure of wound,Others,Open,Supine,3
"Neuroendocrine tumor of pancreas, G1",Pylorus preserving pancreaticoduodenectomy,Biliary/Pancreas,Robotic,Supine,3
Cholecystitis ,Cholecystectomy,Biliary/Pancreas,Videoscopic,Supine,3
Ileus,Exploratory laparotomy,Others,Open,Supine,3
Colon cancer,Exploratory laparotomy,Others,Open,Supine,3
Colon cancer ,Hemicolectomy,Colorectal,Videoscopic,Lithotomy,3
Liver transplant status,Incisional hernia repair,Colorectal,Open,Supine,3
Colon cancer,Hemicolectomy,Colorectal,Videoscopic,Supine,3
Metastatic cancer to the lung unspecified side,Metastasectomy,Minor resection,Videoscopic,Left lateral decubitus,3
Lung cancer unspecified side,Lung wedge resection,Minor resection,Videoscopic,Right lateral decubitus,3
Abnormal finding on lung imaging,Lung wedge resection,Minor resection,Videoscopic,Left lateral decubitus,3
Perianal abscess ,Incision and drainage,Others,Open,Prone,3
Cholecystitis,Cholecystectomy,Biliary/Pancreas,Robotic,Supine,3
"Colon cancer, descending",Hemicolectomy,Colorectal,Open,Supine,3
Mediastinal mass ,Excision,Others,Open,Right lateral decubitus,3
Ileus,Adhesiolysis,Others,Open,Supine,3
Unilateral inguinal hernia,Hernia repair,Colorectal,Open,Supine,3
Stomach cancer early,Distal gastrectomy,Stomach,Videoscopic,Supine,3
Unspecified gastric cancer ,Distal gastrectomy,Stomach,Videoscopic,Supine,3
Perianal abscess,Incision and drainage,Others,Open,Prone,3
"Intraductal papillary mucinous neoplasm of pancreas, invasive",Pylorus preserving pancreaticoduodenectomy,Biliary/Pancreas,Open,Supine,3
Pancreatic cancer ,Exploratory laparotomy,Others,Open,Supine,3
"Aneurysm, abdominal aorta",Endovascular aneurysmal repair,Vascular,Open,Supine,3
Lung cancer right,Lung lobectomy,Major resection,Videoscopic,Supine,3
Pancreatic cancer ,Pancreaticoduodenectomy,Biliary/Pancreas,Open,Supine,3
Gallbladder stonewithout obstruction,Cholecystectomy,Biliary/Pancreas,Videoscopic,Supine,3
Colon cancer,Excision,Others,Open,Supine,3
"Colon cancer, rectosigmoid",Exploratory laparotomy,Others,Open,Lithotomy,3
Chronic kidney disease ,Kidney transplantation,Transplantation,Open,Supine,3
Varicose vein of lower limb ,Ligation and stripping,Vascular,Open,Prone,3
Lung cancer left,Pneumonectomy,Major resection,Videoscopic,Right lateral decubitus,3
Hyperparathyroidism,Subtotal parathyroidectomy,Thyroid,Open,Supine,3
Rectal prolapse ,Delorme's operation,Colorectal,Open,Prone,3
Mediastinal mass ,Thymectomy,Others,Videoscopic,Supine,3
Advanced gastric cancer,Distal gastrectomy,Stomach,Videoscopic,Reverse Trendelenburg,2
Nontuberculous mycobacterial infection,Lung lobectomy,Major resection,Videoscopic,Left lateral decubitus,2
Gross hematuria ,Transurethral resection of bladder tumor,Minor resection,Videoscopic,Lithotomy,2
Advanced gastric cancer ,Diagnostic laparoscopy,Others,Videoscopic,Supine,2
Pelvic organ prolapse,Radical hysterectomy,Major resection,Videoscopic,Lithotomy,2
Squamous cell carcinoma of lung left,Lung lobectomy,Major resection,Videoscopic,Right lateral decubitus,2
Advanced gastric cancer ,Exploratory laparotomy,Others,Open,Supine,2
Solitary pulmonary nodule,Lung sgmentectomy,Minor resection,Videoscopic,Left lateral decubitus,2
Alcoholic liver cirrhosis with esophageal varix with ascites,Liver transplantation,Transplantation,Open,Supine,2
Metastatic cancer to the lung,Metastasectomy,Minor resection,Videoscopic,Right lateral decubitus,2
Benign neoplasm of appendix,Appendectomy,Colorectal,Videoscopic,Supine,2
Rectal prolapse,Rectal prolapse operation,Colorectal,Open,Lithotomy,2
"Aneurysm, renal artery",Aortorenal bypass,Vascular,Open,Supine,2
Abnormal electrocardiogram,Arteriovenous fistula,Vascular,Open,Supine,2
Hepatocellular carcinoma ,Exploratory laparotomy,Others,Open,Supine,2
Jejunal cancer,Small bowel segmental resection,Stomach,Open,Supine,2
"Gastric submucosal tumor, unknown behavior",Gastric wedge resection,Stomach,Videoscopic,Supine,2
Primary hyperoxaluria,Liver transplantation,Transplantation,Open,Supine,2
Biliary atresia ,Liver transplantation,Transplantation,Open,Supine,2
Antenatal care for normal pregnancy unspecified duration,Cesarean section,Others,Open,Supine,2
"Cervical cancer, stage 2A2",Radical hysterectomy,Major resection,Videoscopic,Supine,2
Liver donor,Liver transplantation,Transplantation,Open,Supine,2
Colon cancer,Low anterior resection,Colorectal,Open,Lithotomy,2
Liver cirrhosis with hepatitis BChild-Pugh C,Liver transplantation,Transplantation,Open,Supine,2
Liposarcoma,Exploratory laparotomy,Others,Open,Lithotomy,2
Fibroadenoma of breast right,Excision,Breast,Open,Supine,2
Gallbladder sludge without obstruction,Cholecystectomy,Biliary/Pancreas,Videoscopic,Supine,2
"Tubulovillous adenoma, colon",Hemicolectomy,Colorectal,Open,Supine,2
Pancreatic cyst,Spleen preserving distal pancreatectomy,Biliary/Pancreas,Videoscopic,Supine,2
Atherosclerosis obliterans without gangrene,Endarterectomy,Vascular,Open,Supine,2
"Colon cancer, sigmoid",Exploratory laparotomy,Others,Open,Supine,2
Cadaveric donor ,Nephrectomy,Transplantation,Open,Supine,2
Paraganglioma,Excision,Colorectal,Open,Supine,2
Umbilical hernia ,Hernia repair,Colorectal,Open,Supine,2
Esophageal cancer ,Esophagectomy,Others,Robotic,Supine,2
Krukenberg tumor unspecified side,Salpingo-oophorectomy,Minor resection,Videoscopic,Lithotomy,2
Metastatic cancer to the lung unspecified side,Metastasectomy,Minor resection,Videoscopic,Right lateral decubitus,2
Acute appendicitis with perforation,Appendectomy,Colorectal,Videoscopic,Supine,2
End stage renal disease,Exploratory laparotomy,Others,Open,Supine,2
Hyperhidrosis ,Thoracic sympathectomy,Others,Videoscopic,Sitting,2
Appendix mucocele ,Appendectomy,Colorectal,Videoscopic,Supine,2
Myoma uteri,Myomectomy,Minor resection,Videoscopic,Supine,2
"Colon cancer, ascending",Extended hemicolectomy,Colorectal,Open,Supine,2
Thrombocytopenia,Splenectomy,Biliary/Pancreas,Videoscopic,Supine,2
Appendix mucocele,Ileocecectomy,Colorectal,Videoscopic,Supine,2
Breast cancer unspecified side,Wide excision,Others,Open,Supine,2
Pelvic mass,Exploratory laparotomy,Major resection,Open,Supine,2
Neurogenic tumor,Excision,Others,Open,Supine,2
Hepatocellular carcinoma,Liver sectionectomy,Hepatic,Videoscopic,Supine,2
"Colon cancer, rectosigmoid",Low anterior resection,Colorectal,Videoscopic,Supine,2
Abnormal finding on lung imaging,Lung wedge resection,Minor resection,Videoscopic,Right lateral decubitus,2
Pilonidal sinus,Excision,Others,Open,Prone,2
Endometrial cancer unknown stage,Extended hysterectomy,Major resection,Robotic,Lithotomy,2
Renal cell carcinoma right,Metastasectomy,Minor resection,Videoscopic,Left lateral decubitus,2
Esophageal cancer,Esophagectomy,Others,Open,Left lateral decubitus,2
Rectal cancer,Low anterior resection,Colorectal,Videoscopic,Trendelenburg,2
Colon cancer ,Hemicolectomy,Colorectal,Open,Lithotomy,2
Open wound of chest wall ,Resection of chest wall with reconstruction,Others,Open,Supine,2
Gallbladder stone without obstruction,Cholecystectomy,Biliary/Pancreas,Robotic,Reverse Trendelenburg,2
"Colon cancer, transverse",Transverse colectomy,Colorectal,Open,Supine,2
Endometrial cancer unknown stage ,Hysterectomy,Major resection,Videoscopic,Lithotomy,2
Adenomyomatosis of gallbladder,Cholecystectomy,Biliary/Pancreas,Videoscopic,Reverse Trendelenburg,2
Colon cancer,Low anterior resection,Colorectal,Videoscopic,Lithotomy,2
Neurogenic tumor ,Excision,Others,Open,Supine,2
Hepatocellular carcinoma ,Lung wedge resection,Minor resection,Videoscopic,Left lateral decubitus,2
Mediastinal mass,Excision,Others,Videoscopic,Supine,2
Gallbladder cancer,Segmental resection of bile duct,Biliary/Pancreas,Open,Supine,2
Adenocarcinoma of ampulla of vater ,Pylorus preserving pancreaticoduodenectomy,Biliary/Pancreas,Open,Supine,2
Kidney donor ,Donor nephrectomy,Transplantation,Videoscopic,Left kidney,2
Rectal cancer ,Transanal excision,Colorectal,Open,Lithotomy,2
Papillary thyroid carcinoma ,Thyroid lobectomy,Thyroid,Robotic,Supine,2
"Cholangiocarcinoma, intrahepatic",Liver segmentectomy,Hepatic,Videoscopic,Lithotomy,2
Choledochal cyst,Excision,Biliary/Pancreas,Videoscopic,Supine,2
"Intraductal papillary mucinous neoplasm of pancreas, benign",Pylorus preserving pancreaticoduodenectomy,Biliary/Pancreas,Open,Supine,2
Endometrial hyperplasia,Radical hysterectomy,Major resection,Videoscopic,Lithotomy,2
"Colon cancer, sigmoid",Excision,Others,Open,Supine,2
Lung nodule ,Lung sgmentectomy,Minor resection,Videoscopic,Right lateral decubitus,2
Familial adenomatous polyposis ,Total proctocolectomy,Colorectal,Videoscopic,Lithotomy,2
Liver cirrhosis with hepatitis B Child-Pugh C,Liver transplantation,Transplantation,Open,Supine,2
Colon cancer ,Anterior resection,Colorectal,Videoscopic,Lithotomy,2
"Cervical cancer, stage 1B1",Radical hysterectomy,Major resection,Videoscopic,Lithotomy,2
"Cholangiocarcinoma, intrahepatic",Liver segmentectomy,Hepatic,Open,Supine,2
Pilonidal sinus ,Excision,Colorectal,Open,Prone,2
Klatskin tumor,Segmental resection of bile duct,Biliary/Pancreas,Open,Supine,2
"Abnormal chest X-ray, lung",Lung wedge resection,Minor resection,Videoscopic,Left lateral decubitus,2
Left inguinal hernia not specified as recurrent,Hernia repair,Colorectal,Open,Supine,2
Kidney donor,Donor nephrectomy,Transplantation,Videoscopic,Supine,2
Colon cancer ,Hemicolectomy,Colorectal,Open,Supine,2
Pancreatic disease,Partial pancreatectomy,Biliary/Pancreas,Open,Supine,2
Colorectal cancer ,Anterior resection,Colorectal,Videoscopic,Lithotomy,2
Cecal cancer ,Hemicolectomy,Colorectal,Videoscopic,Lithotomy,2
"Atherosclerosis obliterans, limb",Femoro-popliteal bypass,Vascular,Open,Supine,2
Unspecified gastric cancer,Total gastrectomy,Stomach,Open,Supine,2
Atherosclerosis obliteranswithout gangrene,Endarterectomy,Vascular,Open,Supine,2
Liver cirrhosis,Liver transplantation,Transplantation,Open,Supine,2
"Colon cancer, descending",Anterior resection,Colorectal,Open,Lithotomy,2
Rectal cancer ,Metastasectomy,Minor resection,Videoscopic,Left lateral decubitus,2
Thyroid nodule,Excision,Others,Open,Supine,2
Liposarcoma,Excision,Others,Open,Lithotomy,2
Choledochal cyst,Choledochal cyst excision,Biliary/Pancreas,Robotic,Supine,2
Mediastinal mass ,Excision,Others,Open,Left lateral decubitus,2
Bladder cancer ,Radical cystectomy,Major resection,Robotic,Lithotomy,2
"Neuroendocrine tumor of duodenum, G1",Distal gastrectomy,Stomach,Videoscopic,Supine,2
Ductal carcinoma in situ of breast left,Wide excision,Others,Open,Supine,2
Metastatic cancer to the lung left,Lung wedge resection,Minor resection,Videoscopic,Right lateral decubitus,2
Colon cancer ,Metastasectomy,Minor resection,Videoscopic,Right lateral decubitus,2
Unspecified mass (localized swelling),Excision,Others,Open,Supine,2
Malignant neoplasm of pancreas head,Pylorus preserving pancreaticoduodenectomy,Biliary/Pancreas,Open,Supine,2
Pancreatic cyst ,Distal pancreatectomy,Biliary/Pancreas,Videoscopic,Supine,2
Acute appendicitis with peritoneal abscess,Ileocecectomy,Colorectal,Open,Supine,2
Infiltrating ductal carcinoma of breast left,Wide excision,Others,Open,Supine,2
Early gastric cancer,Distal gastrectomy,Stomach,Robotic,Reverse Trendelenburg,2
Abdominal mass,Excision,Others,Open,Prone,2
Gallbladder cancer ,Metastasectomy,Minor resection,Videoscopic,Right lateral decubitus,2
Type 2 diabetes mellitus,Distal gastrectomy,Stomach,Videoscopic,Supine,2
Symptomatic gallbladder stone with obstruction,Cholecystectomy,Biliary/Pancreas,Videoscopic,Reverse Trendelenburg,2
Intraductal papilloma of breast left,Excision,Breast,Open,Supine,2
Osteosarcoma ,Metastasectomy,Minor resection,Videoscopic,Left lateral decubitus,2
Thymic cyst ,Excision,Others,Open,Supine,2
Abdominal mass,Exploratory laparotomy,Others,Open,Supine,2
"Colon cancer, sigmoid",Low anterior resection,Colorectal,Videoscopic,Supine,2
bladder cancer ,Transurethral resection of bladder tumor,Minor resection,Videoscopic,Lithotomy,2
"Aneurysm, popliteal artery",Resection of popliteal artery,Vascular,Open,Supine,2
Breast cancer unspecified side,Total mastectomy,Breast,Open,Supine,2
"Colon cancer, sigmoid",Total colectomy,Colorectal,Open,Lithotomy,2
"Intraductal papillary mucinous neoplasm of pancreas, benign",Spleen preserving distal pancreatectomy,Biliary/Pancreas,Videoscopic,Supine,2
Left inguinal hernia recurrent,Hernia repair,Colorectal,Open,Supine,2
"Colon cancer, rectosigmoid",Anterior resection,Colorectal,Videoscopic,Supine,2
Neurogenic tumor,Excision,Others,Open,Right lateral decubitus,2
Pancreatic disease ,Distal pancreatectomy,Biliary/Pancreas,Videoscopic,Supine,2
Renal cell carcinoma unspecified side,Exploratory laparotomy,Others,Open,Supine,2
"Colon cancer, descending",Hemicolectomy,Colorectal,Open,Lithotomy,2
Colon cancer ,subtotal colectomy,Colorectal,Videoscopic,Lithotomy,2
Rectal cancer,Low anterior resection,Colorectal,Robotic,Lithotomy,2
Hepatocellular carcinoma ,Hemihepatectomy,Hepatic,Open,Supine,2
Duodenal cancer,Pylorus preserving pancreaticoduodenectomy,Biliary/Pancreas,Open,Supine,2
infiltrating ductal carcinoma of breast Right,Metastasectomy,Minor resection,Videoscopic,Left lateral decubitus,2
Hepatocellular carcinoma,Liver sectionectomy,Hepatic,Open,Lithotomy,2
Adhesive ileus,Small bowel segmental resection,Stomach,Open,Supine,2
Early gastric cancer ,Pylorus preserving gastrectomy,Stomach,Robotic,Supine,2
Rectal prolapse,Delorme's operation,Colorectal,Open,Prone,2
Gallbladder stone with cholecystitis without obstruction,Cholecystectomy,Biliary/Pancreas,Videoscopic,Reverse Trendelenburg,2
Early gastric cancer,Total gastrectomy,Stomach,Videoscopic,Reverse Trendelenburg,2
Symptomatic gallbladder stone with obstruction,Cholecystectomy,Biliary/Pancreas,Videoscopic,Lithotomy,2
Infiltrating ductal carcinoma of breast unspecified side,Simple mastectomy,Breast,Open,Supine,2
Breast cancer left,Wide excision,Others,Open,Supine,2
Colon cancer,Anterior resection,Colorectal,Open,Supine,2
Colorectal cancer,Anterior resection,Colorectal,Open,Lithotomy,2
Ductal carcinoma in situ of breast left,Total mastectomy,Breast,Open,Supine,2
Metastatic cancer to the liver,Liver sectionectomy,Hepatic,Open,Supine,2
Metastatic cancer to the lung unspecified side,Metastasectomy,Minor resection,Open,Right lateral decubitus,2
Epithelial ovarian cancer unknown stage unspecified side,Diagnostic laparoscopy,Minor resection,Videoscopic,Lithotomy,2
Early gastric cancer,Closure of wound,Others,Open,Supine,2
Neck mass,Excision,Others,Open,Supine,2
"Colon cancer, sigmoid",Anterior resection,Colorectal,Videoscopic,Trendelenburg,2
Mediastinal mass ,Excision,Others,Videoscopic,Right lateral decubitus,2
End stage renal disease ,Bleeding control,Others,Open,Supine,2
Abnormal finding on lung imaging ,Lung sgmentectomy,Minor resection,Videoscopic,Right lateral decubitus,2
"Rectal prolapse, female",Delorme's operation,Colorectal,Open,Prone,2
"Atypical ductal hyperplasia, breast",Wide excision,Others,Open,Supine,2
Abdominal mass ,Excision,Colorectal,Open,Supine,2
Fungus ball,Lung wedge resection,Minor resection,Videoscopic,Right lateral decubitus,2
Pancreatic cyst,Distal pancreatectomy,Biliary/Pancreas,Videoscopic,Supine,2
Colon cancer,Ileostomy repair,Colorectal,Open,Supine,2
Klatskin tumor,Hepatic hilar resection,Biliary/Pancreas,Open,Supine,2
Rectal cancer,Debulking surgery,Others,Open,Supine,2
Alagille syndrome ,Liver transplantation,Transplantation,Open,Supine,2
Wilson' disease,Liver transplantation,Transplantation,Open,Supine,2
Wilson' disease ,Liver transplantation,Transplantation,Open,Supine,2
Gallbladder polyp ,Cholecystectomy,Biliary/Pancreas,Robotic,Supine,2
Rectal cancer ,Ultralow anterior resection,Colorectal,Videoscopic,Lithotomy,2
Myoma uteri,Hysterectomy,Major resection,Videoscopic,Trendelenburg,2
Duodenal cancer ,Pancreaticoduodenectomy,Biliary/Pancreas,Open,Supine,2
Hepatocellular carcinoma,Lung wedge resection,Minor resection,Videoscopic,Left lateral decubitus,2
Carcinoid tumor of lung left,Lung lobectomy,Major resection,Videoscopic,Right lateral decubitus,2
Rectal cancer,Exploratory laparotomy,Others,Open,Lithotomy,2
Ampulla of vater cancer ,Pylorus preserving pancreaticoduodenectomy,Biliary/Pancreas,Open,Supine,2
Pericardial cyst,Excision,Others,Videoscopic,Supine,2
Acute cholecystitis,Cholecystectomy,Biliary/Pancreas,Videoscopic,Reverse Trendelenburg,2
Abdominal mass,Excision,Others,Open,Supine,2
Neurogenic tumor,Excision,Others,Videoscopic,Left lateral decubitus,2
Colonic polyp,Hemicolectomy,Colorectal,Open,Supine,2
Colon cancer ,Metastasectomy,Minor resection,Videoscopic,Left lateral decubitus,2
Cecal cancer,Exploratory laparotomy,Others,Open,Supine,2
Pneumothorax ,Bullectomy,Minor resection,Videoscopic,Left lateral decubitus,2
End stage renal disease,Simultaneous pancreas-kidney transplantation,Transplantation,Open,Supine,2
Malignant melanoma ,Inguinal lymph node dissection,Colorectal,Open,Supine,2
Peritonitis,Exploratory laparotomy,Others,Open,Supine,2
"Cervical cancer, stage 1B2",Radical hysterectomy,Major resection,Videoscopic,Lithotomy,2
Appendiceal cancer,Hemicolectomy,Colorectal,Videoscopic,Lithotomy,2
"Neuroendocrine tumor of pancreas, G1",Enucleation of pancreas,Biliary/Pancreas,Open,Supine,2
Lung cancer left,Lung sgmentectomy,Minor resection,Videoscopic,Left lateral decubitus,2
"Colon cancer, ascending",Exploratory laparotomy,Others,Open,Supine,2
"Serous cystic tumor of pancreas, benign",Distal pancreatectomy,Biliary/Pancreas,Videoscopic,Supine,2
Thyroid nodule ,Thyroid lobectomy,Thyroid,Robotic,Supine,2
Liposarcoma,Excision,Others,Open,Supine,2
Esophageal cancer,Ivor Lewis operation,Others,Open,Supine,2
Malignant neoplasm of breast right,Breast-conserving surgery,Breast,Open,Supine,2
Colon cancer ,Low anterior resection,Colorectal,Open,Lithotomy,2
Hepatocellular carcinoma,Excision,Others,Open,Supine,2
Thyroid nodule ,Total thyroidectomy,Thyroid,Videoscopic,Supine,2
Early gastric cancer,Pylorus preserving gastrectomy,Stomach,Robotic,Supine,2
Nontuberculous mycobacterial infection ,Lung lobectomy,Major resection,Videoscopic,Left lateral decubitus,2
end stage renal disease ,Kidney transplantation,Transplantation,Open,Supine,2
Autoimmune hepatitis ,Liver transplantation,Transplantation,Open,Supine,2
Metastatic cancer to the liver ,Liver segmentectomy,Hepatic,Open,Supine,2
Lung cancer left,Sleeve lobectomy,Major resection,Open,Right lateral decubitus,2
Klatskin tumor,Hepatic hilar resection,Hepatic,Open,Supine,2
Metastatic cancer to the liver,Hemihepatectomy,Hepatic,Videoscopic,Supine,2
Pheochromocytoma ,Adrenalectomy,Others,Videoscopic,Left lateral decubitus,2
Thyroid nodule,Thyroid lobectomy,Thyroid,Robotic,Supine,2
Invasive bladder cancer ,Radical cystectomy,Major resection,Robotic,Lithotomy,2
Accessory breast,Excision,Breast,Open,Supine,2
Unspecified gastric cancer,Subtotal gastrectomy,Stomach,Open,Supine,2
Breast disease ,Excision,Breast,Open,Supine,2
Solitary pulmonary nodule,Lung lobectomy,Major resection,Videoscopic,Right lateral decubitus,2
Lymphadenopathy,Excision,Breast,Open,Supine,2
Liver transplant status,Vascular repair,Vascular,Open,Supine,2
Colon perforation,Hartmann procedure,Colorectal,Open,Lithotomy,2
Early gastric cancer,Subtotal gastrectomy,Stomach,Open,Supine,2
Advanced gastric cancer,Colostomy,Colorectal,Open,Supine,2
Metastatic cancer to the lung,Metastasectomy,Minor resection,Videoscopic,Left lateral decubitus,2
Metastatic cancer to the liver,Liver segmentectomy,Hepatic,Open,Supine,2
Klatskin tumor ,Extended hemihepatectomy,Hepatic,Open,Supine,2
"Cholangiocarcinoma, intrahepatic",Hemihepatectomy,Hepatic,Videoscopic,Lithotomy,2
Lung cancer right,Sleeve lobectomy,Major resection,Open,Left lateral decubitus,2
"Colon cancer, sigmoid",Ileostomy repair,Colorectal,Open,Supine,2
Anal polyp,Transanal excision,Colorectal,Open,Prone,2
Rectal cancer,Hartmann procedure,Colorectal,Open,Lithotomy,2
Chronic kidney disease,Arteriovenous fistula,Vascular,Open,Supine,2
Lymphoma,Exploratory laparotomy,Others,Open,Supine,2
"Early gastric cancer, adenocarcinoma",Distal gastrectomy,Stomach,Videoscopic,Supine,2
Endometrial cancer unknown stage,Hysterectomy,Major resection,Videoscopic,Lithotomy,2
Bronchoesophageal fistula ,Lung lobectomy,Major resection,Open,Left lateral decubitus,2
Tremor,Hernia repair,Colorectal,Open,Supine,2
Right inguinal hernia,Hernia repair,Colorectal,Open,Supine,2
Asymptomatic gallbladder stone without obstruction,Cholecystectomy,Biliary/Pancreas,Robotic,Supine,2
Bronchiectasis ,Lung lobectomy,Major resection,Videoscopic,Left lateral decubitus,2
Ground-glass opacity,Lung lobectomy,Major resection,Videoscopic,Left lateral decubitus,2
Rectal cancer,Ultralow anterior resection,Colorectal,Videoscopic,Lithotomy,2
Thyroid nodule,Total thyroidectomy,Thyroid,Robotic,Supine,2
Constipation,Exploratory laparotomy,Others,Open,Supine,2
Myoma uteri,Radical hysterectomy,Major resection,Videoscopic,Supine,2
Ductal carcinoma in situ of breast right,Simple mastectomy,Breast,Open,Supine,2
"Neuroendocrine tumor of rectum, G1",Low anterior resection,Colorectal,Videoscopic,Lithotomy,2
Adhesive ileus ,Exploratory laparotomy,Others,Open,Supine,2
Bladder cancer,Transurethral resection of bladder tumor,Minor resection,Videoscopic,Lithotomy,2
Adenomyosis of uterus,Hysterectomy,Major resection,Videoscopic,Lithotomy,2
Ileus ,Exploratory laparotomy,Others,Open,Supine,2
Liver cirrhosis with hepatitis B Unspecified,Liver transplantation,Transplantation,Open,Supine,2
Disorder of kidney and ureter,Nephrectomy,Major resection,Robotic,Left lateral decubitus,2
Adrenal incidentaloma ,Adrenalectomy,Others,Videoscopic,Right lateral decubitus,2
Early gastric cancer ,Gastric wedge resection,Stomach,Videoscopic,Supine,2
Pancreatic disease,Spleen preserving distal pancreatectomy,Biliary/Pancreas,Videoscopic,Supine,2
Breast cancer right,Excision,Breast,Open,Supine,2
Thyroid cancer,Total thyroidectomy,Thyroid,Open,Supine,2
Gallbladder polyp,Cholecystectomy,Biliary/Pancreas,Videoscopic,Reverse Trendelenburg,2
Abnormal finding on lung imaging ,Lung lobectomy,Major resection,Videoscopic,Right lateral decubitus,2
Choledochal cyst,Excision,Biliary/Pancreas,Open,Supine,2
Esophageal cancer,Esophagectomy,Others,Open,Supine,2
Abscess of other site,Debridement of wound,Others,Open,Supine,2
Rectal cancer,Excision,Others,Open,Lithotomy,2
Twin pregnancy,Cesarean section,Others,Open,Supine,2
Colorectal cancer,Transanal excision,Colorectal,Open,Prone,2
Colon cancer ,Anterior resection,Colorectal,Open,Lithotomy,2
Pancreatic cyst,Distal pancreatectomy,Biliary/Pancreas,Open,Supine,2
Solitary pulmonary nodule ,Lung lobectomy,Major resection,Videoscopic,Right lateral decubitus,2
Primary hyperparathyroidism,Parathyroidectomy,Thyroid,Open,Supine,2
Epithelial ovarian cancer unknown stage unspecified side,Debulking surgery,Major resection,Open,Lithotomy,2
Abdominal mass ,Exploratory laparotomy,Others,Open,Supine,2
Intrahepatic duct stonewithout obstruction,Hemihepatectomy,Hepatic,Videoscopic,Supine,2
Abnormal finding on lung imaging,Lung lobectomy,Major resection,Videoscopic,Left lateral decubitus,2
Colonic polyp,Hemicolectomy,Colorectal,Videoscopic,Lithotomy,2
Aortic aneurysm ,Aneurysmal repair,Vascular,Open,Prone,1
Femoral hernia,Hernia repair,Colorectal,Open,Supine,1
"Tubulovillous adenoma, rectum",Transanal excision,Colorectal,Open,Prone,1
Malignant neoplasm of rectosigmoid junction,Anterior resection,Colorectal,Videoscopic,Supine,1
Cholangitis,Cholecystectomy,Biliary/Pancreas,Videoscopic,Supine,1
Invasive thymoma ,Thymectomy,Others,Open,Supine,1
"Abnormal chest CT, lung",Lung wedge resection,Minor resection,Open,Right lateral decubitus,1
Parastomal hernia,Hernia repair,Colorectal,Open,Lithotomy,1
Enterocutaneous fistula ,Fistulectomy,Stomach,Open,Supine,1
Gallbladder disease ,Cholecystectomy,Biliary/Pancreas,Open,Supine,1
Gastrointestinal stromal tumor,Distal gastrectomy,Stomach,Videoscopic,Reverse Trendelenburg,1
"Mucinous cystic neoplasm of pancreas, borderline",Pylorus preserving pancreaticoduodenectomy,Biliary/Pancreas,Robotic,Supine,1
end stage renal disease,Kidney transplantation,Transplantation,Open,Supine,1
Cholecystitis ,Hemihepatectomy,Hepatic,Videoscopic,Supine,1
Malignant neoplasm of chest wall,Excision,Others,Open,Supine,1
Neuroendocrine carcinoma ,Thymectomy,Others,Open,Supine,1
"Cholangiocarcinoma, intrahepatic",Lung wedge resection,Minor resection,Videoscopic,Left lateral decubitus,1
Penile cancer,Excision,Others,Open,Supine,1
Incisional hernia ,Small bowel segmental resection,Stomach,Open,Supine,1
Gastrointestinal stromal tumor of stomach,Gastric wedge resection,Stomach,Videoscopic,Lithotomy,1
Takayasu's arteritis ,Aortorenal bypass,Vascular,Open,Supine,1
Papillary thyroid adenoma,Total thyroidectomy,Thyroid,Robotic,Supine,1
Cerebral infarction,Ligation and stripping,Vascular,Open,Supine,1
varicose vein with non-specific symptoms,Ligation and stripping,Vascular,Open,Supine,1
Antenatal care for other high risk pregnancy,Cesarean section,Others,Open,Supine,1
"Colon cancer, ascending",Hartmann procedure,Colorectal,Open,Lithotomy,1
Postpartum follow up,Lung wedge resection,Minor resection,Videoscopic,Left lateral decubitus,1
Colonic polyp ,Transanal endoscopic microsurgery,Colorectal,Open,Right lateral decubitus,1
Hamartoma of lung right,Lung lobectomy,Major resection,Videoscopic,Left lateral decubitus,1
Liposarcoma of retroperitoneum ,Excision,Others,Open,Supine,1
Pseudomyxoma peritonei,Exploratory laparotomy,Others,Open,Lithotomy,1
Incompetent internal os of cervix in pregnancy,McDonald operation,Others,Open,Lithotomy,1
Congenital cystic adenomatoid malformation of lung,Lung sgmentectomy,Minor resection,Videoscopic,Left lateral decubitus,1
Early gastric cancer,Pylorus preserving gastrectomy,Stomach,Videoscopic,Lithotomy,1
Angiomyolipoma ,Excision,Others,Videoscopic,Left lateral decubitus,1
Malignant neoplasm of renal pelvis right,Transurethral resection of bladder tumor,Minor resection,Videoscopic,Lithotomy,1
Condyloma acuminata ,Excision,Colorectal,Open,Prone,1
Parathyroid adenoma,Subtotal parathyroidectomy,Thyroid,Open,Supine,1
Epithelial ovarian cancer unknown stage,Oophorectomy,Minor resection,Videoscopic,Lithotomy,1
Cecal volvulus,Exploratory laparotomy,Others,Open,Lithotomy,1
thyroid nodule,Total thyroidectomy,Thyroid,Open,Supine,1
Non-Hodgkin Lymphoma,Lung wedge resection,Minor resection,Videoscopic,Right lateral decubitus,1
Dyspnea,Hernia repair,Colorectal,Open,Supine,1
Benign neoplasm of breast right,Wide excision,Others,Open,Supine,1
Lung cancer left,Lung lobectomy,Major resection,Open,Left lateral decubitus,1
Familial adenomatous polyposis,Total proctocolectomy,Colorectal,Open,Lithotomy,1
Colorectal cancer,Anterior resection,Colorectal,Open,Supine,1
Gallbladder stone Without mention of obstruction,Cholecystectomy,Biliary/Pancreas,Videoscopic,Supine,1
Acute acalculous cholecystitis ,Cholecystectomy,Biliary/Pancreas,Videoscopic,Supine,1
Epithelial ovarian cancer unknown stage unspecified side,Staging laparotomy,Minor resection,Open,Lithotomy,1
Esophageal stenosis,Esophagectomy,Others,Open,Supine,1
Rectal cancer,Ileostomy repair,Colorectal,Open,Left lateral decubitus,1
Metastatic cancer to the inguinal area,Inguinal lymph node dissection,Colorectal,Open,Supine,1
Breech presentation of fetus,Cesarean section,Others,Open,Supine,1
Pancreas transplant status,Exploratory laparotomy,Others,Open,Supine,1
Metastatic cancer to the liver,Liver segmentectomy,Hepatic,Videoscopic,Lithotomy,1
Adrenal gland disease,Adrenalectomy,Others,Videoscopic,Supine,1
Vestibular schwannoma,Incisional hernia repair,Colorectal,Open,Supine,1
Undifferentiated pleomorphic sarcoma of pelvis ,Exploratory laparotomy,Others,Open,Lithotomy,1
Crohn's disease severe,Exploratory laparotomy,Others,Open,Supine,1
Cervical cancer unknown stage,Pelvic tumorectomy,Major resection,Robotic,Lithotomy,1
"Hemangioendothelioma, benign other sites",Excision,Others,Open,Supine,1
Hyperparathyroidism ,Subtotal parathyroidectomy,Thyroid,Open,Supine,1
Appendiceal cancer,Hemicolectomy,Colorectal,Open,Lithotomy,1
Lung abscess ,Exploration of wound,Others,Open,Left lateral decubitus,1
Colon cancer,Lung segmentectomy,Minor resection,Videoscopic,Right lateral decubitus,1
Neuroendocrine carcinoma,Radical excision of cervical lymph nodes,Others,Open,Supine,1
Vesicovaginal fistula,Ileostomy repair,Colorectal,Open,Supine,1
Colon cancer,Hemicolectomy,Colorectal,Videoscopic,Trendelenburg,1
Hydrosalpinx,Salpingectomy,Minor resection,Videoscopic,Lithotomy,1
"Neuroendocrine tumor of rectum, G1",Low anterior resection,Colorectal,Open,Lithotomy,1
Osteosarcoma ,Transverse loop colostomy,Colorectal,Open,Supine,1
Atherosclerosis obliterans without gangrene,Arteriovenous fistula,Vascular,Open,Supine,1
"Rectal carcinoid tumor, malignant",Transanal endoscopic microsurgery,Colorectal,Open,Lithotomy,1
"Pulmonary tuberculosis, confirmed by culture only with cavitation",Decortication,Others,Videoscopic,Left lateral decubitus,1
Lymphoma,Biopsy,Others,Videoscopic,Supine,1
Metastatic cancer to the abdomen,Debulking surgery,Others,Open,Supine,1
Gastrointestinal stromal tumor ,Exploratory laparotomy,Others,Open,Lithotomy,1
Hyperoxaluria,Exploratory laparotomy,Others,Open,Supine,1
Adenocarcinoma of colon,Hemicolectomy,Colorectal,Open,Supine,1
Adenocarcinoma of lung left,Lung wedge resection,Minor resection,Videoscopic,Left lateral decubitus,1
Duodenal cancer,Pancreaticoduodenectomy,Biliary/Pancreas,Open,Supine,1
Pulmonary fibrosis,Lung transplantation,Transplantation,Open,Supine,1
Atypical carcinoid tumor,Lung lobectomy,Major resection,Videoscopic,Left lateral decubitus,1
Adrenal gland disease,Adrenalectomy,Others,Videoscopic,Left lateral decubitus,1
Thymoma ,Exploration,Others,Videoscopic,Right lateral decubitus,1
liposarcoma ,Exploratory laparotomy,Others,Open,Supine,1
Small intestine obstruction,Exploratory laparotomy,Others,Open,Supine,1
Lung cancer right,Biopsy,Minor resection,Videoscopic,Right lateral decubitus,1
Lung cancer unspecified side,Lung lobectomy,Major resection,Open,Left lateral decubitus,1
Premature rupture of membrane early preterm (less than 34 weeks),McDonald operation,Others,Open,Trendelenburg,1
Myelofibrosis,Splenectomy,Biliary/Pancreas,Open,Supine,1
Hemoptysis,Lung wedge resection,Minor resection,Videoscopic,Right lateral decubitus,1
Colorectal cancer ,Exploratory laparotomy,Others,Open,Lithotomy,1
Paget's disease of breast left,Simple mastectomy,Breast,Open,Supine,1
Morbid obesity ,Gastric bypass,Stomach,Open,Supine,1
Hypertensive heart disease,Incisional hernia repair,Colorectal,Open,Supine,1
Mediastinal cyst,Excision,Others,Videoscopic,Right lateral decubitus,1
Hepatocellular carcinoma ,Peritoneal mass excision,Others,Videoscopic,Lithotomy,1
Kidney transplant status,Incisional hernia repair,Colorectal,Open,Supine,1
"Colon cancer, descending",Hartmann procedure,Colorectal,Open,Lithotomy,1
Adenocarcinoma of ampulla of vater,Pylorus preserving pancreaticoduodenectomy,Biliary/Pancreas,Open,Supine,1
Obturator hernia,Hernia repair,Colorectal,Open,Supine,1
"Malignant thymoma, type B1",Plication,Others,Videoscopic,Left lateral decubitus,1
"Cholangiocarcinoma, intrahepatic",Liver bisegmentectomy,Hepatic,Open,Supine,1
"Villous adenoma, colon",Hemicolectomy,Colorectal,Open,Supine,1
"Intraductal papillary mucinous neoplasm of pancreas, malignant",Pylorus preserving pancreaticoduodenectomy,Biliary/Pancreas,Open,Supine,1
Ampulla of vater cancer,Wide excision,Others,Open,Supine,1
Appendiceal cancer ,Hemicolectomy,Colorectal,Videoscopic,Lithotomy,1
"Colon cancer, hepatic flexure",Subtotal colectomy,Colorectal,Open,Lithotomy,1
Gastric perforation ,Exploratory laparotomy,Others,Open,Supine,1
Metastatic cancer to the thorax,Resection of rib,Others,Open,Prone,1
Acute cholecystitis,Cholecystectomy,Biliary/Pancreas,Videoscopic,Lithotomy,1
Vulvar cancer unknown stage ,Pelvic tumorectomy,Major resection,Robotic,Lithotomy,1
Superior mesenteric artery thrombosis,Exploratory laparotomy,Others,Open,Supine,1
Hepatocellular carcinoma,Excision,Biliary/Pancreas,Open,Supine,1
Metastatic cancer to the lung left,Exploratory thoracotomy,Others,Open,Right lateral decubitus,1
Rectourethral fistula ,Transplantation of gracilis muscle,Colorectal,Open,Lithotomy,1
Thyroid nodule ,Thyroid isthmectomy,Thyroid,Open,Supine,1
Renovascular hypertension,Aortorenal bypass,Vascular,Open,Supine,1
Colon cancer,Low anterior resection,Colorectal,Videoscopic,Supine,1
Direct inguinal hernia not specified as recurrent,Hernia repair,Colorectal,Open,Supine,1
Ductal carcinoma in situ of breast right,Mastectomy,Breast,Open,Supine,1
Thyroid nodule ,Adrenalectomy,Others,Open,Supine,1
"Cholangiocarcinoma, extrahepatic",Cholecystectomy,Biliary/Pancreas,Videoscopic,Supine,1
Pancreatic cancer,Total pancreatectomy,Biliary/Pancreas,Open,Supine,1
Colon obstruction ,Exploratory laparotomy,Others,Open,Supine,1
Colorectal cancer,Incisional hernia repair,Colorectal,Open,Supine,1
Thyroid cancer,Biopsy,Minor resection,Videoscopic,Right lateral decubitus,1
Duodenal cancer ,Small bowel segmental resection,Stomach,Open,Supine,1
Peripheral artery occlusive disease involving arteries below knee,Bleeding control,Others,Open,Supine,1
Non-small cell lung cancer right,Biopsy,Minor resection,Videoscopic,Left lateral decubitus,1
Abdominal hernia,Incisional hernia repair,Colorectal,Open,Supine,1
Cholecystitis,Segmental resection of bile duct,Biliary/Pancreas,Open,Supine,1
bronchiectasis ,Lung sgmentectomy,Minor resection,Videoscopic,Right lateral decubitus,1
Colorectal polyp ,Cholecystectomy,Biliary/Pancreas,Videoscopic,Supine,1
"desmoid tumor, FAP",Exploratory laparotomy,Others,Open,Supine,1
Kidney transplant status,Exploratory laparotomy,Others,Open,Supine,1
Abdominal hernia,Hernia repair,Colorectal,Open,Right lateral decubitus,1
Papillary thyroid carcinoma,Total thyroidectomy,Thyroid,Open,Supine,1
Ileus,Adhesiolysis,Others,Videoscopic,Supine,1
Dyspepsia,Gastrojejunostomy,Stomach,Videoscopic,Supine,1
"Neoplasm of appendix, uncertain behavior",Appendectomy,Colorectal,Videoscopic,Supine,1
"Pelvic abscess, male",Exploratory laparotomy,Others,Open,Supine,1
Granulomatous mastitis,Incision and drainage,Others,Open,Supine,1
Chronic cough,Hernia repair,Colorectal,Open,Supine,1
Early gastric cancer,Pylorus preserving gastrectomy,Stomach,Videoscopic,Reverse Trendelenburg,1
Mediastinal mass,Thymectomy,Others,Videoscopic,Left lateral decubitus,1
Squamous cell carcinoma of lung,Lung bilobectomy,Major resection,Videoscopic,Left lateral decubitus,1
Nontuberculous mycobacterial infection,Lung sgmentectomy,Minor resection,Videoscopic,Left lateral decubitus,1
Benign neoplasm of breast right,Excision,Breast,Open,Supine,1
Wilson' disease ,Exploratory laparotomy,Others,Open,Supine,1
Lymph node metastasis,Paraaortic lymph node dissection,Others,Open,Supine,1
malignant fibrous histiocytoma,Lung wedge resection,Minor resection,Videoscopic,Left lateral decubitus,1
Colon cancer,Extended hemicolectomy,Colorectal,Open,Supine,1
Ileus ,Ileostomy,Colorectal,Open,Supine,1
Abnormal findings on diagnostic imaging of lung ,Lung wedge resection,Minor resection,Videoscopic,Left lateral decubitus,1
End stage renal disease,Embolectomy,Vascular,Open,Supine,1
Rectal cancer ,Anterior resection,Colorectal,Videoscopic,Lithotomy,1
Metastatic cancer to the liver ,Liver segmentectomy,Hepatic,Videoscopic,Lithotomy,1
Gallbladder cholesterol polyp,Cholecystectomy,Biliary/Pancreas,Videoscopic,Supine,1
Acute appendicitis with perforation,Ileocolectomy,Colorectal,Open,Supine,1
"Kidney donor, live related",Donor nephrectomy,Transplantation,Videoscopic,Left kidney,1
Solitary pulmonary nodule,Lung wedge resection,Minor resection,Videoscopic,Supine,1
Inguinal hernia not specified as recurrent,Colostomy,Colorectal,Open,Supine,1
"Early gastric cancer, adenocarcinoma",Total gastrectomy,Stomach,Videoscopic,Supine,1
Empyema with bronchopleural fistula ,Debridement of wound,Others,Videoscopic,Right lateral decubitus,1
varicose vein of lower extremities ,Ligation and stripping,Vascular,Open,Supine,1
Hepatocellular carcinoma ,Liver segmentectomy,Hepatic,Videoscopic,Supine,1
Unspecified gastric cancer,Total gastrectomy,Stomach,Robotic,Supine,1
Lung cancer,Lung bilobectomy,Major resection,Videoscopic,Left lateral decubitus,1
"Abnormal chest CT, lung nodule",Lung sgmentectomy,Minor resection,Videoscopic,Supine,1
Lung cancer right,Metastasectomy,Minor resection,Videoscopic,Right lateral decubitus,1
"Neuroendocrine tumor of duodenum, G1",Pylorus preserving pancreaticoduodenectomy,Biliary/Pancreas,Open,Supine,1
Unspecified gastric cancer,Distal gastrectomy,Stomach,Videoscopic,Reverse Trendelenburg,1
"Colon cancer, sigmoid",Subtotal colectomy,Colorectal,Open,Lithotomy,1
"hamartoma of lung, Right",Lung sgmentectomy,Minor resection,Videoscopic,Left lateral decubitus,1
Esophageal cancer,Exploratory laparotomy,Others,Open,Supine,1
"Intraductal papillary mucinous neoplasm of pancreas, borderline",Subtotal pancreatectomy,Biliary/Pancreas,Open,Supine,1
"Cervical cancer, stage 1B1",Pelvic tumorectomy,Major resection,Robotic,Lithotomy,1
"Solid pseudopapillary tumor of pancreas, malignant",Spleen preserving distal pancreatectomy,Biliary/Pancreas,Videoscopic,Supine,1
Liver cirrhosis with esophageal varix Unspecified,Liver transplantation,Transplantation,Open,Supine,1
"Kidney donor, live related",Donor nephrectomy,Transplantation,Videoscopic,Left lateral decubitus,1
Hepatocellular carcinoma,Removal of complicated graft,Vascular,Open,Supine,1
Mediastinal mass ,Excision,Others,Videoscopic,Supine,1
Thyroid nodule,Total thyroidectomy,Thyroid,Videoscopic,Supine,1
Cervical cancer unknown stage ,Radical hysterectomy,Major resection,Videoscopic,Lithotomy,1
Adenocarcinoma of anus,Exploratory laparotomy,Others,Open,Lithotomy,1
"Phyllodes tumor of breast, benign left",Excision,Others,Open,Supine,1
Foreign body in anus and rectum,Low anterior resection,Colorectal,Open,Lithotomy,1
"Tubular adenoma, colon",Hemicolectomy,Colorectal,Open,Supine,1
"Colon cancer, sigmoid",subtotal colectomy,Colorectal,Videoscopic,Lithotomy,1
Unspecified gastric cancer ,Pylorus preserving gastrectomy,Stomach,Videoscopic,Supine,1
Malignant neoplasm of liver ,Hemihepatectomy,Hepatic,Videoscopic,Lithotomy,1
Breast cancer right,Biopsy,Minor resection,Videoscopic,Right lateral decubitus,1
Autosomal dominant polycystic kidney disease,Bleeding control,Others,Open,Supine,1
Rectal cancer,Abdominoperineal resection,Colorectal,Videoscopic,Lithotomy,1
Superior mesenteric artery syndrome,Exploratory laparotomy,Others,Open,Supine,1
Incisional hernia ,Hernia repair,Colorectal,Open,Supine,1
Infiltrating lobular carcinoma of breast left,Mastectomy,Breast,Open,Supine,1
Antenatal care for normal pregnancy 34 weeks or more pregnant,Cesarean section,Others,Open,Lithotomy,1
Colorectal cancer,Total colectomy,Colorectal,Videoscopic,Lithotomy,1
Hydrocele,Excision,Others,Open,Supine,1
colon cancer,subtotal colectomy,Colorectal,Open,Lithotomy,1
Colon disease,Anterior resection,Colorectal,Open,Lithotomy,1
Cervical cancer,Wide excision,Others,Open,Lithotomy,1
Duodenal perforation,Diagnostic laparoscopy,Others,Videoscopic,Supine,1
"Ovarian cyst, right",Salpingo-oophorectomy,Minor resection,Videoscopic,Lithotomy,1
Pelvic mass,Radical hysterectomy,Major resection,Videoscopic,Lithotomy,1
Pancreatic head cancer ,Pylorus preserving pancreaticoduodenectomy,Biliary/Pancreas,Open,Supine,1
Ovarian cyst ,Ovarian cystectomy,Major resection,Videoscopic,Prone,1
Hepatocellular carcinoma,Excision,Others,Open,Lithotomy,1
"Colon cancer, rectosigmoid",Metastasectomy,Minor resection,Videoscopic,Right lateral decubitus,1
Infiltrating ductal carcinoma of breast right,Wide excision,Others,Open,Supine,1
Ileostomy prolapse ,Ileostomy repair,Colorectal,Open,Supine,1
Incompetent internal os of cervix in pregnancy 22~34 weeks pregnant,McDonald operation,Others,Open,Lithotomy,1
breast cancer ,Excision,Others,Open,Supine,1
Colonic adenoma,Hemicolectomy,Colorectal,Videoscopic,Lithotomy,1
Hemangiopericytoma,Exploratory laparotomy,Others,Open,Supine,1
"Mucinous cystic neoplasm of pancreas, benign",Distal pancreatectomy,Biliary/Pancreas,Videoscopic,Supine,1
Lung cancer right,Bleeding control,Others,Videoscopic,Left lateral decubitus,1
Taste disorder,Ligation and stripping,Vascular,Open,Supine,1
"Cholangiocarcinoma, intrahepatic",Exploratory laparotomy,Others,Open,Supine,1
Rectal cancer ,Hartmann procedure,Colorectal,Videoscopic,Lithotomy,1
Malignant neoplasm of appendix,Cecectomy,Colorectal,Open,Supine,1
Adenocarcinoma of lung,Lung lobectomy,Major resection,Videoscopic,Left lateral decubitus,1
Mesothelioma of pleura,Pleurodesis,Others,Open,Right lateral decubitus,1
Intraductal papilloma of breast left,Wide excision,Others,Open,Supine,1
Duodenal perforation,Extended hemihepatectomy,Hepatic,Open,Supine,1
Prostate cancer,Excision,Others,Open,Supine,1
Colon cancer ,Extended hemicolectomy,Colorectal,Videoscopic,Lithotomy,1
Intestinal perforation ,Exploratory laparotomy,Others,Open,Supine,1
Abnormal findings on diagnostic imaging of lung,Lung wedge resection,Minor resection,Videoscopic,Supine,1
"Colon cancer, ascending",subtotal colectomy,Colorectal,Open,Supine,1
adhesive ileus ,Exploratory laparotomy,Others,Open,Supine,1
Symptomatic gallbladder stone,Cholecystectomy,Biliary/Pancreas,Videoscopic,Trendelenburg,1
Metastatic cancer to the pleura ,Resection of chest wall with reconstruction,Others,Open,Right lateral decubitus,1
"Advanced gastric cancer, signet ring cell carcinoma",Total gastrectomy,Stomach,Videoscopic,Supine,1
Malignant peripheral nerve sheath tumor,Lung wedge resection,Others,Videoscopic,Right lateral decubitus,1
Ovarian cyst,Radical hysterectomy,Major resection,Videoscopic,Trendelenburg,1
Tuberculous pleurisy without mention of bacteriology and histology without cavitation or unspecified,Decortication,Others,Open,Right lateral decubitus,1
Fibrous dysplasia of chest wall,Excision,Others,Open,Left lateral decubitus,1
Abdominal distension,Colostomy,Colorectal,Open,Supine,1
hepatocellular carcinoma,Liver transplantation,Transplantation,Open,Supine,1
Duodenal polyp,Peritoneal mass excision,Others,Videoscopic,Supine,1
"Colon cancer, ascending",Hemicolectomy,Colorectal,Videoscopic,Trendelenburg,1
Early gastric cancer,Radical prostatectomy,Stomach,Open,Supine,1
"Common bile duct cancer, distal",Liver sectionectomy,Hepatic,Open,Supine,1
"Pelvic abscess, female",Exploratory laparotomy,Others,Open,Lithotomy,1
Liposarcoma of retroperitoneum,Debulking surgery,Others,Open,Supine,1
Early gastric cancer,Total gastrectomy,Stomach,Robotic,Reverse Trendelenburg,1
Disorder of kidney and ureter ,Nephrectomy,Major resection,Robotic,Supine,1
End stage renal disease,Nephrectomy,Vascular,Open,Supine,1
Breast disease,Excision,Breast,Open,Supine,1
hepatocellular carcinoma ,Peritoneal mass excision,Others,Videoscopic,Lithotomy,1
Fibrocystic disease of breast,Excision,Others,Open,Supine,1
End stage renal disease,Reposition of continuous ambulatory peritoneal dialysis catheter,Stomach,Videoscopic,Supine,1
Advanced gastric cancer,Distal gastrectomy,Stomach,Videoscopic,Lithotomy,1
Mediastinal mass,Excision,Others,Videoscopic,Right lateral decubitus,1
Hepatocellular carcinoma ,Liver segmentectomy,Hepatic,Videoscopic,Prone,1
Malignant neoplasm of anorectal junction,Low anterior resection,Colorectal,Open,Lithotomy,1
Portal vein thrombosis,Embolectomy,Vascular,Open,Supine,1
Ground-glass opacity ,Lung sgmentectomy,Minor resection,Videoscopic,Left lateral decubitus,1
Infiltrating ductal carcinoma of breast left,Radical mastectomy,Breast,Open,Supine,1
"Gastrointestinal stromal tumor of small intestine, benign",Small bowel segmental resection,Stomach,Videoscopic,Supine,1
Benign neoplasm of female breast unspecified side,Excision,Breast,Open,Supine,1
Gallbladder cancer ,Radical cholecystectomy,Biliary/Pancreas,Open,Lithotomy,1
Metastatic cancer to the liver ,Hemihepatectomy,Hepatic,Open,Supine,1
Gallbladder adenomyoma,Cholecystectomy,Biliary/Pancreas,Videoscopic,Supine,1
Lung cancer left,Lung wedge resection,Minor resection,Videoscopic,Right lateral decubitus,1
Bronchopleural fistula,Incision and drainage,Others,Open,Right lateral decubitus,1
Rectal cancer,Transanal endoscopic microsurgery,Colorectal,Open,Prone,1
Choledochal cyst ,Choledochal cyst excision,Biliary/Pancreas,Open,Supine,1
"Chronic kidney disease, stage 5",Percutaneous biopsy,Vascular,Open,Supine,1
Liver function tests abnormality,Ligation and stripping,Vascular,Open,Prone,1
Early gastric cancer,Hernia repair,Colorectal,Open,Supine,1
"Colon cancer, sigmoid",Ileostomy repair,Colorectal,Open,Lithotomy,1
Mirizzi syndrome without obstruction,Cholecystectomy,Biliary/Pancreas,Videoscopic,Supine,1
Paraganglioma,Adrenalectomy,Others,Open,Supine,1
Common bile duct disease,Cholecystectomy,Biliary/Pancreas,Videoscopic,Supine,1
Enterocutaneous fistula ,Exploratory laparotomy,Others,Open,Supine,1
"Fournier's gangrene, male",Incision and drainage,Colorectal,Open,Supine,1
Endometrial cancer unknown stage ,Staging operation,Minor resection,Videoscopic,Lithotomy,1
Hepatocellular carcinoma,Excision,Others,Open,Right lateral decubitus,1
Colon cancer ,Extended hemicolectomy,Colorectal,Open,Supine,1
Liver cirrhosis with hepatitis B Child-Pugh A,Liver transplantation,Transplantation,Open,Supine,1
"Neuroendocrine tumor of pancreas, G2",Pylorus preserving pancreaticoduodenectomy,Biliary/Pancreas,Open,Supine,1
"Endometrial cancer, stage 1A",Total hysterectomy ,Major resection,Videoscopic,Lithotomy,1
Symptomatic gallbladder stone without obstruction,Cholecystectomy,Biliary/Pancreas,Robotic,Supine,1
Lipoleiomyoma of uterus,Radical hysterectomy,Major resection,Videoscopic,Lithotomy,1
Liver cirrhosis with hepatitis B Unspecified,Segmental resection of colon,Colorectal,Videoscopic,Lithotomy,1
Peripheral artery occlusive disease involving arteries below knee,Embolectomy,Vascular,Open,Supine,1
Pelvic mass,Exploratory laparotomy,Others,Open,Supine,1
Atrioventricular block,Excision,Others,Open,Supine,1
Pelvic mass ,Excision,Others,Open,Prone,1
rectal cancer,Transanal excision,Colorectal,Open,Prone,1
Cystic disease of liver,Marsupialization,Hepatic,Videoscopic,Supine,1
Vulvar cancer unknown stage,Exploratory laparotomy,Others,Open,Lithotomy,1
Invasive thymoma ,Thymectomy,Others,Robotic,Supine,1
"Mucinous cystic neoplasm of pancreas, malignant",Distal pancreatectomy,Biliary/Pancreas,Videoscopic,Supine,1
Acute acalculous cholecystitis,Cholecystectomy,Biliary/Pancreas,Videoscopic,Supine,1
Liver cirrhosis with hepatitis B Child-Pugh A,Liver segmentectomy,Hepatic,Open,Supine,1
Lymphoma ,Biopsy,Others,Open,Supine,1
"Intraductal papillary mucinous neoplasm, benign",Distal pancreatectomy,Biliary/Pancreas,Open,Supine,1
Hepatoid adenocarcinoma,Hemihepatectomy,Hepatic,Videoscopic,Lithotomy,1
gallbladder stone,Cholecystectomy,Biliary/Pancreas,Videoscopic,Supine,1
Congenital cystic adenomatoid malformation of lung ,Lung lobectomy,Major resection,Videoscopic,Right lateral decubitus,1
Abdominal mass,Exploratory laparotomy,Others,Open,Lithotomy,1
"Intraductal papillary mucinous neoplasm of bile duct, malignant",Hemihepatectomy,Hepatic,Open,Supine,1
early gastric cancer,Remnant total gastrectomy,Stomach,Open,Supine,1
Gallbladder cancer ,Hepatic hilar resection,Hepatic,Open,Left lateral decubitus,1
Pilonidal sinus with abscess ,Excision,Colorectal,Open,Prone,1
Rectal cancer,Biopsy,Minor resection,Videoscopic,Left lateral decubitus,1
Breast cancer unspecified side,Breast-conserving surgery,Breast,Open,Lithotomy,1
Common bile duct stone without obstruction,Debridement of wound,Others,Open,Left lateral decubitus,1
Acute peritonitis,Exploratory laparotomy,Others,Open,Supine,1
Adenocarcinoma of gallbladder,Gastric wedge resection,Stomach,Videoscopic,Supine,1
Macrodactyly,Ligation and stripping,Vascular,Open,Supine,1
Colorectal cancer ,Ileostomy repair,Colorectal,Open,Supine,1
Breast cancer unspecified side,Excision,Others,Open,Left lateral decubitus,1
Lung transplant status ,Sternal fixation,Others,Open,Supine,1
Chronic pancreatitis,Gastrojejunostomy,Stomach,Open,Supine,1
Urethral caruncle ,Excision,Minor resection,Open,Lithotomy,1
Rectovaginal fistula,Exploratory laparotomy,Others,Open,Prone,1
Epithelial ovarian cancer unknown stage unspecified side,Salpingo-oophorectomy,Minor resection,Videoscopic,Lithotomy,1
Metastatic cancer to the liver,Cholecystectomy,Biliary/Pancreas,Open,Supine,1
Colon cancer ,subtotal colectomy,Colorectal,Open,Lithotomy,1
Lipoma,Excision,Others,Open,Supine,1
Non-small cell lung cancer right,Lung wedge resection,Minor resection,Videoscopic,Left lateral decubitus,1
Colon cancer,Incisional hernia repair,Colorectal,Videoscopic,Supine,1
Lupus nephritis,Exploratory laparotomy,Others,Open,Supine,1
Familial adenomatous polyposis ,Ileostomy repair,Colorectal,Open,Supine,1
Chronic kidney disease,Pylorus preserving pancreaticoduodenectomy,Biliary/Pancreas,Open,Supine,1
Tonsillar cancer,Metastasectomy,Minor resection,Videoscopic,Right lateral decubitus,1
Kidney transplant status,Closure of arteriovenous fistula,Vascular,Open,Supine,1
Unspecified gastric cancer,Total gastrectomy,Stomach,Videoscopic,Supine,1
Gastrointestinal stromal tumor,Exploratory laparotomy,Others,Open,Supine,1
colon cancer ,Liver sectionectomy,Hepatic,Videoscopic,Supine,1
"Abnormal chest CT, lung nodule",Biopsy,Minor resection,Videoscopic,Left lateral decubitus,1
Ductal carcinoma in situ of breast with microinvasion left,Total mastectomy,Breast,Open,Supine,1
Metastatic cancer to the liver ,Liver sectionectomy,Hepatic,Open,Supine,1
"Tubulovillous adenoma, rectum",Low anterior resection,Colorectal,Videoscopic,Lithotomy,1
Mastitis ,Incision and drainage,Others,Open,Supine,1
Endometrial cancer unknown stage ,Total hysterectomy ,Major resection,Videoscopic,Lithotomy,1
"Aneurysm, abdominal aorta, s/p Aortoiliac bypass",Adhesiolysis,Others,Open,Supine,1
Colon cancer,subtotal colectomy,Colorectal,Videoscopic,Supine,1
Malignant melanoma,Inguinal lymph node dissection,Colorectal,Open,Supine,1
Living liver donor,Bleeding control,Others,Open,Supine,1
Adenocarcinoma of rectum,Ileostomy repair,Colorectal,Open,Supine,1
Cecal cancer,Hemicolectomy,Colorectal,Videoscopic,Supine,1
Diabetic footwith multiple complications,Arteriovenous fistula,Vascular,Open,Supine,1
Colorectal polyp,Hemicolectomy,Colorectal,Videoscopic,Trendelenburg,1
Small cell lung cancer unspecified side,Lung wedge resection,Minor resection,Videoscopic,Left lateral decubitus,1
Mediastinal lymphadenopathy,Mediastinal lymph node dissection,Others,Videoscopic,Left lateral decubitus,1
Chronic renal failure ,Insertion of continuous ambulatory peritoneal dialysis catheter,Stomach,Videoscopic,Supine,1
Carcinoma in situ of bladder,Transurethral resection of bladder tumor,Minor resection,Videoscopic,Lithotomy,1
Rectal cancer,Ileostomy,Colorectal,Open,Lithotomy,1
"Abnormal chest CT, lung",Biopsy,Others,Videoscopic,Right lateral decubitus,1
Prostate cancer,Biopsy,Others,Videoscopic,Supine,1
Colorectal polyp,Transanal excision,Colorectal,Open,Prone,1
Colon cancer ,Total colectomy,Colorectal,Videoscopic,Lithotomy,1
Melanoma,Inguinal lymph node dissection,Colorectal,Open,Supine,1
Endometrial cancer unknown stage ,Exploratory laparotomy,Major resection,Open,Lithotomy,1
Metastatic cancer to the lung,Metastasectomy,Minor resection,Open,Supine,1
Abdominal hernia,Hernia repair,Others,Open,Supine,1
"Villous adenoma, colon",Hemicolectomy,Colorectal,Videoscopic,Lithotomy,1
thyroid nodule ,Thyroid lobectomy,Thyroid,Open,Supine,1
Post traumatic pain syndrome,Ligation and stripping,Vascular,Open,Supine,1
"Right inguinal hernia, Not specified as recurrent",Hernia repair,Colorectal,Open,Supine,1
Pheochromocytoma ,Adrenalectomy,Others,Videoscopic,Right lateral decubitus,1
Abnormal electrocardiogram,Parathyroidectomy,Thyroid,Open,Supine,1
"Gastric submucosal tumor, benign",Gastric wedge resection,Stomach,Videoscopic,Left lateral decubitus,1
Sarcoma,Exploratory laparotomy,Others,Open,Supine,1
Lung cancer left,Sleeve lobectomy,Major resection,Videoscopic,Right lateral decubitus,1
Colon cancer,Transanal excision,Colorectal,Open,Prone,1
Pelvic mass ,Salpingo-oophorectomy,Minor resection,Videoscopic,Lithotomy,1
Colitis,subtotal colectomy,Colorectal,Open,Lithotomy,1
"Gastric submucosal tumor, unknown behavior",Closure of wound,Others,Open,Supine,1
Pancreatic cancer,Pancreatosplenectomy,Biliary/Pancreas,Open,Supine,1
Morbid obesity,Distal gastrectomy,Stomach,Videoscopic,Supine,1
Enterocutaneous fistula ,Fistulectomy,Colorectal,Open,Supine,1
Chronic hepatitis B,Liver transplantation,Transplantation,Open,Supine,1
Crohn's disease unspecified,Small bowel segmental resection,Stomach,Open,Supine,1
Liver cirrhosis with hepatitis B Child-Pugh B,Diagnostic laparoscopy,Others,Videoscopic,Supine,1
Colon perforation,Colostomy repair,Colorectal,Open,Supine,1
"Cholangiocarcinoma, extrahepatic",Pancreaticoduodenectomy,Biliary/Pancreas,Open,Supine,1
"Neuroendocrine tumor of pancreas, G3",Pylorus preserving pancreaticoduodenectomy,Biliary/Pancreas,Open,Supine,1
Endometrial cancer unknown stage,Total hysterectomy,Major resection,Robotic,Lithotomy,1
Lung cancer unspecified side,Lung bilobectomy,Major resection,Videoscopic,Left lateral decubitus,1
Anal polyp ,Transanal excision,Colorectal,Open,Prone,1
End stage renal disease ,Vascular bypass,Vascular,Open,Supine,1
Leiomyosarcoma,Excision,Others,Open,Supine,1
Kidney transplant status,Arteriovenous fistula thrombectomy,Vascular,Open,Supine,1
"Cervical cancer, stage 1A1",Radical hysterectomy,Major resection,Robotic,Lithotomy,1
Appendix polyp ,Cecectomy,Colorectal,Open,Supine,1
Hydropneumothorax,Bullectomy,Minor resection,Videoscopic,Right lateral decubitus,1
"Undifferentiated pleomorphic sarcoma, pelvis",Exploratory laparotomy,Others,Open,Lithotomy,1
Crohn's disease,Exploratory laparotomy,Others,Open,Lithotomy,1
"Tubular adenoma, colon",Anterior resection,Colorectal,Open,Lithotomy,1
Renal cell carcinoma unspecified side,Exploratory laparotomy,Others,Open,Lithotomy,1
Lobular carcinoma in situ of breast right,Breast-conserving surgery,Breast,Open,Supine,1
Ovarian cyst,Pelvic tumorectomy,Major resection,Robotic,Supine,1
Ulcerative colitis ,Total proctocolectomy,Colorectal,Open,Lithotomy,1
Injury of portal or splenic vein other and unspecified injuries,Splenectomy,Biliary/Pancreas,Open,Supine,1
Lymphoma ,Small bowel segmental resection,Stomach,Open,Supine,1
Gallbladder cancer,Cholecystectomy,Biliary/Pancreas,Open,Supine,1
Invasive breast cancer right,Metastasectomy,Minor resection,Videoscopic,Left lateral decubitus,1
Gallbladder stone with acute cholecystitis,Cholecystectomy,Biliary/Pancreas,Videoscopic,Supine,1
Lung nodule,Lung wedge resection,Minor resection,Videoscopic,Left lateral decubitus,1
"Kidney donor, live unrelated",Donor nephrectomy,Transplantation,Videoscopic,Supine,1
Marginal zone B-cell lymphoma,Total thyroidectomy,Thyroid,Open,Supine,1
Pancreatic pseudocyst,Distal pancreatectomy,Biliary/Pancreas,Open,Supine,1
Common bile duct stone without obstruction,Cholecystectomy,Biliary/Pancreas,Videoscopic,Supine,1
Acute cholangitis,Exploration of common bile duct,Biliary/Pancreas,Videoscopic,Supine,1
"Follicular thyroid carcinoma, minimally invasive",Completion thyroidectomy,Thyroid,Open,Supine,1
"Kidney donor, live unrelated",Donor nephrectomy,Transplantation,Videoscopic,Left lateral decubitus,1
Liver function tests abnormality,Total thyroidectomy,Thyroid,Open,Supine,1
Chondromyxoid fibroma,Resection of sternum,Others,Open,Supine,1
Malignant neoplasm of lung,Excision,Others,Open,Supine,1
Pleural empyema ,Debridement of wound,Others,Videoscopic,Left lateral decubitus,1
"Cholangiocarcinoma, intrahepatic",Hemihepatectomy,Hepatic,Videoscopic,Reverse Trendelenburg,1
Gastrointestinal stromal tumor of stomach ,Lung wedge resection,Stomach,Open,Supine,1
Medullary thyroid carcinoma,Mediastinal lymph node dissection,Others,Videoscopic,Left lateral decubitus,1
Abdominal pain,Exploratory laparotomy,Others,Open,Supine,1
Nonfunctioning adrenal adenoma,Adrenalectomy,Others,Videoscopic,Prone,1
Renal cell carcinoma left,Metastasectomy,Minor resection,Videoscopic,Right lateral decubitus,1
Thymoma ,Lung wedge resection,Minor resection,Videoscopic,Supine,1
end stage renal disease ,Removal of permanent catheter,Vascular,Open,Supine,1
Pancreatic cancer ,Wound revision,Others,Open,Supine,1
Ductal carcinoma in situ of breast with microinvasion unspecified side,Simple mastectomy,Breast,Open,Supine,1
Duodenal obstruction,Small bowel segmental resection,Stomach,Open,Supine,1
Adenocarcinoma of unknown primary site ,Excision,Others,Open,Left lateral decubitus,1
Hemothorax,Bleeding control,Others,Videoscopic,Left lateral decubitus,1
Chronic cholecystitis,Cholecystectomy,Biliary/Pancreas,Robotic,Supine,1
Liver recipient,Liver transplantation,Transplantation,Open,Supine,1
"Colon cancer, sigmoid",Low anterior resection,Colorectal,Open,Supine,1
"Gastric submucosal tumor, malignant early",Lung wedge resection,Stomach,Open,Supine,1
Parathyroid disease,Parathyroidectomy,Thyroid,Open,Supine,1
Nontuberculous mycobacterial infection,Clagett procedure,Others,Open,Left lateral decubitus,1
Malignant gastric outlet obstruction,Pancreaticoduodenectomy,Biliary/Pancreas,Open,Supine,1
Lung cancer right,Lung lobectomy,Major resection,Robotic,Left lateral decubitus,1
"Colon cancer, sigmoid",Lung wedge resection,Minor resection,Videoscopic,Right lateral decubitus,1
Malignant neoplasm of ureter left,Nephroureterectomy,Major resection,Open,Right lateral decubitus,1
Osteosarcoma,Inguinal lymph node dissection,Colorectal,Open,Supine,1
Unspecified gastric cancer ,Total gastrectomy,Stomach,Videoscopic,Supine,1
"Neoplasm of gastrointestine, uncertain behavior",Small bowel segmental resection,Stomach,Videoscopic,Supine,1
Intussusception,Exploratory laparotomy,Others,Open,Supine,1
Colon cancer,Anterior resection,Colorectal,Videoscopic,Trendelenburg,1
Arteriovenous fistula malfunction,Arteriovenous fistula thrombectomy,Vascular,Open,Supine,1
Ileus ,Adhesiolysis,Others,Open,Lithotomy,1
Vulvar cancer unknown stage ,Excision,Others,Open,Lithotomy,1
Malignant neoplasm of pancreas tail,Distal pancreatectomy,Biliary/Pancreas,Open,Supine,1
Pelvic mass,Diagnostic laparoscopy,Minor resection,Videoscopic,Lithotomy,1
Pelvic mass,Excision,Colorectal,Open,Lithotomy,1
Pancreatic disease,Pancreaticoduodenectomy,Biliary/Pancreas,Open,Supine,1
"Gastric submucosal tumor, malignant unspecified",Gastric wedge resection,Stomach,Videoscopic,Supine,1
Esophageal cancer ,Incision and drainage,Others,Open,Supine,1
Hepatocellular carcinoma,Lung wedge resection,Minor resection,Videoscopic,Right lateral decubitus,1
End stage renal disease,Removal of Hickman catheter,Vascular,Open,Supine,1
Hemoptysis ,Lung lobectomy,Major resection,Open,Left lateral decubitus,1
Cecal cancer,Hemicolectomy,Colorectal,Open,Lithotomy,1
"Phyllodes tumor of breast, benign unspecified side",Excision,Breast,Open,Supine,1
Non-small cell lung cancer right,Lung lobectomy,Major resection,Videoscopic,Left lateral decubitus,1
Breast cancer right,Mastectomy,Breast,Open,Supine,1
"Intraductal papillary mucinous neoplasm of pancreas, benign",Distal pancreatectomy,Biliary/Pancreas,Videoscopic,Supine,1
Intussusception ,Hemicolectomy,Colorectal,Videoscopic,Lithotomy,1
Esophageal cancer ,Total esophagectomy,Others,Open,Left lateral decubitus,1
Liposarcoma,Debulking surgery,Others,Open,Supine,1
Breast cancer right,Mediastinal lymph node dissection,Others,Videoscopic,Right lateral decubitus,1
Breast cancer right,Lung wedge resection,Minor resection,Videoscopic,Right lateral decubitus,1
Atherosclerosis of lower limb with intermittent claudication,Arteriovenous fistula,Vascular,Open,Supine,1
Adenocarcinoma of colon,Low anterior resection,Colorectal,Open,Lithotomy,1
"Intraductal papillary mucinous neoplasm of pancreas, moderate dysplasia",Spleen preserving distal pancreatectomy,Biliary/Pancreas,Videoscopic,Supine,1
Adenocarcinoma of prostate,Radical prostatectomy,Major resection,Robotic,Lithotomy,1
Pleural empyema ,Elosser operation,Others,Open,Left lateral decubitus,1
Cervical cancer unknown stage,Radical parametrectomy,Major resection,Robotic,Lithotomy,1
Arteriovenous fistula malfunction,Arteriovenous fistula,Vascular,Open,Supine,1
Rectal prolapse,Rectal prolapse operation,Colorectal,Open,Supine,1
Rectal cancer,Transanal endoscopic microsurgery,Colorectal,Open,Right lateral decubitus,1
Choledochal cyst,Revision of small intestine anastomosis,Stomach,Open,Supine,1
Alcoholic liver cirrhosis with ascites,Bleeding control,Others,Open,Supine,1
Gastric subepithelial mass ,Gastric wedge resection,Stomach,Videoscopic,Supine,1
Colorectal polyp,Hemicolectomy,Colorectal,Videoscopic,Lithotomy,1
"Gastrointestinal stromal tumor of rectum, malignant",Excision,Others,Open,Supine,1
Renal cell carcinoma left,Cholecystectomy,Biliary/Pancreas,Videoscopic,Supine,1
Rectovaginal fistula,Ileostomy repair,Colorectal,Open,Supine,1
bladder cancer,Transurethral resection of bladder tumor,Minor resection,Videoscopic,Lithotomy,1
Crohn's disease unspecified,Incision and drainage,Others,Open,Prone,1
Congenital cystic adenomatoid malformation of lung ,Lung lobectomy,Major resection,Videoscopic,Left lateral decubitus,1
Gallbladder anomaly,Cholecystectomy,Biliary/Pancreas,Videoscopic,Supine,1
Gastric diverticulum ,Hepaticojejunostomy,Biliary/Pancreas,Robotic,Supine,1
Acute peritonitis,Diagnostic laparoscopy,Others,Videoscopic,Supine,1
"Fallopian tubal cancer, stage 4",Colostomy,Others,Open,Supine,1
Renal cell carcinoma,Metastasectomy,Minor resection,Videoscopic,Left lateral decubitus,1
Unspecified gastric cancer,Gastrojejunostomy,Stomach,Videoscopic,Supine,1
Early gastric cancer,Total gastrectomy,Stomach,Robotic,Supine,1
Varicose vein of lower limb with inflammation,Ligation and stripping,Vascular,Open,Supine,1
Ductal carcinoma in situ of breast unspecified side,Simple mastectomy,Breast,Open,Supine,1
Ischemic colitis,Total colectomy,Colorectal,Open,Supine,1
"Injury of colon with open wound, other and unspecified injuries",Colostomy repair,Colorectal,Open,Supine,1
Endometrial cancer unknown stage,Pelvic tumorectomy,Major resection,Robotic,Supine,1
Ovarian cancer,Hartmann procedure,Colorectal,Open,Lithotomy,1
Breast cancer left,Metastasectomy,Minor resection,Videoscopic,Right lateral decubitus,1
Other trauma of chest wall,Incision and drainage,Others,Open,Supine,1
Bilateral inguinal hernia recurrent,Hernia repair,Colorectal,Open,Supine,1
Pelvic mass,Excision,Others,Open,Supine,1
Ischemic colitis,Ileostomy repair,Colorectal,Open,Supine,1
Rectal cancer,Colostomy,Colorectal,Open,Lithotomy,1
"Congestive heart failure, diastolic",Incisional hernia repair,Colorectal,Open,Supine,1
Hyperhidrosis,Thoracic sympathectomy,Others,Videoscopic,Sitting,1
Empyema necessitatis ,Empyemectomy,Minor resection,Open,Left lateral decubitus,1
Hematochezia,Anterior resection,Colorectal,Open,Supine,1
Mediastinal germ cell tumor,Excision,Others,Open,Supine,1
Pericardial cyst,Excision,Others,Open,Left lateral decubitus,1
Empyema without bronchopleural fistula ,Clagett procedure,Others,Open,Supine,1
Gynecomastia,Simple mastectomy,Breast,Open,Supine,1
Breast cancer right,Biopsy,Others,Videoscopic,Supine,1
Lung cancer unspecified side,Ovarian cystectomy,Major resection,Videoscopic,Lithotomy,1
Breast cancer right,Completion mastectomy,Breast,Open,Supine,1
Lymphoma,Excision,Others,Open,Prone,1
Breast cancer left,Arteriovenous fistula,Vascular,Open,Supine,1
Lung cancer,Lung sgmentectomy,Minor resection,Videoscopic,Right lateral decubitus,1
"Arteriovenous fistula, acquired",Arteriovenous fistula,Vascular,Open,Supine,1
Pleural effusion ,Peritoneal mass excision,Others,Videoscopic,Lithotomy,1
Epithelial ovarian cancer unknown stage unspecified side,Excision,Others,Videoscopic,Lithotomy,1
Aortic aneurysm,Endovascular aneurysmal repair,Vascular,Open,Supine,1
Giant cell tumor,Metastasectomy,Minor resection,Videoscopic,Left lateral decubitus,1
"Colon cancer, rectosigmoid",Debulking surgery,Others,Open,Lithotomy,1
Mediastinal cyst,Excision,Others,Open,Left lateral decubitus,1
Thyroglossal duct cyst,Excision,Others,Videoscopic,Supine,1
Duodenal cancer,Distal gastrectomy,Stomach,Videoscopic,Supine,1
Leiomyosarcoma ,Exploratory laparotomy,Others,Open,Lithotomy,1
Lung nodule ,Lung wedge resection,Minor resection,Videoscopic,Left lateral decubitus,1
Breast cancer left,Breast reconstruction,Breast,Open,Supine,1
Colitis,Appendectomy,Colorectal,Videoscopic,Supine,1
Renal cell carcinoma left,Metastasectomy,Minor resection,Videoscopic,Left lateral decubitus,1
Liver cirrhosis Child-Pugh C,Liver transplantation,Transplantation,Open,Supine,1
Malignant neoplasm of pleura,Biopsy,Others,Videoscopic,Right lateral decubitus,1
Myoma uteri ,Myomectomy,Minor resection,Videoscopic,Lithotomy,1
Persons encountering health services for prophylactic surgery for risk-factors related to malignant neoplasms,Salpingo-oophorectomy,Minor resection,Videoscopic,Lithotomy,1
Unclassified endometrial cancer,Radical hysterectomy,Major resection,Open,Supine,1
"Neuroendocrine tumor of pancreas, G1",Median pancreatectomy,Biliary/Pancreas,Robotic,Supine,1
Rectal cancer,Transanal excision,Colorectal,Open,Right lateral decubitus,1
Small intestine-small intestine fistula,Exploratory laparotomy,Others,Open,Supine,1
right inguinal hernia ,Exploration of wound,Others,Open,Supine,1
Pleural empyema ,Incision and drainage,Others,Open,Left lateral decubitus,1
Repair of inguinal hernia ( right / open / indirect )  : Laparoscopic,Inguinal hernia,Colorectal,Videoscopic,Supine,1
hemorrhoids ,Hemorrhoidectomy,Colorectal,Open,Prone,1
Abnormal findings on diagnostic imaging of lung ,Lung wedge resection,Minor resection,Videoscopic,Right lateral decubitus,1
Crohn's disease,Total colectomy,Colorectal,Open,Lithotomy,1
Biliary acute pancreatitis,Cholecystectomy,Biliary/Pancreas,Videoscopic,Supine,1
Malignant neoplasm of salivary gland,Lung lobectomy,Major resection,Videoscopic,Left lateral decubitus,1
Asymptomatic gallbladder stone without obstruction,Cholecystectomy,Biliary/Pancreas,Videoscopic,Reverse Trendelenburg,1
Anal fissure,Sphincteroplasty,Colorectal,Open,Prone,1
Unilateral inguinal hernia not specified as recurrent,Hernia repair,Colorectal,Open,Supine,1
Hepatocellular carcinoma,Hemicolectomy,Colorectal,Open,Supine,1
Systemic lupus erythematosus ,Embolectomy,Vascular,Open,Supine,1
"Intraductal papillary mucinous neoplasm of pancreas, invasive",Distal pancreatectomy,Biliary/Pancreas,Open,Supine,1
Colonic polyp,Low anterior resection,Colorectal,Open,Lithotomy,1
Ovarian cyst,Salpingectomy,Minor resection,Videoscopic,Lithotomy,1
Pelvic mass,Ovarian cystectomy,Major resection,Videoscopic,Lithotomy,1
Colon perforation ,Hemicolectomy,Colorectal,Open,Supine,1
Stomach cancer advanced,Subtotal gastrectomy,Stomach,Open,Supine,1
Diabetes mellitus,Cholecystectomy,Biliary/Pancreas,Videoscopic,Supine,1
descending colon cancer ,Exploratory laparotomy,Others,Open,Lithotomy,1
Malignant neoplasm of retroperitoneum,Excision,Colorectal,Open,Supine,1
Crohn's disease ,Exploratory laparotomy,Others,Open,Supine,1
Breast disease,Axillary lymph node dissection,Breast,Open,Supine,1
Hepatocellular carcinoma ,Lung wedge resection,Minor resection,Videoscopic,Right lateral decubitus,1
Non-small cell lung cancer left,Adrenalectomy,Others,Videoscopic,Right lateral decubitus,1
Abnormal finding on lung imaging,Lung wedge resection,Minor resection,Videoscopic,Supine,1
Lymph node enlargement ,Excision,Others,Open,Supine,1
Ground-glass opacity ,Lung sgmentectomy,Minor resection,Videoscopic,Supine,1
Invasive bladder cancer ,Colostomy,Colorectal,Open,Supine,1
Lymphoma,Excision,Others,Open,Supine,1
Aspergilloma ,Lung lobectomy,Major resection,Videoscopic,Left lateral decubitus,1
Lung cancer left,Pneumonectomy,Major resection,Open,Supine,1
Lung cancer right,Resection of chest wall with reconstruction,Others,Open,Left lateral decubitus,1
infiltrating ductal carcinoma of breast,Biopsy,Others,Open,Right lateral decubitus,1
Radiocontrast media hypersensitivity,Anterior resection,Colorectal,Open,Trendelenburg,1
Undifferentiated pleomorphic sarcoma of upper limb ,Metastasectomy,Minor resection,Videoscopic,Left lateral decubitus,1
Hepatoblastoma,Liver transplantation,Transplantation,Open,Supine,1
"Neuroendocrine tumor of pancreas, G1",Median pancreatectomy,Biliary/Pancreas,Open,Supine,1
Klatskin tumor,Gastrojejunostomy,Stomach,Open,Supine,1
Endometrial cancer unknown stage,Radical hysterectomy,Major resection,Robotic,Supine,1
Keloid scar,Excision,Others,Open,Supine,1
Endometrial cancer unknown stage,Exploratory laparotomy,Major resection,Open,Supine,1
Lung nodule,Lung lobectomy,Major resection,Videoscopic,Right lateral decubitus,1
Early gastric cancer (C1690),Pylorus preserving gastrectomy,Stomach,Robotic,Supine,1
"Rectal carcinoid, benign",Transanal excision,Colorectal,Open,Prone,1
Lymphadenopathy,Biopsy,Colorectal,Videoscopic,Supine,1
"Colon cancer, sigmoid",Anterior resection,Colorectal,Open,Sitting,1
Chronic appendicitis,Appendectomy,Colorectal,Videoscopic,Supine,1
Neck mass ,Selective neck dissection,Others,Open,Supine,1
"Intraductal papillary mucinous neoplasm of pancreas, borderline",Distal pancreatectomy,Biliary/Pancreas,Open,Supine,1
Osteosarcoma ,Wide excision,Others,Open,Right lateral decubitus,1
Hepatocellular carcinoma,Hemihepatectomy,Hepatic,Videoscopic,Reverse Trendelenburg,1
Atrophic vaginitis,Parathyroidectomy,Thyroid,Open,Supine,1
"Colon cancer, ascending",Excision,Others,Open,Lithotomy,1
end stage renal disease,Closure of arteriovenous fistula,Vascular,Open,Supine,1
Extramammary Paget's disease,Transanal excision,Colorectal,Open,Prone,1
fungus ball ,Lung lobectomy,Major resection,Videoscopic,Right lateral decubitus,1
Empyema necessitatis,Debridement of wound,Others,Videoscopic,Left lateral decubitus,1
Metastasis of unknown origin,Radical excision of iliac lymph nodes,Colorectal,Open,Lithotomy,1
Anal fistula,Exploratory laparotomy,Others,Open,Prone,1
Arteriovenous fistula malfunction,Revision of arteriovenous fistula,Vascular,Open,Supine,1
"Gastrointestinal stromal tumor of stomach, benign",Gastric wedge resection,Stomach,Videoscopic,Lithotomy,1
"Colon cancer, hepatic flexure",Hemicolectomy,Colorectal,Videoscopic,Supine,1
Pancreatic cancer ,Incisional hernia repair,Colorectal,Open,Supine,1
End stage kidney disease on dialysis,Thyroid lobectomy,Thyroid,Open,Supine,1
Gallbladder polyp,Extended cholecystectomy,Biliary/Pancreas,Open,Supine,1
Osteosarcoma of femur,Lung lobectomy,Major resection,Videoscopic,Right lateral decubitus,1
Achalasia,Fundoplication,Others,Videoscopic,Supine,1
Thromboembolism,Embolectomy,Vascular,Open,Supine,1
"Thrombosis, inferior vena cava",Resection of inferior vena cava,Vascular,Open,Supine,1
Gastrointestinal stromal tumor of rectum,Ileostomy repair,Colorectal,Open,Supine,1
Malignant melanoma ,Biopsy,Minor resection,Videoscopic,Right lateral decubitus,1
Hepatocellular carcinoma,Hemihepatectomy,Hepatic,Open,Lithotomy,1
"Embolism and thrombosis, femoral artery",Embolectomy,Vascular,Open,Supine,1
Melanoma,Radical excision of iliac lymph nodes,Colorectal,Open,Supine,1
Crohn's disease,Exploratory laparotomy,Others,Open,Supine,1
Non-small cell lung cancer left,Lung lobectomy,Major resection,Videoscopic,Left lateral decubitus,1
Renal cell carcinoma unspecified side,Colostomy,Colorectal,Open,Supine,1
Endometriosis,Excision,Others,Open,Supine,1
Breast abscess ,Cleaning of wound,Others,Open,Supine,1
Myoma uteri,Total hysterectomy ,Major resection,Videoscopic,Lithotomy,1
Diffuse interstitial lung disease ,Biopsy,Minor resection,Videoscopic,Right lateral decubitus,1
"Cervical cancer, stage 1A1",Radical hysterectomy,Major resection,Videoscopic,Lithotomy,1
Breast cancer unspecified side,Thyroid lobectomy,Thyroid,Open,Supine,1
breast disease ,Excision,Breast,Open,Supine,1
"Colon cancer, sigmoid",Paraaortic lymph node dissection,Others,Open,Lithotomy,1
Lung cancer unspecified side,Sleeve lobectomy,Major resection,Videoscopic,Right lateral decubitus,1
Familial adenomatous polyposis,Total proctocolectomy,Colorectal,Videoscopic,Lithotomy,1
Breast cancer right,Metastasectomy,Minor resection,Videoscopic,Left lateral decubitus,1
Indirect inguinal hernia not specified as recurrent,Hernia repair,Colorectal,Open,Supine,1
Carcinoma in situ of cervix ,Hysterectomy,Major resection,Videoscopic,Supine,1
Hamartoma,Excision,Others,Videoscopic,Left lateral decubitus,1
"hepatocellular carcinoma, status post pei",Bleeding control,Others,Open,Supine,1
Choledochal cyst ,Excision,Biliary/Pancreas,Open,Lithotomy,1
Lung cancer right,Biopsy,Others,Videoscopic,Left lateral decubitus,1
Nontuberculous mycobacterial infection,Bleeding control,Others,Videoscopic,Left lateral decubitus,1
Infiltrating lobular carcinoma of breast right,Excision,Others,Open,Supine,1
Remnant stomach cancer early,Remnant total gastrectomy,Stomach,Open,Supine,1
Remnant stomach cancer unspecified,Remnant total gastrectomy,Stomach,Videoscopic,Supine,1
Gastrointestinal stromal tumor of stomach ,Distal gastrectomy,Stomach,Robotic,Supine,1
"Colon cancer, ascending",Low anterior resection,Colorectal,Open,Supine,1
"Epithelial ovarian cancer, stage 3C",Staging laparotomy,Minor resection,Open,Lithotomy,1
Biliary colic without obstruction,Cholecystectomy,Biliary/Pancreas,Videoscopic,Supine,1
Right inguinal hernia not specified as recurrent,Hernia repair,Colorectal,Videoscopic,Supine,1
Cervical cancer unknown stage ,Pelvic tumorectomy,Major resection,Robotic,Lithotomy,1
Hepatocellular carcinoma ,Metastasectomy,Minor resection,Videoscopic,Left lateral decubitus,1
Liposarcoma ,Ileostomy,Colorectal,Open,Supine,1
Ulcerative colitis ,Ileostomy repair,Colorectal,Open,Supine,1
Marginal zone B-cell lymphoma ,Biopsy,Minor resection,Videoscopic,Left lateral decubitus,1
Rectovaginal fistula,Fistulectomy,Colorectal,Open,Lithotomy,1
End stage renal disease ,Removal of continuous ambulatory peritoneal dialysis catheter,Vascular,Open,Supine,1
Mycotic aneurysm,Aortoiliac bypass,Vascular,Open,Supine,1
Leiomyosarcoma,Exploratory laparotomy,Others,Open,Supine,1
Metastatic cancer to the bone ,Diagnostic pelviscopy,Minor resection,Videoscopic,Lithotomy,1
Hepatocellular carcinoma,Hernia repair,Colorectal,Open,Supine,1
Nontuberculous mycobacterial infection,Debridement of wound,Others,Open,Right lateral decubitus,1
Pneumoperitoneum,Exploratory laparotomy,Others,Open,Supine,1
End stage kidney disease on dialysis,Removal of permanent catheter,Vascular,Open,Supine,1
Intestinal perforation,Exploratory laparotomy,Others,Open,Supine,1
Postoperative bleeding,Bleeding control,Others,Open,Left lateral decubitus,1
Metastatic cancer to the peritoneum,Exploratory laparotomy,Others,Open,Supine,1
"Neoplasm of chest wall, uncertain behavior",Excision,Others,Open,Supine,1
Hepatocellular carcinoma ,Excision,Others,Open,Left lateral decubitus,1
Anal bleeding,Anterior resection,Colorectal,Videoscopic,Supine,1
Rectal cancer,Extended hemihepatectomy,Hepatic,Open,Supine,1
Epithelial ovarian cancer unknown stage unspecified side,Hysterectomy,Major resection,Videoscopic,Supine,1
Ileitis ,Exploratory laparotomy,Others,Open,Supine,1
Condyloma acuminata ,Electrocauterization,Others,Open,Prone,1
breast cancer,Metastasectomy,Minor resection,Videoscopic,Left lateral decubitus,1
Angiosarcoma ,Metastasectomy,Minor resection,Videoscopic,Right lateral decubitus,1
Carcinoid tumor of lung right,Excision,Others,Open,Left lateral decubitus,1
Colon obstruction,Hemicolectomy,Colorectal,Open,Lithotomy,1
Nontuberculous mycobacterial infection,Lung wedge resection,Minor resection,Videoscopic,Right lateral decubitus,1
"Colon cancer, sigmoid",Hemihepatectomy,Hepatic,Open,Supine,1
Esophageal hiatal hernia,Hernia repair,Stomach,Videoscopic,Lithotomy,1
Rectal cancer,Ileostomy,Colorectal,Open,Supine,1
Pancreatic cancer ,Pancreatosplenectomy,Biliary/Pancreas,Open,Supine,1
"Colon cancer, sigmoid",Peritoneal mass excision,Others,Videoscopic,Lithotomy,1
Gastrointestinal stromal tumor,Lung wedge resection,Stomach,Open,Supine,1
Hamartoma of lung right,Lung wedge resection,Minor resection,Videoscopic,Left lateral decubitus,1
Cervical cancer unknown stage,Biopsy,Others,Videoscopic,Left lateral decubitus,1
Crohn's disease moderate,Exploratory laparotomy,Others,Open,Supine,1
Lymphadenitis,Selective neck dissection,Others,Open,Supine,1
Pancreatic tail cancer ,Distal pancreatectomy,Biliary/Pancreas,Open,Supine,1
Rectal cancer,Metastasectomy,Minor resection,Videoscopic,Left lateral decubitus,1
Hemoptysis ,Lung lobectomy,Major resection,Videoscopic,Left lateral decubitus,1
Solitary fibrous tumor,Lung lobectomy,Major resection,Videoscopic,Left lateral decubitus,1
Tricuspid regurgitation,Bleeding control,Others,Open,Supine,1
Obesity ,Partial gastrectomy,Stomach,Open,Supine,1
"Atypical ductal hyperplasia, breast",Excision,Others,Open,Supine,1
Lung cancer unspecified side,Biopsy,Minor resection,Videoscopic,Right lateral decubitus,1
Antenatal care for high risk pregnancy,Modified Shirodkar operation,Others,Open,Lithotomy,1
Squamous cell papilloma,Transanal excision,Colorectal,Open,Prone,1
Ampulla of vater cancer,Gastrojejunostomy,Stomach,Open,Supine,1
Carcinoid tumor of lung right,Lung bilobectomy,Major resection,Videoscopic,Left lateral decubitus,1
Hepatocellular carcinoma,Mediastinal lymph node dissection,Others,Videoscopic,Supine,1
kidney transplantation,Closure of arteriovenous fistula,Vascular,Open,Supine,1
Bladder cancer,Hernia repair,Colorectal,Open,Supine,1
Acute appendicitis with peritoneal abscess,Appendectomy,Colorectal,Open,Supine,1
Mediastinal mass ,Excision,Others,Videoscopic,Left lateral decubitus,1
Alcoholic hepatic failure without coma,Liver transplantation,Transplantation,Open,Supine,1
"Colon cancer, ascending",Metastasectomy,Minor resection,Videoscopic,Left lateral decubitus,1
Pancreatic disease ,Spleen preserving distal pancreatectomy,Biliary/Pancreas,Videoscopic,Supine,1
Rectal cancer ,Transanal endoscopic microsurgery,Colorectal,Open,Prone,1
Rectal cancer ,Exploratory laparotomy,Others,Open,Prone,1
Pleural disease ,Excision,Others,Videoscopic,Left lateral decubitus,1
Gastrointestinal stromal tumor of duodenum ,Pylorus preserving pancreaticoduodenectomy,Biliary/Pancreas,Open,Supine,1
Emphysema,Biopsy,Minor resection,Videoscopic,Right lateral decubitus,1
Rectal cancer ,Excision,Others,Open,Lithotomy,1
Bladder cancer ,Transurethral resection of bladder tumor,Minor resection,Videoscopic,Lithotomy,1
Cervical cancer unknown stage,Total hysterectomy ,Major resection,Videoscopic,Lithotomy,1
Colonic polyp ,Segmental resection of colon,Colorectal,Open,Supine,1
Venous malformation,Ligation and stripping,Vascular,Open,Prone,1
Hepatocellular carcinoma,Hepaticojejunostomy,Biliary/Pancreas,Open,Supine,1
early gastric cancer,Distal gastrectomy,Stomach,Videoscopic,Supine,1
Focal nodular hyperplasia of liver,Liver segmentectomy,Hepatic,Videoscopic,Lithotomy,1
Retroperitoneal sarcoma,Excision,Others,Open,Lithotomy,1
Pelvic mass,Debulking surgery,Major resection,Open,Lithotomy,1
Invasive bladder cancer ,Transurethral resection of bladder tumor,Minor resection,Videoscopic,Lithotomy,1
Intracranial hemorrhage,Removal of continuous ambulatory peritoneal dialysis catheter,Vascular,Open,Supine,1
Right inguinal hernia,Hernia repair,Colorectal,Open,Lithotomy,1
Empyema without bronchopleural fistula,Exploration,Others,Videoscopic,Supine,1
Condyloma acuminata,Excision,Colorectal,Open,Prone,1
Thymic cyst,Thymectomy,Others,Videoscopic,Supine,1
Deep vein thrombosis ,Arteriovenous fistula thrombectomy,Vascular,Open,Supine,1
Esophageal perforation,Decortication,Others,Videoscopic,Right lateral decubitus,1
Unspecified gastric cancer ,Total gastrectomy,Stomach,Robotic,Supine,1
Pseudomyxoma peritonei,Debulking surgery,Others,Open,Supine,1
Adenocarcinoma of lung right,Lung wedge resection,Minor resection,Videoscopic,Left lateral decubitus,1
Tracheostomy status,Metastasectomy,Minor resection,Videoscopic,Right lateral decubitus,1
Advanced gastric cancer,Pancreaticoduodenectomy,Biliary/Pancreas,Open,Supine,1
Colorectal cancer,Total colectomy,Colorectal,Open,Right lateral decubitus,1
Rectovaginal fistula ,Transanal excision,Colorectal,Open,Prone,1
Unclassified endometrial cancer,Extended hysterectomy,Major resection,Open,Lithotomy,1
Papillary thyroid adenoma,Thyroid lobectomy,Thyroid,Robotic,Supine,1
Epithelial ovarian cancer unknown stage,Staging laparotomy,Minor resection,Open,Lithotomy,1
Desmoid tumor in familial adenomatous polyposis,Excision,Others,Open,Supine,1
"Neuroendocrine tumor of rectum, G1",Transanal excision,Colorectal,Open,Prone,1
Ovarian cyst ,Salpingo-oophorectomy,Minor resection,Videoscopic,Lithotomy,1
thymoma ,Metastasectomy,Minor resection,Videoscopic,Left lateral decubitus,1
Breast cancer unspecified side,Breast-conserving surgery,Breast,Open,Reverse Trendelenburg,1
Thyroid nodule ,Adrenalectomy,Others,Videoscopic,Left lateral decubitus,1
"Colon cancer, transverse",Hemicolectomy,Colorectal,Videoscopic,Trendelenburg,1
"Small intestine perforation, nontraumatic",Exploratory laparotomy,Others,Open,Supine,1
Rectal cancer ,Excision,Colorectal,Open,Prone,1
"Malignant thymoma, type B1",Excision,Others,Videoscopic,Right lateral decubitus,1
Alcoholic liver cirrhosis without ascites,Liver transplantation,Transplantation,Open,Supine,1
Colonic pseudoobstruction,Colostomy,Colorectal,Open,Supine,1
Hepatocellular carcinoma ,Liver sectionectomy,Hepatic,Open,Lithotomy,1
Cecal cancer ,Ileocecectomy,Colorectal,Open,Supine,1
Ground-glass opacity,Lung sgmentectomy,Minor resection,Videoscopic,Right lateral decubitus,1
"Ovarian cyst torsion, right",Ovarian cystectomy,Major resection,Videoscopic,Lithotomy,1
Kidney donor ,Donor nephrectomy,Transplantation,Videoscopic,Left lateral decubitus,1
Myoma uteri ,Myomectomy,Minor resection,Open,Supine,1
Accessory breast,Wide excision,Others,Open,Supine,1
Gallbladder cancer,Excision,Biliary/Pancreas,Open,Supine,1
Choledochal cyst ,Choledochal cyst excision,Biliary/Pancreas,Robotic,Supine,1
Other appendicitis,Appendectomy,Colorectal,Videoscopic,Supine,1
Neurogenic tumor,Excision,Others,Open,Lithotomy,1
Colon cancer ,Exploratory laparotomy,Others,Open,Lithotomy,1
Metastasis of unknown origin ,Exploratory laparotomy,Others,Open,Lithotomy,1
Colonic polyp,Anal fistulotomy,Colorectal,Open,Prone,1
Epithelial-myoepithelial carcinoma ,Simple mastectomy,Breast,Open,Supine,1
Carcinoma in situ of colon,Ileostomy repair,Colorectal,Open,Supine,1
Pseudomyxoma peritonei ,Exploratory laparotomy,Others,Open,Supine,1
Fulminant hepatitiswithout coma,Liver transplantation,Transplantation,Open,Supine,1
Fibrous dysplasia of bone site unspecified,Excision,Others,Open,Right lateral decubitus,1
Fibrothorax,Decortication,Others,Videoscopic,Right lateral decubitus,1
Biliary atresia ,Arteriovenous fistula thrombectomy,Vascular,Open,Supine,1
Mental retardation,Hemorrhoidectomy,Colorectal,Open,Prone,1
"Left inguinal hernia, Not specified as recurrent",Hernia repair,Colorectal,Open,Supine,1
"Mucinous cystadenocarcinoma of pancreas, non-invasive",Pylorus preserving pancreaticoduodenectomy,Biliary/Pancreas,Robotic,Supine,1
Colonic polyp ,Hemicolectomy,Colorectal,Open,Supine,1
Colorectal cancer ,Incisional hernia repair,Colorectal,Open,Supine,1
Pelvic mass ,Hartmann procedure,Colorectal,Open,Lithotomy,1
Epiphrenic diverticulum ,Diverticulectomy,Others,Videoscopic,Prone,1
"Mediastinal bronchogenic cyst, acquried",Excision,Others,Videoscopic,Left lateral decubitus,1
"Liver retransplantation, living donor",Closure of wound,Others,Open,Supine,1
Carcinoma in situ of rectum,Anterior resection,Colorectal,Open,Lithotomy,1
"Abnormal chest CT, lung nodule",Exploration,Others,Videoscopic,Right lateral decubitus,1
Abnormal finding on lung imaging,Lung sgmentectomy,Minor resection,Videoscopic,Left lateral decubitus,1
Metastatic cancer to the lung,Biopsy,Minor resection,Videoscopic,Right lateral decubitus,1
Mediastinal large B-cell lymphoma,Excision,Others,Videoscopic,Left lateral decubitus,1
Renal cell carcinoma right,Adrenalectomy,Major resection,Robotic,Supine,1
Intraductal papilloma of female breast right,Breast-conserving surgery,Breast,Open,Supine,1
Mediastinal cyst ,Excision,Others,Open,Left lateral decubitus,1
Gallbladder polyp ,Cholecystectomy,Biliary/Pancreas,Videoscopic,Reverse Trendelenburg,1
Disorder of kidney and ureter ,Nephrectomy,Major resection,Videoscopic,Right lateral decubitus,1
Pneumothorax,Lung wedge resection,Minor resection,Videoscopic,Left lateral decubitus,1
Lung cancer right,Pneumonectomy,Major resection,Open,Left lateral decubitus,1
Lung cancer left,Debridement of wound,Others,Open,Right lateral decubitus,1
"Neuroendocrine tumor of pancreas, G1",Partial pancreatectomy,Biliary/Pancreas,Open,Supine,1
Colorectal cancer,Anterior resection,Colorectal,Videoscopic,Supine,1
Alveolar soft part sarcoma ,Metastasectomy,Minor resection,Videoscopic,Right lateral decubitus,1
"Cervical cancer, stage 1B1",Modified radical hysterectomy,Major resection,Robotic,Lithotomy,1
Myoma uteri,Extended hysterectomy,Major resection,Videoscopic,Trendelenburg,1
Early gastric cancer,Proximal gastrectomy,Stomach,Robotic,Supine,1
Septic shock ,Exploratory laparotomy,Others,Open,Supine,1
Bladder disease,Transurethral resection of bladder tumor,Minor resection,Videoscopic,Lithotomy,1
Lung cancer right,Lung wedge resection,Minor resection,Videoscopic,Right lateral decubitus,1
Metastatic cancer to the liver,Liver sectionectomy,Hepatic,Open,Lithotomy,1
Liver donor,Liver transplantation,Transplantation,Open,Lithotomy,1
Tuberculous peritonitis,Peritoneal mass excision,Others,Videoscopic,Supine,1
"Epithelial ovarian cancer, stage 4 unspecified side",Debulking surgery,Major resection,Open,Supine,1
"Colon cancer, splenic flexure",Hemicolectomy,Colorectal,Open,Lithotomy,1
"Aneurysm, abdominal aorta",Embolectomy,Vascular,Open,Supine,1
Empyema with bronchopleural fistula,Debridement of wound,Others,Open,Right lateral decubitus,1
Bacteremia,Revision of arteriovenous fistula,Vascular,Open,Supine,1
"Colon cancer, hepatic flexure",subtotal colectomy,Colorectal,Videoscopic,Lithotomy,1
Endocrine tumor,Liver segmentectomy,Hepatic,Open,Supine,1
"Intraductal papillary mucinous neoplasm of pancreas, borderline",Distal pancreatectomy,Biliary/Pancreas,Videoscopic,Supine,1
"Colon cancer, splenic flexure",Subtotal colectomy,Colorectal,Open,Lithotomy,1
"Ruptured aneurysm, thoracoabdominal aorta",Exploratory laparotomy,Others,Open,Supine,1
Ureter cancer unspecified side,Ileostomy,Colorectal,Open,Supine,1
Secondary pneumothorax,Lung wedge resection,Minor resection,Videoscopic,Right lateral decubitus,1
Pancreatic cyst ,Pylorus preserving pancreaticoduodenectomy,Biliary/Pancreas,Robotic,Supine,1
Alcoholic liver cirrhosis with ascites,Liver transplantation,Transplantation,Open,Lithotomy,1
Stomach cancer unspecified,Incisional hernia repair,Colorectal,Videoscopic,Supine,1
Abnormal finding on lung imaging ,Biopsy,Minor resection,Videoscopic,Left lateral decubitus,1
"Hyperhidrosis, palmar",Thoracic sympathectomy,Others,Videoscopic,Supine,1
Gallbladder stone with chronic cholecystitis without obstruction,Cholecystectomy,Biliary/Pancreas,Videoscopic,Supine,1
Abnormal electrocardiogram,Incisional hernia repair,Colorectal,Open,Supine,1
Colostomy status,Hartmann procedure,Colorectal,Open,Supine,1
"Septic arthritis, knee",Delorme's operation,Colorectal,Open,Prone,1
Small intestinal cancer,Exploratory laparotomy,Others,Open,Lithotomy,1
Primary hyperoxaluria,Exploratory laparotomy,Others,Open,Supine,1
Leiomyomatosis,Excision,Others,Videoscopic,Lithotomy,1
Lymphadenopathy,Axillary lymph node dissection,Breast,Open,Supine,1
Advanced gastric cancer ,Gastrojejunostomy,Stomach,Videoscopic,Supine,1
Colon cancer,Transverse colectomy,Colorectal,Open,Lithotomy,1
"Colon cancer, splenic flexure",Extended hemicolectomy,Colorectal,Videoscopic,Lithotomy,1
Metastatic cancer to the lung unspecified side,Metastasectomy,Minor resection,Open,Left lateral decubitus,1
"Tubular adenoma, duodenum",Excision,Stomach,Open,Supine,1
Myoma uteri,Hysterectomy,Major resection,Robotic,Lithotomy,1
"Colon cancer, descending",Anterior resection,Colorectal,Open,Supine,1
"Carcinoid tumor, unspecified site",Low anterior resection,Colorectal,Open,Lithotomy,1
Mucinous carcinoma of breast right,Simple mastectomy,Breast,Open,Supine,1
"Early gastric cancer, adenocarcinoma",Partial gastrectomy,Stomach,Open,Supine,1
Esophageal cancer,Exploration of wound,Others,Open,Right lateral decubitus,1
"Tubular adenoma, colon",Hemicolectomy,Colorectal,Open,Lithotomy,1
Metastatic cancer to the lung left,Lung sgmentectomy,Minor resection,Videoscopic,Right lateral decubitus,1
Lipoma,Excision,Others,Open,Prone,1
Ovarian cyst ,Salpingo-oophorectomy,Minor resection,Videoscopic,Supine,1
Abnormal electrocardiogram,Ligation and stripping,Vascular,Open,Prone,1
Gallbladder cancer ,Cholecystectomy,Biliary/Pancreas,Videoscopic,Supine,1
Cervical cancer unknown stage ,Exploratory laparotomy,Others,Open,Lithotomy,1
solitary pulmonary nodule ,Lung wedge resection,Minor resection,Videoscopic,Left lateral decubitus,1
Epithelial ovarian cancer unknown stage unspecified side,Ovarian cancer staging operation,Major resection,Open,Lithotomy,1
Adenocarcinoma of rectum,Abdominoperineal resection,Colorectal,Open,Lithotomy,1
Sclerosing cholangitis,Liver transplantation,Transplantation,Open,Supine,1
"Malignant thymoma, type B1",Metastasectomy,Minor resection,Videoscopic,Left lateral decubitus,1
Postoperative empyema ,Debridement of wound,Others,Videoscopic,Right lateral decubitus,1
Appendix disease ,Appendectomy,Colorectal,Open,Supine,1
Liposarcoma,Exploratory laparotomy,Others,Open,Supine,1
Lung cancer right,Bleeding control,Others,Videoscopic,Right lateral decubitus,1
Cervical cancer unknown stage,Radical hysterectomy,Major resection,Videoscopic,Trendelenburg,1
Epidermal cyst,Excision,Others,Open,Prone,1
Small cell lung cancer right,Lung lobectomy,Major resection,Open,Left lateral decubitus,1
Rectovaginal fistula,Excision,Colorectal,Open,Prone,1
Advanced gastric cancer,Closure of wound,Others,Open,Supine,1
Gallbladder cancer,Extended hemihepatectomy,Hepatic,Open,Supine,1
Malignant pericardial effusion ,Pericardial window operation,Others,Videoscopic,Supine,1
Intrahepatic duct stone without obstruction,Liver sectionectomy,Hepatic,Videoscopic,Reverse Trendelenburg,1
Malignant neoplasm of pancreas,Distal pancreatectomy,Biliary/Pancreas,Open,Supine,1
Dedifferentiated liposarcoma,Excision,Others,Open,Supine,1
Postoperative empyema ,Debridement of wound,Others,Videoscopic,Supine,1
"Neuroendocrine tumor of pancreas, G3",Distal pancreatectomy,Biliary/Pancreas,Open,Supine,1
Type 2 diabetes mellitus with diabetic foot ulcer and gangrene,Endarterectomy,Vascular,Open,Supine,1
Lymphadenopathy ,Biopsy,Others,Videoscopic,Left lateral decubitus,1
Empyema with bronchopleural fistula ,Decortication,Others,Open,Right lateral decubitus,1
Gastrointestinal stromal tumor of rectum,Transanal endoscopic microsurgery,Colorectal,Open,Prone,1
Langerhans cell histiocytosis,Excision,Others,Open,Right lateral decubitus,1
Adenocarcinoma of colon,Hemicolectomy,Colorectal,Videoscopic,Lithotomy,1
Kidney donor,Donor nephrectomy,Transplantation,Videoscopic,Left kidney,1
Umbilical hernia,Hernia repair,Colorectal,Open,Lithotomy,1
rectal cancer,Exploratory laparotomy,Others,Open,Lithotomy,1
Xanthogranulomatous cholecystitis,Cholecystectomy,Biliary/Pancreas,Videoscopic,Supine,1
Melanoma,Excision,Others,Open,Supine,1
End stage renal disease,Removal of permanent catheter,Vascular,Open,Supine,1
chronic renal failure ,Removal of continuous ambulatory peritoneal dialysis catheter,Vascular,Open,Supine,1
Colonic polyp ,Hemicolectomy,Colorectal,Videoscopic,Lithotomy,1
"Epithelial ovarian cancer, stage 3B unspecified side",Exploratory laparotomy,Others,Open,Supine,1
Malignant melanoma,Exploratory laparotomy,Others,Open,Supine,1
Benign neoplasm of retroperitoneum,Excision,Others,Open,Lithotomy,1
Stomach cancer unspecified,Subtotal gastrectomy,Stomach,Open,Supine,1
Drug-induced diabetes mellitus,Arteriovenous fistula,Vascular,Open,Supine,1
"Duodenal submucosal tumor, benign",Small bowel segmental resection,Stomach,Open,Supine,1
Diabetes mellitus,Distal gastrectomy,Stomach,Videoscopic,Supine,1
"Atypical lobular hyperplasia, breast",Wide excision,Others,Open,Supine,1
Colon perforation,Exploratory laparotomy,Others,Open,Supine,1
Hepatocellular carcinoma ,Liver tumorectomy,Hepatic,Open,Supine,1
infiltrating lobular carcinoma of breast,Mastectomy,Breast,Open,Supine,1
Squamous cell carcinoma of lung right,Lung lobectomy,Major resection,Videoscopic,Supine,1
Lung cancer left,Excision,Others,Videoscopic,Right lateral decubitus,1
"Gastric ulcer, chronic with perforation",Exploratory laparotomy,Others,Open,Supine,1
"Colon cancer, rectosigmoid",Hartmann procedure,Colorectal,Open,Lithotomy,1
hepatocellular carcinoma,Liver segmentectomy,Hepatic,Videoscopic,Supine,1
Acute appendicitis,Appendectomy,Colorectal,Videoscopic,Lithotomy,1
Lung cancer,Lung sgmentectomy,Minor resection,Videoscopic,Left lateral decubitus,1
Abnormal finding on lung imaging ,Sleeve lobectomy,Major resection,Open,Right lateral decubitus,1
"Neoplasm of retroperitoneum, uncertain behavior",Excision,Others,Open,Supine,1
Rectal cancer,Hernia repair,Colorectal,Open,Supine,1
Postoperative bleeding,Bleeding control,Others,Open,Supine,1
Cecal cancer,Ileocecectomy,Colorectal,Open,Supine,1
Liver transplantation ,Incisional hernia repair,Colorectal,Open,Supine,1
Epithelial ovarian cancer unknown stage,Salpingo-oophorectomy,Minor resection,Videoscopic,Lithotomy,1
Splenic disease ,Splenectomy,Biliary/Pancreas,Videoscopic,Right lateral decubitus,1
Multiple endocrine neoplasia type 1,Incisional hernia repair,Colorectal,Open,Supine,1
Krukenberg tumor unspecified side,Salpingo-oophorectomy,Colorectal,Open,Lithotomy,1
Breast cancer right,Wide excision,Others,Open,Supine,1
Pericardial effusion,Pericardial window operation,Others,Open,Left lateral decubitus,1
Common bile duct stone with obstruction,Choledochoscopic bile duct stone removal,Biliary/Pancreas,Videoscopic,Supine,1
Invasive breast cancer left,Breast-conserving surgery,Breast,Open,Supine,1
Leiomyosarcoma ,Bullectomy,Minor resection,Videoscopic,Left lateral decubitus,1
Colorectal cancer,Low anterior resection,Colorectal,Open,Supine,1
"Common bile duct cancer, middle",Pancreaticoduodenectomy,Biliary/Pancreas,Open,Supine,1
Myoma uteri ,Hysterectomy,Major resection,Videoscopic,Lithotomy,1
Rectal cancer ,Ileostomy,Colorectal,Open,Supine,1
Rectal prolapse,Rectal prolapse operation,Colorectal,Open,Prone,1
Metastatic cancer to the thyroid,Modified radical neck dissection,Others,Robotic,Supine,1
Pancreatic disease ,Exploratory laparotomy,Others,Open,Supine,1
Pyriform sinus cancer ,Metastasectomy,Minor resection,Videoscopic,Left lateral decubitus,1
Neuroendocrine carcinoma of pancreas ,Distal pancreatectomy,Biliary/Pancreas,Open,Reverse Trendelenburg,1
Foreign body in anus and rectum ,Removal of staples,Others,Open,Prone,1
"Ductal carcinoma in situ of breast, non-comedo type unspecified side",Breast-conserving surgery,Breast,Open,Supine,1
"Neoplasm of ovary, uncertain behavior right",Excision,Colorectal,Open,Lithotomy,1
lung cancer ,Lung sgmentectomy,Minor resection,Videoscopic,Right lateral decubitus,1
Primary aldosteronism,Adrenalectomy,Others,Videoscopic,Right lateral decubitus,1
Gallbladder cancer,Metastasectomy,Minor resection,Videoscopic,Right lateral decubitus,1
Appendix mucocele,Cecectomy,Colorectal,Videoscopic,Supine,1
Breast cancer left,Internal mammary lymph node dissection,Others,Videoscopic,Left lateral decubitus,1
Giant bullae of lung ,Bullectomy,Minor resection,Videoscopic,Right lateral decubitus,1
Unspecified gastric cancer,Diagnostic laparoscopy,Others,Videoscopic,Supine,1
Lymph node metastasis ,Radical excision of iliac lymph nodes,Colorectal,Open,Supine,1
Anastomosis site stricture,Hartmann procedure,Colorectal,Open,Lithotomy,1
"Graft versus host disease, chronic",Lung transplantation,Transplantation,Open,Supine,1
Metastatic cancer to the abdomen,Excision,Others,Open,Supine,1
Myoma uteri,Total hysterectomy ,Major resection,Open,Supine,1
"Neuroendocrine tumor of pancreas, G2",Gastrojejunostomy,Stomach,Open,Supine,1
Gallbladder polyp,Cholecystectomy,Biliary/Pancreas,Robotic,Reverse Trendelenburg,1
Spinal cord injury,Colostomy,Colorectal,Open,Supine,1
Chronic hepatitis B,Liver segmentectomy,Hepatic,Videoscopic,Lithotomy,1
Anal disease,Excision,Colorectal,Open,Prone,1
thymoma ,Pleurectomy,Others,Videoscopic,Right lateral decubitus,1
rectal cancer ,Transverse loop colostomy,Colorectal,Open,Supine,1
Graves' disease without thyrotoxic crisis,Total thyroidectomy,Thyroid,Open,Supine,1
Intraductal carcinoma in situ of breast right,Breast-conserving surgery,Breast,Open,Supine,1
Perineal laceration,Sphincteroplasty,Colorectal,Open,Prone,1
Postnasal drip syndrome,Adrenalectomy,Others,Videoscopic,Right lateral decubitus,1
Esophageal cancer,Adhesiolysis,Others,Videoscopic,Supine,1
Deformity of breast,Resection of chest wall with reconstruction,Others,Open,Supine,1
Lymph node metastasis,Regional lymph node dissection,Others,Open,Lithotomy,1
Intestinal obstruction,Ileostomy,Colorectal,Open,Supine,1
Common bile duct cancer,Segmental resection of bile duct,Biliary/Pancreas,Open,Supine,1
Interstitial lung disease,Biopsy,Others,Videoscopic,Left lateral decubitus,1
Early gastric cancer,Extended total gastrectomy,Stomach,Videoscopic,Supine,1
"Abnormal chest CT, lung",Lung sgmentectomy,Minor resection,Videoscopic,Left lateral decubitus,1
Breast cancer left,Biopsy,Minor resection,Videoscopic,Right lateral decubitus,1
Metastatic cancer to the abdominal cavity,Excision,Others,Open,Supine,1
Rectal cancer ,Hartmann procedure,Colorectal,Open,Supine,1
"Abnormal chest CT, lung",Excision,Others,Videoscopic,Right lateral decubitus,1
Lymph node enlargement,Biopsy,Others,Open,Supine,1
Lymph node metastasis ,Mediastinal lymph node dissection,Others,Open,Left lateral decubitus,1
Gallbladder cancer,Exploratory laparotomy,Others,Open,Supine,1
Hirschsprung's disease ,Transanal excision,Colorectal,Open,Supine,1
Bladder cancer ,Radical cystectomy,Major resection,Open,Supine,1
Lung cancer right,Exploration,Others,Videoscopic,Supine,1
Common bile duct cancer ,Pylorus preserving pancreaticoduodenectomy,Biliary/Pancreas,Robotic,Prone,1
Anal cancer,Inguinal lymph node dissection,Colorectal,Open,Supine,1
Endometrial cancer unknown stage,Radical hysterectomy,Major resection,Videoscopic,Supine,1
Benign neoplasm of retroperitoneum,Excision,Colorectal,Open,Supine,1
Metastatic cancer to the abdominal cavity ,Exploratory laparotomy,Others,Open,Supine,1
Abdominopelvic abscess,Exploratory laparotomy,Others,Open,Supine,1
"Abnormal chest CT, lung",Biopsy,Minor resection,Videoscopic,Left lateral decubitus,1
Esophageal cancer,Debridement of wound,Others,Open,Supine,1
Hepatocellular carcinoma,Wound revision,Others,Open,Supine,1
Gallbladder disease,Cholecystectomy,Biliary/Pancreas,Videoscopic,Reverse Trendelenburg,1
Gastrointestinal stromal tumor of small intestine,Small bowel segmental resection,Stomach,Videoscopic,Lithotomy,1
Pancreatic ductal carcinoma,Pylorus preserving pancreaticoduodenectomy,Biliary/Pancreas,Open,Supine,1
renal cell carcinoma ,Metastasectomy,Minor resection,Videoscopic,Left lateral decubitus,1
Abnormal finding on lung imaging,Lung sgmentectomy,Minor resection,Videoscopic,Right lateral decubitus,1
Endometrial cancer unknown stage,Lung lobectomy,Major resection,Videoscopic,Left lateral decubitus,1
Lobular carcinoma in situ of breast unspecified side,Excision,Others,Open,Supine,1
Krukenberg tumorunspecified side,Exploratory laparotomy,Others,Open,Lithotomy,1
Early gastric cancer (C1690),Distal gastrectomy,Stomach,Robotic,Supine,1
Rectovaginal fistula,Fistulectomy,Colorectal,Open,Prone,1
Biliary stricture,Exploratory laparotomy,Others,Open,Supine,1
Liposarcoma,Debulking surgery,Others,Open,Lithotomy,1
"Early gastric cancer, adenocarcinoma",Proximal gastrectomy,Stomach,Videoscopic,Lithotomy,1
biliary cystadenocarcinoma,Liver segmentectomy,Hepatic,Open,Supine,1
Chronic kidney disease ,Removal of continuous ambulatory peritoneal dialysis catheter,Vascular,Open,Supine,1
Carotid artery stenosis,Ligation and stripping,Vascular,Open,Supine,1
Leiomyosarcoma,Metastasectomy,Minor resection,Videoscopic,Right lateral decubitus,1
Morbid obesity,Partial gastrectomy,Stomach,Open,Supine,1
myxoid liposarcoma,Exploratory laparotomy,Others,Open,Supine,1
Cecal cancer,Incisional hernia repair,Colorectal,Open,Supine,1
Hepatocellular carcinoma,Endarterectomy,Vascular,Open,Supine,1
Myoma uteri ,Hysterectomy,Major resection,Videoscopic,Supine,1
Pancreatic disease,Partial pancreatectomy,Biliary/Pancreas,Robotic,Supine,1
Colon cancer,Extended hemicolectomy,Colorectal,Videoscopic,Lithotomy,1
Cecal cancer ,Anterior resection,Colorectal,Videoscopic,Lithotomy,1
Esophageal cancer,Mediastinal lymph node dissection,Others,Videoscopic,Supine,1
Colon cancer,Colostomy repair,Colorectal,Open,Lithotomy,1
Gastrointestinal stromal tumor of small intestine,Excision,Others,Open,Supine,1
Common bile duct stone without obstruction,Extended hemihepatectomy,Hepatic,Open,Supine,1
Pelvic mass ,Ovarian cystectomy,Major resection,Videoscopic,Lithotomy,1
Chronic pancreatitis,Pylorus preserving pancreaticoduodenectomy,Biliary/Pancreas,Open,Supine,1
Allergic contact dermatitis,Distal gastrectomy,Stomach,Videoscopic,Supine,1
"Atypical lobular hyperplasia, breast",Excision,Others,Open,Supine,1
Early gastric cancer,Total gastrectomy,Stomach,Open,Supine,1
Peritonitis ,Ileostomy,Others,Open,Supine,1
Early gastric cancer,Diagnostic laparoscopy,Others,Videoscopic,Supine,1
Pancreatic disease ,Pylorus preserving pancreaticoduodenectomy,Biliary/Pancreas,Open,Supine,1
Diverticulitis of intestine without bleeding,Hemicolectomy,Colorectal,Videoscopic,Supine,1
Autosomal recessive polycystic kidney disease,Removal of continuous ambulatory peritoneal dialysis catheter,Vascular,Open,Supine,1
Ileus,Total colectomy,Colorectal,Open,Lithotomy,1
"Neuroendocrine tumor of pancreas, G1",Spleen preserving distal pancreatectomy,Biliary/Pancreas,Videoscopic,Supine,1
Peripheral artery occlusive disease involving arteries below knee,Vascular bypass,Vascular,Open,Supine,1
Disorder of kidney and ureter,Nephrectomy,Major resection,Robotic,Right kidney,1
Open wound of chest wall,Cleaning of wound,Others,Open,Supine,1
"Gastrointestinal stromal tumor, malignant",Excision,Stomach,Open,Supine,1
Common bile duct cancer,Gastrojejunostomy,Stomach,Open,Supine,1
Hepatocellular carcinoma,Extended hemihepatectomy,Hepatic,Videoscopic,Supine,1
Metastatic cancer to the lung left,Metastasectomy,Minor resection,Videoscopic,Left lateral decubitus,1
Gastrointestinal hemorrhage,Small bowel segmental resection,Stomach,Videoscopic,Supine,1
Hepatic failure with coma,Liver transplantation,Transplantation,Open,Supine,1
"Gastric submucosal tumor, benign",Small bowel segmental resection,Stomach,Videoscopic,Supine,1
Metastatic cancer to the abdominal cavity,Excision,Others,Open,Lithotomy,1
"Cervical cancer, stage 2B",Metastasectomy,Minor resection,Videoscopic,Left lateral decubitus,1
Early gastric cancer,Pylorus preserving gastrectomy,Stomach,Videoscopic,Prone,1
"Embolism and thrombosis, vena cava",Resection of inferior vena cava,Vascular,Open,Supine,1
Bladder disease,Diagnostic laparoscopy,Others,Videoscopic,Supine,1
Bladder cancer,Transurethral resection of bladder tumor,Others,Videoscopic,Lithotomy,1
Interstitial lung disease,Biopsy,Minor resection,Videoscopic,Left lateral decubitus,1
Bony mass,Excision,Colorectal,Open,Prone,1
Atherosclerosis of lower limb with rest pain,Aortoiliac bypass,Vascular,Open,Supine,1
Borderline ovarian tumor unknown stage unspecified side,Exploratory laparotomy,Major resection,Open,Lithotomy,1
Liposarcoma,Peritoneal mass excision,Others,Videoscopic,Left lateral decubitus,1
Renal cell carcinoma,Excision,Others,Open,Lithotomy,1
Inguinal hernianot specified as recurrent,Hernia repair,Colorectal,Open,Supine,1
"Cervical cancer, stage 2B",Ileostomy repair,Colorectal,Open,Supine,1
"Ovarian cyst, right",Salpingo-oophorectomy,Minor resection,Videoscopic,Supine,1
Thymolipoma ,Thymectomy,Others,Videoscopic,Supine,1
Thyroid disease,Thyroid lobectomy,Thyroid,Open,Supine,1
Anal stricture ,Incision of rectal stricture,Colorectal,Open,Prone,1
Pelvic abscess ,Debridement of wound,Others,Open,Prone,1
Appendix mucocele ,Ileocecectomy,Colorectal,Open,Supine,1
Early gastric cancer,Exploratory laparotomy,Others,Open,Supine,1
Rectal disease,Excision,Others,Open,Prone,1
Anal cancer ,Liver segmentectomy,Hepatic,Open,Supine,1
Esophageal cancer,Ivor Lewis operation,Others,Robotic,Supine,1
empyema ,Empyemectomy,Minor resection,Open,Left lateral decubitus,1
Placenta previa totalis without hemorrhage ,Cesarean section,Others,Open,Supine,1
"Cholangiocarcinoma, extrahepatic",Hepatic hilar resection,Biliary/Pancreas,Open,Supine,1
Epithelial ovarian cancer unknown stage unspecified side,Exploratory laparotomy,Major resection,Open,Left lateral decubitus,1
Hepatocellular carcinoma,Metastasectomy,Minor resection,Videoscopic,Left lateral decubitus,1
Atherosclerosis obliterans,Femoro-popliteal bypass,Vascular,Open,Supine,1
"Abnormal chest X-ray, lung",Excision,Others,Videoscopic,Right lateral decubitus,1
Squamous cell carcinoma of small intestine,Small bowel segmental resection,Stomach,Videoscopic,Supine,1
Krukenberg tumor right,Oophorectomy,Colorectal,Open,Supine,1
"Gastrointestinal stromal tumor of jejunum, benign",Small bowel segmental resection,Stomach,Videoscopic,Supine,1
Lymph node metastasis,Regional lymph node dissection,Others,Open,Trendelenburg,1
Idiopathic thrombocytopenic purpura ,Splenectomy,Biliary/Pancreas,Videoscopic,Supine,1
Non-small cell lung cancer unspecified side,Lung lobectomy,Major resection,Videoscopic,Left lateral decubitus,1
Pyoderma gangrenosum,Splenectomy,Biliary/Pancreas,Videoscopic,Supine,1
Vesicoureteral reflux ,Macroplastique injection,Minor resection,Videoscopic,Lithotomy,1
"Neuroendocrine tumor of pancreas, G1",Distal pancreatectomy,Biliary/Pancreas,Videoscopic,Supine,1
Lung cancer left,Lung lobectomy,Major resection,Videoscopic,Supine,1
Metastatic cancer to the liver ,Liver segmentectomy,Hepatic,Videoscopic,Supine,1
Hereditary spherocytosis,Splenectomy,Biliary/Pancreas,Videoscopic,Right lateral decubitus,1
Biliary stricture,Hemihepatectomy,Hepatic,Videoscopic,Supine,1
"Atypical endometrial hyperplasia, complex",Hysterectomy,Major resection,Videoscopic,Supine,1
Appendix mucocele,Ileocecectomy,Colorectal,Open,Supine,1
Acute appendicitis with peritoneal abscess,Appendectomy,Colorectal,Videoscopic,Supine,1
Rectovaginal fistula ,Transplantation of gracilis muscle,Colorectal,Open,Prone,1
Ampulla of vater adenoma ,Transduodenal ampullectomy,Biliary/Pancreas,Videoscopic,Supine,1
Cervical cancer unknown stage,Sentinel lymph node mapping,Others,Robotic,Lithotomy,1
"Pulmonary tuberculosis, confirmed by unspecified means with cavitation",Lung lobectomy,Major resection,Videoscopic,Left lateral decubitus,1
Squamous cell carcinoma of lung right,Lung bilobectomy,Major resection,Videoscopic,Left lateral decubitus,1
Sarcoma,Intra-abdominal arterial bypass graft,Vascular,Open,Supine,1
"Colon cancer, hepatic flexure",Anterior resection,Colorectal,Videoscopic,Lithotomy,1
Esophageal cancer,Feeding jejunostomy,Others,Open,Supine,1
Neurogenic tumor,Excision,Others,Videoscopic,Right lateral decubitus,1
Colorectal polyp,Hemicolectomy,Colorectal,Open,Supine,1
"Lymph node metastasis, pelvic",Excision,Others,Open,Lithotomy,1
Ductal carcinoma in situ of breast,Breast-conserving surgery,Breast,Open,Supine,1
"Lymph node metastasis, inguinal",Debulking surgery,Others,Open,Lithotomy,1
Atherosclerosis obliterans,Embolectomy,Vascular,Open,Supine,1
Gallbladder stonewithout obstruction,Cholecystectomy,Biliary/Pancreas,Videoscopic,Reverse Trendelenburg,1
Colorectal cancer,Extended hemicolectomy,Colorectal,Videoscopic,Supine,1
Solitary pulmonary nodule ,Lung sgmentectomy,Minor resection,Videoscopic,Right lateral decubitus,1
Ileus,Exploratory laparotomy,Others,Open,Lithotomy,1
End stage renal disease,Endovascular aneurysmal repair,Vascular,Open,Supine,1
Unclassified epithelial ovarian cancer unspecified side,Ileostomy,Colorectal,Open,Lithotomy,1
Hepatocellular carcinoma,Gastrostomy,Stomach,Open,Supine,1
Acute myeloid leukemia,Incision and drainage,Colorectal,Open,Prone,1
Lipoma ,Excision,Others,Open,Supine,1
Crohn's disease unspecified,Small bowel segmental resection,Stomach,Videoscopic,Lithotomy,1
Osteosarcoma of bone of limb,Closure of wound,Others,Open,Right lateral decubitus,1
Gastrointestinal stromal tumor ,Gastric wedge resection,Stomach,Videoscopic,Supine,1
Malignant peripheral nerve sheath tumor,Excision,Others,Videoscopic,Right lateral decubitus,1
"Colon cancer, sigmoid",Adhesiolysis,Others,Open,Supine,1
Benign neoplasm of carotid body,Endarterectomy,Vascular,Open,Supine,1
Lung cancer right,Metastasectomy,Minor resection,Videoscopic,Left lateral decubitus,1
"Colon cancer, rectosigmoid",Low anterior resection,Colorectal,Open,Sitting,1
Kidney transplant status ,Closure of wound,Others,Open,Supine,1
Xanthogranulomatous cholecystitis ,Cholecystectomy,Biliary/Pancreas,Videoscopic,Supine,1
"Intraductal papillary mucinous neoplasm of pancreas, high grade dysplasia",Distal pancreatectomy,Biliary/Pancreas,Open,Supine,1
"Neoplasm of appendix, uncertain behavior",Ileocecectomy,Colorectal,Videoscopic,Lithotomy,1
Adenocarcinoma of lung,Lung lobectomy,Major resection,Videoscopic,Right lateral decubitus,1
Intraductal papilloma of breast unspecified side,Wide excision,Others,Open,Supine,1
"Colon cancer, descending",subtotal colectomy,Colorectal,Open,Supine,1
Neurofibroma,Excision,Others,Videoscopic,Left lateral decubitus,1
Pancreatic disease,Central pancreatectomy,Biliary/Pancreas,Open,Supine,1
Squamous cell carcinoma of lung right,Lung bilobectomy,Major resection,Open,Left lateral decubitus,1
Hydronephrosis with ureteropelvic junction obstruction,Pyeloplasty,Minor resection,Robotic,Left lateral decubitus,1
"Intraductal papillary mucinous neoplasm of pancreas, benign",Pylorus preserving pancreaticoduodenectomy,Biliary/Pancreas,Robotic,Supine,1
Constrictive pericarditis,Pericardial window operation,Others,Open,Supine,1
Rectal cancer,Lung wedge resection,Minor resection,Videoscopic,Left lateral decubitus,1
"Aneurysm, abdominal aorta",Hernia repair,Colorectal,Open,Supine,1
Gallbladder cancer ,Exploratory laparotomy,Others,Open,Supine,1
Advanced gastric cancer ,Remnant total gastrectomy,Stomach,Open,Supine,1
Ductal carcinoma in situ of breast unspecified side,Wide excision,Others,Open,Supine,1
Diverticulosis of large intestine with perforation and abscess without bleeding,Hartmann procedure,Colorectal,Open,Lithotomy,1
Adenocarcinoma of bladder,Partial cystectomy,Major resection,Robotic,Lithotomy,1
Ground-glass opacity,Lung wedge resection,Minor resection,Videoscopic,Supine,1
Ground glass opacity ,Lung wedge resection,Minor resection,Videoscopic,Supine,1
Stomach cancer unspecified,Total gastrectomy,Stomach,Videoscopic,Supine,1
"Arteriovenous fistula, traumatic",Arteriovenous graft,Vascular,Open,Supine,1
"Colon cancer, ascending",Hemicolectomy,Colorectal,Open,Trendelenburg,1
Intussusception,Ileocecectomy,Colorectal,Videoscopic,Supine,1
Rectal cancer,Transanal endoscopic microsurgery,Colorectal,Open,Left lateral decubitus,1
sigmoid colon cancer,Lung lobectomy,Major resection,Videoscopic,Right lateral decubitus,1
"Colon cancer, sigmoid",Hemicolectomy,Colorectal,Open,Lithotomy,1
chronic renal failure,Kidney transplantation,Transplantation,Open,Supine,1
Carcinoid tumor of bronchus unspecified side,Rigid bronchoscopic excision,Others,Videoscopic,Supine,1
Symptomatic gallbladder stone without obstruction,Cholecystectomy,Biliary/Pancreas,Videoscopic,Lithotomy,1
Twin pregnancy,McDonald operation,Others,Open,Lithotomy,1
Hepatocellular adenoma ,Liver sectionectomy,Hepatic,Videoscopic,Supine,1
"Gastrointestinal stromal tumor of rectum, malignant",Transanal endoscopic microsurgery,Colorectal,Open,Prone,1
Epithelial ovarian cancer unknown stage unspecified side,Debulking surgery,Major resection,Open,Supine,1
Ventral hernia,Hernia repair,Colorectal,Open,Supine,1
Autosomal dominant polycystic kidney disease,Liver transplantation,Transplantation,Open,Supine,1
Crohn's disease moderate,Fistulectomy,Colorectal,Open,Prone,1
"Colon cancer, descending",Hemicolectomy,Colorectal,Videoscopic,Supine,1
Cecal cancer ,Debulking surgery,Others,Open,Supine,1
Anal fistula ,Fistulectomy,Colorectal,Open,Lithotomy,1
Colon cancer,Hemicolectomy,Colorectal,Open,Reverse Trendelenburg,1
Atherosclerosis obliterans without gangrene,Embolectomy,Vascular,Open,Supine,1
Esophageal cancer,Radical excision of cervical lymph nodes,Others,Open,Supine,1
thyroid nodule ,Excision,Others,Open,Supine,1
Inguinal hernia not specified as recurrent,Hernia repair,Colorectal,Open,Trendelenburg,1
Hemoperitoneum ,Exploratory laparotomy,Others,Open,Supine,1
Malignant neoplasm of ileocecal valve,Hemicolectomy,Colorectal,Open,Supine,1
Ovarian cancer ,Ileostomy repair,Colorectal,Open,Supine,1
fulminant hepatitis,Liver transplantation,Transplantation,Open,Supine,1
Peritonei carcinomatosis ,Biopsy,Others,Open,Supine,1
"Gastric submucosal tumor, unknown behavior",Lung wedge resection,Stomach,Open,Supine,1
Pancreatic disease ,Pancreaticoduodenectomy,Biliary/Pancreas,Open,Supine,1
Colorectal polyp,Hemicolectomy,Colorectal,Open,Lithotomy,1
Intestinal perforation,Anterior resection,Colorectal,Open,Lithotomy,1
Cervical cancer unknown stage,Colostomy,Colorectal,Open,Supine,1
"Colon cancer, sigmoid",Anterior resection,Colorectal,Videoscopic,Left lateral decubitus,1
Malignant thymoma ,Thymectomy,Others,Open,Supine,1
Lung cancer right,Lung sgmentectomy,Minor resection,Videoscopic,Right lateral decubitus,1
Colon cancer,Hartmann procedure,Colorectal,Open,Supine,1
Breast cancer left,Breast-conserving surgery,Breast,Open,Right lateral decubitus,1
Obesity in diabetes,Subtotal gastrectomy,Stomach,Open,Supine,1
Perianal abscess ,Incision and drainage,Colorectal,Open,Lithotomy,1
"Endometrial cancer, stage 1A",Pelvic tumorectomy,Major resection,Robotic,Lithotomy,1
Lymphoproliferative disorder ,Axillary lymph node dissection,Breast,Open,Supine,1
Lung cancer unspecified side,Lung wedge resection,Minor resection,Videoscopic,Left lateral decubitus,1
Colon cancer,Exploratory laparotomy,Others,Open,Lithotomy,1
Choledochal cyst,Liver transplantation,Transplantation,Open,Supine,1
Intestinal fistula,Exploratory laparotomy,Others,Open,Supine,1
End stage renal disease,Bleeding control,Vascular,Open,Supine,1
Pancreatic ductal carcinoma,Distal pancreatectomy,Biliary/Pancreas,Open,Supine,1
Rectal cancer ,Hartmann procedure,Colorectal,Open,Lithotomy,1
Pelvic mass,Excision,Minor resection,Videoscopic,Lithotomy,1
Metastatic cancer to the lung right,Lung lobectomy,Major resection,Videoscopic,Left lateral decubitus,1
Osteoarthritis multiple site,Ileostomy repair,Colorectal,Open,Supine,1
"Neuroendocrine tumor of rectum, G1",Exploratory laparotomy,Others,Open,Lithotomy,1
Common bile duct stonewithout obstruction,Choledochoscopic bile duct stone removal,Biliary/Pancreas,Videoscopic,Supine,1
Giant bullae of lung,Lung wedge resection,Minor resection,Videoscopic,Left lateral decubitus,1
Gallbladder stonewithout obstruction,Choledochoscopic bile duct stone removal,Biliary/Pancreas,Videoscopic,Supine,1
"Colon cancer, rectosigmoid",Hartmann procedure,Colorectal,Open,Supine,1
"Colon cancer, sigmoid",subtotal colectomy,Colorectal,Open,Supine,1
Rectovaginal fistula,Ileostomy,Colorectal,Open,Supine,1
Abdominal compartment syndrome,Exploratory laparotomy,Others,Open,Supine,1
Malignant neoplasm of unknown primary site,Excision,Others,Videoscopic,Left lateral decubitus,1
Thyroid nodule ,Modified radical neck dissection,Others,Open,Supine,1
Colorectal cancer ,Metastasectomy,Minor resection,Videoscopic,Left lateral decubitus,1
Abscess of other site ,Incision and drainage,Others,Open,Supine,1
Hepatocellular carcinoma ,Hernia repair,Colorectal,Open,Supine,1
Solitary pulmonary nodule,Biopsy,Minor resection,Videoscopic,Right lateral decubitus,1
Constipation,Anterior resection,Colorectal,Videoscopic,Lithotomy,1
Acute appendicitis ,Appendectomy,Colorectal,Videoscopic,Trendelenburg,1
Coronary atherosclerosis,Excision,Others,Open,Supine,1
Injury of bile duct without open wound into peritoneal cavity,Bile duct anastomosis,Biliary/Pancreas,Open,Supine,1
Stomach cancer early,Incisional hernia repair,Colorectal,Videoscopic,Supine,1
Infiltrating ductal carcinoma of breast right,Metastasectomy,Minor resection,Videoscopic,Left lateral decubitus,1
Gallbladder cancer ,Radical cholecystectomy,Biliary/Pancreas,Open,Supine,1
Lymphoma ,Exploration of wound,Others,Open,Supine,1
"Embolism and thrombosis, femoral artery",Arteriovenous fistula thrombectomy,Vascular,Open,Supine,1
Pneumothorax ,Bullectomy,Minor resection,Videoscopic,Right lateral decubitus,1
Early gastric cancer,Proximal gastrectomy,Stomach,Videoscopic,Reverse Trendelenburg,1
Early gastric cancer,Removal of foreign body,Others,Videoscopic,Supine,1
Cutaneous abscess of inguinal,Removal of foreign body,Others,Open,Supine,1
"Neuroendocrine tumor of rectum, G1",Transanal excision,Colorectal,Open,Lithotomy,1
Hirschsprung's disease,Ileostomy repair,Colorectal,Open,Supine,1
"Malignant neoplasm of colon, descending",Hemicolectomy,Colorectal,Open,Lithotomy,1
"Colon cancer, sigmoid",Excision,Others,Open,Lithotomy,1
Myoma uteri,Myomectomy,Minor resection,Open,Supine,1
Infiltrating ductal carcinoma of breast left,Lung wedge resection,Minor resection,Videoscopic,Left lateral decubitus,1
Metastatic sarcoma to the lung unspecified side,Metastasectomy,Minor resection,Videoscopic,Left lateral decubitus,1
"Gastrointestinal stromal tumor of stomach, malignant unspecified",Lung wedge resection,Stomach,Open,Supine,1
"Atypical lobular hyperplasia, breast",Excision,Breast,Open,Supine,1
Atherosclerosis obliterans without gangrene,Femoro-femoral bypass,Vascular,Open,Supine,1
"Abnormal chest CT, lung",Metastasectomy,Minor resection,Open,Right lateral decubitus,1
"Cervical intraepithelial neoplasia, grade",Total hysterectomy,Major resection,Robotic,Lithotomy,1
Infected aneurysm,Vessel graft,Vascular,Open,Supine,1
Intraductal carcinoma in situ of breast right,Simple mastectomy,Breast,Open,Supine,1
Rectal cancer,Hernia repair,Colorectal,Open,Lithotomy,1
Superior mesenteric artery syndrome ,Exploratory laparotomy,Others,Open,Supine,1
Bladder disease,Transurethral resection of bladder tumor,Others,Videoscopic,Lithotomy,1
abdominal aortic aneurysm without mention of rupture ,Incisional hernia repair,Colorectal,Open,Supine,1
Duodenal polyp ,Excision,Stomach,Open,Supine,1
Angina pectoris,Lung wedge resection,Minor resection,Videoscopic,Right lateral decubitus,1
Cervical cancer unknown stage ,Radical trachelectomy,Major resection,Open,Supine,1
End stage renal disease,Insertion of permanent catheter,Vascular,Open,Supine,1
thyroid nodule ,Total thyroidectomy,Thyroid,Robotic,Supine,1
Colonic polyp ,Extended hemicolectomy,Colorectal,Open,Supine,1
hepatocellular carcinoma,Metastasectomy,Minor resection,Open,Left lateral decubitus,1
"Colon submucosal tumor, benign",Ileocecectomy,Colorectal,Videoscopic,Lithotomy,1
Atherosclerosis obliterans without gangrene,Closure of wound,Others,Open,Supine,1
Biliary atresia ,Exploratory laparotomy,Others,Open,Supine,1
Destroyed lung by tuberculosis ,Pneumonectomy,Major resection,Open,Right lateral decubitus,1
"Colon cancer, sigmoid",Extended hemicolectomy,Colorectal,Open,Supine,1
End stage renal disease,Arteriovenous graft,Vascular,Open,Supine,1
renal cell carcinoma Left,Distal pancreatectomy,Biliary/Pancreas,Open,Right lateral decubitus,1
Malignant neoplasm of oral cavity,Lung sgmentectomy,Minor resection,Videoscopic,Right lateral decubitus,1
"Esophageal submucosal tumor, benign",Enucleation of esophageal tumor,Others,Robotic,Left lateral decubitus,1
Umbilical hernia ,Incisional hernia repair,Colorectal,Open,Supine,1
Bilateral inguinal hernianot specified as recurrent,Hernia repair,Colorectal,Videoscopic,Supine,1
sigmoid colon cancer ,Exploratory laparotomy,Others,Open,Supine,1
Breast cancer left,Mastectomy,Breast,Open,Supine,1
Lung cancer left,Lung lobectomy,Major resection,Open,Supine,1
"Colon cancer, rectosigmoid",Metastasectomy,Minor resection,Videoscopic,Left lateral decubitus,1
Bladder cancer ,Exploratory laparotomy,Others,Open,Lithotomy,1
Esophageal cancer,Cervical esophagostomy,Others,Open,Supine,1
Bladder cancer,Incisional hernia repair,Colorectal,Open,Supine,1
Thyroglossal duct cyst,Thyroglossal duct cyst excision,Others,Robotic,Supine,1
Testicular disease ,Orchiectomy,Minor resection,Open,Supine,1
hepatitis b related liver cirrhosis ,Liver segmentectomy,Hepatic,Open,Lithotomy,1
Fungus ball,Lung lobectomy,Major resection,Videoscopic,Left lateral decubitus,1
Empyema with bronchopleural fistula ,Closure of bronchopleural fistula,Others,Open,Supine,1
"Serous cystic tumor of pancreas, malignant",Exploratory laparotomy,Others,Open,Supine,1
Endometrial cancer unknown stage,Salpingo-oophorectomy,Minor resection,Videoscopic,Lithotomy,1
Lung cancer right,Lung bilobectomy,Major resection,Open,Left lateral decubitus,1
rectal cancer,Colostomy,Colorectal,Open,Supine,1
"Aneurysm, iliac artery",Aortoiliac bypass,Vascular,Open,Supine,1
"Atrial septal defect, secundum",Debridement of wound,Others,Open,Supine,1
Gastric perforation,Exploratory laparotomy,Others,Open,Supine,1
papillary thyroid carcinoma,Completion thyroidectomy,Thyroid,Open,Supine,1
Adenocarcinoma of lung unspecified side,Lung lobectomy,Major resection,Videoscopic,Left lateral decubitus,1
Stomach cancer unspecified,Pylorus preserving gastrectomy,Stomach,Videoscopic,Supine,1
Umbilical hernia,Fundoplication,Stomach,Videoscopic,Supine,1
Ascites,Excision,Others,Open,Supine,1
"Colon cancer, ascending",Hemicolectomy,Colorectal,Open,Lithotomy,1
Adrenal Cushing syndrome ,Adrenalectomy,Others,Videoscopic,Right lateral decubitus,1
Abnormal electrocardiogram,Excision,Others,Open,Supine,1
Renal cell carcinoma left,Nephrectomy,Major resection,Robotic,Right lateral decubitus,1
"Aneurysm, iliac artery",Endovascular aneurysmal repair,Vascular,Open,Supine,1
Pancreatic disease ,Pancreas transplantation,Transplantation,Open,Supine,1
Abscess of lung with pneumonia ,Debridement of wound,Others,Open,Supine,1
Unclassified uterine cancer,Total hysterectomy,Major resection,Robotic,Lithotomy,1
hepatocellular carcinoma ,Exploratory laparotomy,Others,Open,Supine,1
Cholangitis,Exploratory laparotomy,Others,Open,Supine,1
Common bile duct cancer,Hepatopancreaticoduodenectomy,Biliary/Pancreas,Open,Supine,1
Rectal cancer,Distal gastrectomy,Stomach,Videoscopic,Supine,1
Atrial fibrillation,Ligation and stripping,Vascular,Open,Supine,1
Complete blood count abnormality,Lung lobectomy,Major resection,Open,Supine,1
Liver transplant status ,Hernia repair,Colorectal,Open,Supine,1
Cecal cancer,Hemicolectomy,Colorectal,Open,Supine,1
Gastric adenomatous polyp,Distal gastrectomy,Stomach,Videoscopic,Reverse Trendelenburg,1
Neurogenic tumor,Paraaortic lymph node dissection,Others,Open,Supine,1
Colon cancer,Colostomy,Colorectal,Open,Supine,1
Hepatocellular carcinoma,Liver segmentectomy,Hepatic,Open,Reverse Trendelenburg,1
Kidney transplant status,Partial pancreatectomy,Biliary/Pancreas,Open,Supine,1
Overactive bladder,Hernia repair,Colorectal,Open,Supine,1
Abnormal finding on lung imaging ,Lung sgmentectomy,Minor resection,Videoscopic,Left lateral decubitus,1
Mediastinal germ cell tumor ,Thymectomy,Others,Open,Supine,1
Solitary pulmonary nodule,Lung lobectomy,Major resection,Videoscopic,Supine,1
rectal cancer ,Lung lobectomy,Major resection,Videoscopic,Right lateral decubitus,1
"Cervical cancer, stage 2B",Hartmann procedure,Colorectal,Open,Supine,1
"Cervical cancer, stage 1A1",Extended hysterectomy,Major resection,Videoscopic,Lithotomy,1
IgA nephropathy,Kidney transplantation,Transplantation,Open,Supine,1
"Paraganglioma, malignant",Excision,Colorectal,Videoscopic,Supine,1
Lymph node enlargement,Mediastinal lymph node dissection,Others,Open,Supine,1
Early gastric cancer,Proximal gastrectomy,Stomach,Videoscopic,Supine,1
"Embolism and thrombosis, lower limb artery",Bleeding control,Others,Open,Supine,1
"Abnormal chest CT, lung nodule",Lung wedge resection,Minor resection,Videoscopic,Supine,1
Gallbladder cancer,Pylorus preserving pancreaticoduodenectomy,Biliary/Pancreas,Open,Supine,1
Acute cholecystitis,Cholecystectomy,Biliary/Pancreas,Videoscopic,Left lateral decubitus,1
Breast cancer,Biopsy,Minor resection,Videoscopic,Right lateral decubitus,1
Common bile duct cancer,Hepatic hilar resection,Hepatic,Open,Supine,1
Fibrothorax,Decortication,Others,Videoscopic,Left lateral decubitus,1
kidney disease,Regional lymph node dissection,Others,Open,Supine,1
Pancreatic pseudocyst,Pancreatic cystojejunostomy,Biliary/Pancreas,Open,Supine,1
Lung cancer left,Metastasectomy,Minor resection,Videoscopic,Left lateral decubitus,1
Myoma uteri ,Total hysterectomy ,Major resection,Open,Supine,1
Benign neoplasm of retroperitoneum,Excision,Others,Open,Supine,1
Ectopic pregnancy,Salpingectomy,Minor resection,Videoscopic,Lithotomy,1
"Colon cancer, descending",Hemicolectomy,Colorectal,Videoscopic,Trendelenburg,1
Malignant melanoma of thumb,Excision,Breast,Open,Supine,1
Mediastinal tumor ,Thymectomy,Others,Open,Supine,1
Rectal cancer ,Ultralow anterior resection,Colorectal,Open,Supine,1
"Colon cancer, descending",Extended hemicolectomy,Colorectal,Videoscopic,Lithotomy,1
Pelvic mass ,Exploratory laparotomy,Others,Open,Lithotomy,1
Liver transplant status,Lung wedge resection,Minor resection,Videoscopic,Left lateral decubitus,1
Liposarcoma,Orchiectomy,Colorectal,Open,Supine,1
Diverticulitis of large intestine with perforation and abscess without bleeding,Ileostomy repair,Colorectal,Open,Supine,1
Lung cancer left,Lung wedge resection,Minor resection,Open,Left lateral decubitus,1
Mechanical ileus,Exploratory laparotomy,Others,Open,Supine,1
Ductal carcinoma in situ of breast unspecified side,Total mastectomy,Breast,Open,Supine,1
Rectal cancer ,Hemicolectomy,Colorectal,Open,Supine,1
"Gastric submucosal tumor, benign",Gastrojejunostomy,Stomach,Videoscopic,Supine,1
Intraductal papilloma,Wide excision,Others,Open,Supine,1
Gastrointestinal stromal tumor,Total gastrectomy,Stomach,Open,Supine,1
Hematemesis,Exploratory laparotomy,Others,Open,Supine,1
"Colon cancer, descending",Hemicolectomy,Colorectal,Videoscopic,Lithotomy,1
Stab wound of abdomen,Exploratory laparotomy,Others,Open,Supine,1
"Rectocele, female",Rrectocele repair,Colorectal,Open,Prone,1
Intestinal obstruction,Exploratory laparotomy,Others,Open,Supine,1
Advanced gastric cancer,Bleeding control,Others,Open,Supine,1
Primary hyperparathyroidism ,Subtotal parathyroidectomy,Thyroid,Open,Supine,1
Multiple myeloma ,Excision,Others,Open,Supine,1
Gallbladder sludge,Cholecystectomy,Biliary/Pancreas,Videoscopic,Reverse Trendelenburg,1
Metastatic cancer to the liver,Liver segmentectomy,Hepatic,Videoscopic,Supine,1
Alcoholic hepatitis with ascites,Liver transplantation,Transplantation,Open,Supine,1
Mediastinal mass ,Thymectomy,Others,Robotic,Supine,1
Colorectal cancer,Low anterior resection,Colorectal,Videoscopic,Lithotomy,1
Squamous cell carcinoma of lung right,Lung wedge resection,Minor resection,Videoscopic,Right lateral decubitus,1
Gallstone pancreatitis,Cholecystectomy,Biliary/Pancreas,Videoscopic,Supine,1
Dedifferentiated liposarcoma,Exploratory laparotomy,Others,Open,Supine,1
Catheter related infection,Kidney transplantation,Transplantation,Open,Supine,1
Intrahepatic duct stone with obstruction,Liver sectionectomy,Hepatic,Videoscopic,Supine,1
Colostomy status,Colostomy repair,Colorectal,Open,Lithotomy,1
Ovarian cancer Unspecified side,Exploratory laparotomy,Others,Open,Lithotomy,1
Malignant mesothelioma,Exploratory laparotomy,Others,Open,Lithotomy,1
"Premature rupture of membranes, onset of labor within 24 hours early preterm (less than 34 weeks)",Cesarean section,Others,Open,Supine,1
Nontuberculous mycobacterial infection,Pneumonectomy,Major resection,Open,Right lateral decubitus,1
Anastomosis site stricture,Anterior resection,Colorectal,Open,Lithotomy,1
Colorectal cancer ,Low anterior resection,Colorectal,Videoscopic,Lithotomy,1
Disorder of kidney and ureter ,Nephrectomy,Major resection,Open,Right kidney,1
Invasive bladder cancer,Radical cystectomy,Major resection,Robotic,Lithotomy,1
"Lung sequestration, congenital",Lung lobectomy,Major resection,Videoscopic,Left lateral decubitus,1
Undifferentiated pleomorphic sarcoma of unspecified site ,Excision,Biliary/Pancreas,Open,Supine,1
Giant bullae of lung ,Bullectomy,Minor resection,Videoscopic,Left lateral decubitus,1
Autosomal dominant polycystic kidney disease,Kidney transplantation,Transplantation,Open,Supine,1
Metastatic cancer to the pleura,Excision,Others,Videoscopic,Left lateral decubitus,1
Hemoptysis ,Lung bilobectomy,Major resection,Open,Left lateral decubitus,1
Rectal cancer ,Transanal endoscopic microsurgery,Colorectal,Open,Lithotomy,1
Anal canal cancer ,Excision,Others,Open,Supine,1
Mediastinal mass ,Biopsy,Others,Videoscopic,Supine,1
Hepatocellular carcinoma ,Liver tumorectomy,Hepatic,Open,Lithotomy,1
Lymph node metastasis,Mediastinal lymph node dissection,Others,Videoscopic,Left lateral decubitus,1
"Colon cancer, transverse",Hemicolectomy,Colorectal,Videoscopic,Supine,1
Acute appendicitis with localized peritonitis,Appendectomy,Colorectal,Open,Supine,1
Colon cancer ,Segmental resection of colon,Colorectal,Open,Lithotomy,1
Islet cell adenoma,Partial pancreatectomy,Biliary/Pancreas,Open,Supine,1
Diffuse large B-cell lymphoma ,Excision,Others,Videoscopic,Supine,1
Breast disease,Wide excision,Others,Open,Supine,1
Giant bullae of lung,Bullectomy,Minor resection,Videoscopic,Left lateral decubitus,1
Costochondritis ,Wound revision,Others,Open,Supine,1
Duodenal cancer,Excision,Stomach,Open,Supine,1
Adrenal incidentaloma,Adrenalectomy,Others,Videoscopic,Right lateral decubitus,1
Lymph node metastasis,Excision,Others,Open,Supine,1
Breast cancer unspecified side,Lung wedge resection,Minor resection,Videoscopic,Right lateral decubitus,1
Surgical wound infection,Debridement of wound,Others,Open,Supine,1
Hepatocellular carcinoma ,Extended hemihepatectomy,Hepatic,Open,Supine,1
Twin pregnancy,Cesarean section,Others,Open,Lithotomy,1
Endometrial cancer unknown stage ,Pelvic tumorectomy,Major resection,Robotic,Lithotomy,1
Twin pregnancy,Modified Shirodkar operation,Others,Open,Supine,1
"Cervical cancer, stage 1A1",Pelvic tumorectomy,Major resection,Robotic,Lithotomy,1
Long QT Syndrome ,Thoracic sympathectomy,Others,Videoscopic,Supine,1
Undifferentiated pleomorphic sarcoma of lower limb,Metastasectomy,Minor resection,Videoscopic,Right lateral decubitus,1
Colon perforation,Hartmann procedure,Colorectal,Open,Supine,1
Aortic dissection thoracoabdominal aorta,Hernia repair,Colorectal,Open,Supine,1
Rectal fistula,Hartmann procedure,Colorectal,Open,Supine,1
Synovial sarcoma,Metastasectomy,Minor resection,Videoscopic,Left lateral decubitus,1
Adhesive ileus ,Adhesiolysis,Others,Open,Supine,1
Lung cancer left,Bleeding control,Others,Open,Right lateral decubitus,1
Diaphragmatic paralysis ,Plication,Others,Videoscopic,Supine,1
Malignant neoplasm of colorectum,Cecectomy,Colorectal,Open,Supine,1
"Thymoma, type AB",Excision,Others,Open,Right lateral decubitus,1
Constipation,Ultralow anterior resection,Colorectal,Open,Lithotomy,1
"Abnormal chest CT, lung nodule",Lung segmentectomy,Minor resection,Videoscopic,Right lateral decubitus,1
End stage renal disease ,Removal of permanent catheter,Vascular,Open,Supine,1
Mediastinal tumor,Thymectomy,Others,Robotic,Supine,1
Hyperoxaluria,Bleeding control,Others,Open,Supine,1
Rectal cancer ,Low anterior resection,Colorectal,Open,Supine,1
Metastatic cancer to the lung right,Exploration of wound,Others,Open,Left lateral decubitus,1
Parastomal hernia ,Hernia repair,Colorectal,Open,Supine,1
Acute cholecystitis,Cholecystectomy,Biliary/Pancreas,Open,Supine,1
Invasive bladder cancer,Transurethral resection of bladder tumor,Minor resection,Videoscopic,Lithotomy,1
"Advanced gastric cancer, adenocarcinoma",Diagnostic laparoscopy,Others,Videoscopic,Reverse Trendelenburg,1
Benign lipomatous neoplasm of other sites,Excision,Others,Open,Prone,1
"Renal transplant rejection, acute",Nephrectomy,Vascular,Open,Supine,1
Premature rupture of membrane early preterm (less than 34 weeks),Cesarean section,Others,Open,Supine,1
Rectal cancer,Adhesiolysis,Others,Open,Supine,1
Hemorrhoids,Hemorrhoidectomy,Colorectal,Open,Supine,1
"Gastrointestinal stromal tumor of small intestine, malignant",Debulking surgery,Others,Open,Lithotomy,1
Coronary atherosclerosis,Anal fistulotomy,Colorectal,Open,Prone,1
Rectal cancer,Transanal excision,Colorectal,Open,Lithotomy,1
"Colon cancer, ascending",Ileostomy,Colorectal,Open,Supine,1
"Gastrointestinal stromal tumor, malignant",Small bowel segmental resection,Stomach,Open,Supine,1
Rectal cancer,Total hysterectomy,Colorectal,Open,Lithotomy,1
rectal prolapse,Hartmann procedure,Colorectal,Open,Supine,1
Pleural effusion ,Decortication,Others,Videoscopic,Left lateral decubitus,1
Metastatic cancer to the pelvis,Ileostomy,Colorectal,Open,Supine,1
Rectal cancer,Excision,Colorectal,Open,Lithotomy,1
Colon cancer,Ultralow anterior resection,Colorectal,Open,Lithotomy,1
Bronchoesophageal fistula,Rigid bronchoscopy,Others,Videoscopic,Supine,1
Arteriovenous fistula malfunction,Closure of arteriovenous fistula,Vascular,Open,Supine,1
Acalculous cholecystitis,Cholecystectomy,Biliary/Pancreas,Videoscopic,Supine,1
"Papillary transitional cell carcinoma, non-invasive",Metastasectomy,Minor resection,Videoscopic,Left lateral decubitus,1
Hydronephrosis,Pyeloplasty,Minor resection,Robotic,Right lateral decubitus,1
Idiopathic pulmonary fibrosis,Exploration of wound,Others,Open,Supine,1
Mediastinal mass ,Excision,Others,Open,Supine,1
Rectal cancer,Exploratory laparotomy,Others,Open,Supine,1
Lymph node enlargement,Paraaortic lymph node dissection,Others,Videoscopic,Lithotomy,1
Arteriovenous graft infection,Transposition of basilic vein for arteriovenous fistula,Vascular,Open,Supine,1
"Colon cancer, sigmoid",Lung wedge resection,Minor resection,Videoscopic,Left lateral decubitus,1
Remnant stomach cancer unspecified,Distal gastrectomy,Stomach,Videoscopic,Supine,1
"Common bile duct cancer, distal",Pylorus preserving pancreaticoduodenectomy,Biliary/Pancreas,Robotic,Reverse Trendelenburg,1
"Embolism and thrombosis, lower limb artery",Embolectomy,Vascular,Open,Supine,1
Perianal abscess,Incision and drainage,Colorectal,Open,Prone,1
Radiocontrast media hypersensitivity,Exploratory laparotomy,Others,Open,Lithotomy,1
Ankylosing spondylitis site unspecified,Lung lobectomy,Major resection,Open,Right lateral decubitus,1
Adrenal Cushing syndrome ,Adrenalectomy,Others,Videoscopic,Left lateral decubitus,1
Intraductal carcinoma in situ of breast left,Breast-conserving surgery,Breast,Open,Supine,1
Ampulla of vater adenoma ,Ampullectomy,Biliary/Pancreas,Open,Supine,1
Esophageal leiomyoma,Enucleation of esophageal tumor,Others,Open,Left lateral decubitus,1
Gastroesophageal reflux disease,Fundoplication,Others,Videoscopic,Lithotomy,1
Triplet pregnancy,Cesarean section,Others,Open,Supine,1
Metastatic cancer to the liver ,Liver segmentectomy,Hepatic,Open,Lithotomy,1
Appendiceal cancer ,Hemicolectomy,Colorectal,Open,Supine,1
"Colon cancer, ascending",Exploratory laparotomy,Others,Open,Right lateral decubitus,1
Melanoma in situ of other sites,Pelvic tumorectomy,Others,Robotic,Lithotomy,1
Atherosclerosis obliterans without gangrene,Aortofemoral bypass,Vascular,Open,Supine,1
Peritonei carcinomatosis ,Biopsy,Others,Videoscopic,Supine,1
Mediastinitis,Closure of wound,Others,Open,Supine,1
Lymph node enlargement,Mediastinal lymph node dissection,Others,Open,Right lateral decubitus,1
Prostate cancer,Radical prostatectomy,Major resection,Robotic,Trendelenburg,1
Rectal cancer ,Transverse loop colostomy,Colorectal,Open,Supine,1
Neuroendocrine carcinoma of pancreas,Total pancreatectomy,Biliary/Pancreas,Open,Supine,1
Lung cancer unspecified side,Biopsy,Minor resection,Videoscopic,Left lateral decubitus,1
"Intraductal papillary mucinous neoplasm of pancreas, malignant",Subtotal pancreatectomy,Biliary/Pancreas,Open,Supine,1
Postoperative infection,Exploratory laparotomy,Others,Open,Lithotomy,1
"Insulinoma, uncertain behavior",Spleen preserving distal pancreatectomy,Biliary/Pancreas,Videoscopic,Supine,1
"Perforation of small intestine, traumatic with open wound into peritoneal cavity",Exploratory laparotomy,Others,Open,Lithotomy,1
"Abnormal chest CT, lung",Metastasectomy,Minor resection,Videoscopic,Right lateral decubitus,1
Pancreatic cancer,Lung wedge resection,Minor resection,Videoscopic,Right lateral decubitus,1
"Colon cancer, rectosigmoid",Transanal endoscopic microsurgery,Colorectal,Open,Lithotomy,1
Pancreatic tail cancer,Distal pancreatectomy,Biliary/Pancreas,Open,Supine,1
Xanthogranulomatous cholecystitis,Hemicolectomy,Colorectal,Open,Supine,1
Ovarian cyst,Staging laparotomy,Minor resection,Open,Supine,1
Leiomyosarcoma ,Exploratory laparotomy,Major resection,Open,Lithotomy,1
Mucinous adenocarcinoma of colon,Transanal excision,Colorectal,Open,Prone,1
"Colon cancer, ascending",Transanal excision,Colorectal,Open,Supine,1
Pontine hemorrhage,Diagnostic laparoscopy,Others,Videoscopic,Supine,1
Non-small cell lung cancer left,Lung sgmentectomy,Minor resection,Videoscopic,Right lateral decubitus,1
Infiltrating lobular carcinoma of breast unspecified side,Hemihepatectomy,Hepatic,Open,Supine,1
Nontuberculous mycobacterial infection,Lung lobectomy,Major resection,Open,Left lateral decubitus,1
Colostomy status,Colostomy repair,Colorectal,Open,Supine,1
Benign neoplasm of breast left,Excision,Breast,Open,Supine,1
Colonic pseudoobstruction ,Total colectomy,Colorectal,Open,Lithotomy,1
Ingrowing nail,Metastasectomy,Minor resection,Videoscopic,Left lateral decubitus,1
Neurogenic tumor,Excision,Others,Open,Left lateral decubitus,1
Endometrial cancer unknown stage,Extended hysterectomy,Major resection,Robotic,Trendelenburg,1
Neuroendocrine carcinoma of duodenum,Pancreaticoduodenectomy,Biliary/Pancreas,Open,Supine,1
Colonic adenoma ,Transanal endoscopic microsurgery,Colorectal,Open,Lithotomy,1
Chronic pancreatitis,Pancreaticojejunostomy,Biliary/Pancreas,Open,Supine,1
Duodenal obstruction ,Gastrojejunostomy,Stomach,Videoscopic,Supine,1
Esophageal cancer ,Excision,Minor resection,Videoscopic,Left lateral decubitus,1
Pleural empyema ,Thoracoplasty,Others,Open,Left lateral decubitus,1
External hemorrhoids without complication,Hemorrhoidectomy,Colorectal,Open,Prone,1
Malignant thymoma ,Thymectomy,Others,Robotic,Supine,1
hepatitis b related liver cirrhosis,Liver transplantation,Transplantation,Open,Supine,1
Colorectal polyp,Anterior resection,Colorectal,Open,Lithotomy,1
gallbladder stone ,Cholecystectomy,Biliary/Pancreas,Videoscopic,Supine,1
Mucinous carcinoma of breast right,Biopsy,Breast,Open,Supine,1
Abnormal finding on lung imaging ,Lung wedge resection,Minor resection,Videoscopic,Supine,1
Colorectal cancer,Exploratory laparotomy,Others,Open,Lithotomy,1
Pericardial cyst,Excision,Others,Videoscopic,Left lateral decubitus,1
Adrenal Cushing syndrome,Adrenalectomy,Others,Videoscopic,Left lateral decubitus,1
Fallopian tubal cancer unknown stage,Staging laparotomy,Minor resection,Open,Lithotomy,1
Varicose vein of lower limb,Varicocelectomy,Colorectal,Open,Supine,1
Pancreatic cancer ,Metastasectomy,Minor resection,Videoscopic,Left lateral decubitus,1
"Colon cancer, sigmoid",Ileostomy,Colorectal,Open,Supine,1
Thyroid nodule,Hemihepatectomy,Hepatic,Open,Supine,1
Peritonitis ,Diagnostic laparoscopy,Others,Videoscopic,Lithotomy,1
End stage renal disease,Revision of arteriovenous fistula,Vascular,Open,Supine,1
Benign neoplasm of coccyx,Excision,Others,Open,Prone,1
Bile duct stone with cholangitis,Hemihepatectomy,Hepatic,Open,Supine,1
Adenomyomatosis of gallbladder,Cholecystectomy,Biliary/Pancreas,Robotic,Reverse Trendelenburg,1
Atherosclerosis obliterans with gangrene,Arteriovenous fistula thrombectomy,Vascular,Open,Supine,1
Xanthogranulomatous cholecystitis,Cholecystectomy,Biliary/Pancreas,Open,Supine,1
Abnormal electrocardiogram,Hernia repair,Colorectal,Open,Supine,1
Cecal cancer,Hartmann procedure,Colorectal,Open,Lithotomy,1
Renal cell carcinoma right,Metastasectomy,Minor resection,Videoscopic,Right lateral decubitus,1
"Intraductal papillary mucinous neoplasm of pancreas, moderate dysplasia",Pylorus preserving pancreaticoduodenectomy,Biliary/Pancreas,Open,Supine,1
Carcinoma in situ of anus,Transanal excision,Colorectal,Open,Prone,1
advanced gastric cancer,Remnant total gastrectomy,Stomach,Open,Supine,1
Breast cancer unspecified side,Biopsy,Minor resection,Videoscopic,Left lateral decubitus,1
Aspergilloma,Lung wedge resection,Minor resection,Videoscopic,Left lateral decubitus,1
Chronic renal failure,Kidney transplantation,Transplantation,Open,Supine,1
"Tubular adenoma, stomach",Distal gastrectomy,Stomach,Videoscopic,Supine,1
Recurrent / persistent endometrial cancer unknown stage,Lung wedge resection,Minor resection,Videoscopic,Right lateral decubitus,1
Cervical cancer unknown stage,Radical trachelectomy,Major resection,Robotic,Lithotomy,1
Idiopathic pulmonary fibrosis,Biopsy,Minor resection,Videoscopic,Left lateral decubitus,1
"Atypical endometrial hyperplasia, complex",Hysterectomy,Major resection,Robotic,Lithotomy,1
"Embolism and thrombosis, iliac artery",Resection of lower limb artery,Vascular,Open,Supine,1
Injury of popliteal artery,Incision and drainage,Vascular,Open,Supine,1
Esophageal cancer ,Feeding jejunostomy,Others,Open,Supine,1
"Intraductal papillary mucinous neoplasm of pancreas, non-invasive",Pylorus preserving pancreaticoduodenectomy,Biliary/Pancreas,Open,Supine,1
Pancreatic cancer,Gastrojejunostomy,Stomach,Open,Supine,1
Late latent syphilis,Cholecystectomy,Biliary/Pancreas,Videoscopic,Supine,1
Pneumothorax,Exploration,Others,Videoscopic,Right lateral decubitus,1
"Age-related macular degeneration, exudative",Hernia repair,Colorectal,Open,Supine,1
Liver transplantation ,Exploratory laparotomy,Others,Open,Supine,1
Testis rupture,Diagnostic procedure,Minor resection,Open,Supine,1
Metastatic cancer to the pancreas,Distal pancreatectomy,Biliary/Pancreas,Open,Supine,1
Rectal cancer,Low anterior resection,Colorectal,Robotic,Trendelenburg,1
Anal fistula,Incision and drainage,Colorectal,Open,Prone,1
Costochondritis,Total thyroidectomy,Thyroid,Open,Supine,1
"Neuroendocrine tumor of pancreas, G1",Excision,Biliary/Pancreas,Open,Supine,1
Aortic aneurysm rupture,Aortoiliac bypass,Vascular,Open,Supine,1
Panperitonitis,Hartmann procedure,Colorectal,Open,Supine,1
Hepatocellular carcinoma,Embolectomy,Vascular,Open,Supine,1
Endometrial cancer unknown stage,Extended hysterectomy,Major resection,Videoscopic,Lithotomy,1
Esophageal cancer ,Ivor Lewis operation,Others,Robotic,Supine,1
choledochal cyst,Liver transplantation,Transplantation,Open,Supine,1
Pancreatic cancer,Total gastrectomy,Stomach,Open,Supine,1
"Epithelial ovarian cancer, stage 4 unspecified side",Debulking surgery,Major resection,Open,Lithotomy,1
Renal cell carcinoma left,Biopsy,Minor resection,Videoscopic,Right lateral decubitus,1
hyperthyroidism,Total thyroidectomy,Thyroid,Open,Supine,1
"Neuroendocrine tumor of duodenum, G1",Total gastrectomy,Stomach,Open,Supine,1
"Squamous cell carcinoma of skin, toe",Radical excision of iliac lymph nodes,Colorectal,Open,Supine,1
Leiomyomatosis ,Exploratory laparotomy,Others,Open,Supine,1
"Gastrointestinal stromal tumor, malignant",Excision,Stomach,Open,Lithotomy,1
"Colon cancer, rectosigmoid",Anterior resection,Colorectal,Videoscopic,Trendelenburg,1
Adhesive ileus,Ileostomy repair,Colorectal,Open,Supine,1
Colon disease,Hemicolectomy,Colorectal,Videoscopic,Lithotomy,1
"Neuroendocrine tumor of duodenum, G1",Excision,Stomach,Open,Supine,1
Myxofibrosarcoma ,Metastasectomy,Minor resection,Videoscopic,Left lateral decubitus,1
Lymphoma,Mediastinal lymph node dissection,Others,Videoscopic,Supine,1
Gallbladder stone without obstruction,Wound revision,Others,Open,Supine,1
Colonic polyp,Anterior resection,Colorectal,Open,Lithotomy,1
Esophageal cancer,Lung wedge resection,Minor resection,Videoscopic,Right lateral decubitus,1
Colorectal adenomatous polyp ,Transanal excision,Colorectal,Open,Prone,1
Hamartoma of lung left,Excision,Major resection,Videoscopic,Right lateral decubitus,1
Lung nodule,Lung wedge resection,Minor resection,Videoscopic,Right lateral decubitus,1
Common bile duct cancer ,Hepatic hilar resection,Hepatic,Open,Supine,1
Common bile duct cancer,Pylorus preserving pancreaticoduodenectomy,Biliary/Pancreas,Robotic,Supine,1
"Fournier's gangrene, male",Colostomy,Colorectal,Open,Supine,1
Intrahepatic duct stone with obstruction,Hemihepatectomy,Hepatic,Open,Supine,1
Antenatal care for normal pregnancy 34 weeks or more pregnant,Cesarean section,Others,Open,Supine,1
Thrombocytopenia,Splenectomy,Biliary/Pancreas,Videoscopic,Right lateral decubitus,1
Pleural disease,Excision,Others,Videoscopic,Right lateral decubitus,1
Pancreatic cancer,Spleen preserving distal pancreatectomy,Biliary/Pancreas,Videoscopic,Supine,1
Invasive thymoma,Thymectomy,Others,Robotic,Supine,1
Colon cancer ,Ileostomy,Colorectal,Open,Supine,1
Infiltrating lobular carcinoma of breast left,Simple mastectomy,Breast,Open,Supine,1
Prostate cancer,Radical prostatectomy,Major resection,Robotic,Supine,1
Colonic pseudoobstruction,Subtotal colectomy,Colorectal,Open,Supine,1
Neutropenic fever,Lung lobectomy,Major resection,Open,Right lateral decubitus,1
Mediastinal germ cell tumor ,Excision,Others,Open,Supine,1
Colorectal polyp,anterior resection,Colorectal,Open,Lithotomy,1
Common bile duct stone without obstruction,Incision and drainage,Others,Open,Supine,1
Endometrial cancer unknown stage,Pelvic tumorectomy,Major resection,Robotic,Lithotomy,1
Colorectal polyp ,Transanal endoscopic microsurgery,Colorectal,Open,Right lateral decubitus,1
Gynecomastia,Wound revision,Others,Open,Supine,1
Primary aldosteronism ,Adrenalectomy,Others,Videoscopic,Right lateral decubitus,1
Pleural empyema,Empyemectomy,Minor resection,Videoscopic,Right lateral decubitus,1
Solitary pulmonary nodule ,Biopsy,Minor resection,Videoscopic,Right lateral decubitus,1
Synovial sarcoma ,Metastasectomy,Minor resection,Open,Right lateral decubitus,1
Neurogenic tumor ,Excision,Others,Open,Left lateral decubitus,1
Pseudomyxoma peritonei,Exploratory laparotomy,Others,Open,Supine,1
Postoperative empyema ,Clagett procedure,Others,Open,Right lateral decubitus,1
Liposarcoma ,Exploratory laparotomy,Others,Open,Supine,1
Pleural empyema ,Decortication,Others,Open,Left lateral decubitus,1
Gastrointestinal stromal tumor of small intestine ,Resection of intestine,Stomach,Open,Lithotomy,1
"Subarachnoid hemorrhage, traumaticwithout open wound",Exploratory laparotomy,Others,Open,Supine,1
Hepatocellular carcinoma ,Bleeding control,Others,Open,Lithotomy,1
Liver cirrhosis with hepatitis C Child-Pugh C,Liver transplantation,Transplantation,Open,Supine,1
Pancreatic cancer ,Ileostomy,Colorectal,Open,Supine,1
Lung cancer,Lung lobectomy,Major resection,Videoscopic,Right lateral decubitus,1
Papillary thyroid carcinoma,Thyroid lobectomy,Thyroid,Videoscopic,Supine,1
Atherosclerosis obliterans of aorta without gangrene,Aortoiliac bypass,Vascular,Open,Supine,1
Early gastric cancer,Partial gastrectomy,Stomach,Open,Supine,1
Thyroid cancer,Modified radical neck dissection,Others,Open,Supine,1
Hemorrhoids,Sphincterotomy,Colorectal,Open,Supine,1
Rectal cancer ,Paraaortic lymph node dissection,Others,Open,Lithotomy,1
"Common bile duct cancer, distal",Exploratory laparotomy,Others,Open,Supine,1
Breast cancer left,Excision,Breast,Open,Supine,1
Hepatic failure without coma,Liver transplantation,Transplantation,Open,Supine,1
"Advanced gastric cancer, adenocarcinoma",Distal gastrectomy,Stomach,Videoscopic,Supine,1
thyroid nodule ,Thyroidectomy,Thyroid,Robotic,Supine,1
Epidermal cyst ,Wide excision,Others,Open,Supine,1
"Colon cancer, transverse",Hemicolectomy,Colorectal,Open,Lithotomy,1
"Intraductal papillary mucinous neoplasm of pancreas, benign",Partial pancreatectomy,Biliary/Pancreas,Open,Supine,1
Low back pain site unspecified,Excision,Others,Open,Prone,1
End stage kidney disease on dialysis ,Arteriovenous fistula,Vascular,Open,Supine,1
Pulmonary sclerosing hemangioma ,Lung wedge resection,Minor resection,Videoscopic,Left lateral decubitus,1
Venous insufficiency with swelling or pain,Ligation and stripping,Vascular,Open,Supine,1
Chronic pancreatitis,Spleen preserving distal pancreatectomy,Biliary/Pancreas,Videoscopic,Supine,1
Parathyroid disease,Thyroid lobectomy,Thyroid,Open,Supine,1
"Colon submucosal tumor, unknown behavior",Ultralow anterior resection,Colorectal,Videoscopic,Lithotomy,1
Common bile duct stone without obstruction,Choledochal cyst excision,Biliary/Pancreas,Robotic,Supine,1
Epithelial ovarian cancer unknown stage,Debulking surgery,Major resection,Open,Lithotomy,1
